Age,BMI,Cycle_Length,Age_of_Menarche,Dysmenorrhea_Score,Pelvic_Pain_Score,Dyspareunia_Score,Dyschezia_Score,Urinary_Symptoms_Score,Family_History,Infertility_Status,Mental_Health_Score
0.6261335761405067,0.11758620782784361,0.6132211976342689,0.8927360323896893,0.3250023554554625,1.2664424664592087,1.5654545208812343,-0.9696451747871635,1.5459039684996627,-0.6340606814605939,-0.5935192026789141,0.9192847463529197
0.3717111559290046,-1.1434443495746782,-0.1381219074924647,-1.458115929136813,1.2766930010058655,1.2664424664592087,-1.6197624705857465,1.269535435030616,1.2286653129487366,-0.6340606814605939,-0.5935192026789141,-1.2803369335207555
-0.3915561047055016,-1.7331539867026557,-0.1381219074924647,0.8927360323896893,-1.2611487204618759,1.2664424664592087,1.5654545208812343,-0.3298792862677979,-0.6747666203568196,-0.6340606814605939,-0.5935192026789141,-0.9661052649673734
-1.282034575445759,-1.4920322182635333,0.6132211976342689,-0.2826899483735619,0.3250023554554625,0.3077426432501181,0.29136772429444197,-1.2895281190468464,0.2769493462959585,1.5771361152633603,-0.5935192026789141,-0.9661052649673734
-0.9004009451285058,0.6133605118694097,0.3627734959253576,-0.2826899483735619,-1.5783789356453435,-1.6096570031680628,-0.6641973731456523,-0.9696451747871635,-0.35752796480589355,-0.6340606814605939,-0.5935192026789141,0.9192847463529197
-1.40924578555151,-0.17875450217398828,-1.3903604160370207,-0.2826899483735619,1.2766930010058655,-0.011823964486245425,-1.3012407714390484,-0.3298792862677979,1.5459039684996627,-0.6340606814605939,1.684865452518453,0.6050530777995375
-1.282034575445759,0.1360733889387125,1.3645643027610024,1.480449022771315,-0.9439185052784081,-1.2900903954316993,-0.9827190722923503,0.3098866022515677,0.5941880018468845,-0.6340606814605939,-0.5935192026789141,0.9192847463529197
1.643823256986515,-1.0440161920020212,0.11232579421644646,0.3050230420080638,1.593923216189333,-0.3313905722226089,-0.027153974852256096,-1.2895281190468464,-0.6747666203568196,-0.6340606814605939,1.684865452518453,-1.2803369335207555
-1.1548233653400077,0.923141409959225,-1.3903604160370207,-0.8704029387551875,0.9594627858223979,1.5860090741955721,-1.6197624705857465,-0.009996342008115089,-1.6264825870095976,1.5771361152633603,1.684865452518453,-0.9661052649673734
-0.7731897350227547,1.5694773629971293,1.6150120044699134,-1.458115929136813,0.007772140271994877,-1.6096570031680628,0.29136772429444197,1.589418379290299,-0.040289309254967536,-0.6340606814605939,-0.5935192026789141,-0.33764192786060904
0.7533447862462577,1.432066821232403,-1.1399127143281094,-0.2826899483735619,0.3250023554554625,-0.011823964486245425,-1.6197624705857465,-0.9696451747871635,0.5941880018468845,-0.6340606814605939,-0.5935192026789141,-1.2803369335207555
-1.282034575445759,-1.0163200309474922,-0.3885696092013759,-1.458115929136813,0.007772140271994877,0.3077426432501181,-0.34567567399895416,1.269535435030616,0.9114266573978106,1.5771361152633603,-0.5935192026789141,0.29082140924615535
0.3717111559290046,1.480391752390684,0.86366889934318,0.3050230420080638,-1.5783789356453435,-0.3313905722226089,0.29136772429444197,-0.6497622305274807,1.2286653129487366,-0.6340606814605939,1.684865452518453,0.29082140924615535
0.49892236603475565,0.5559566304687509,-0.1381219074924647,-0.2826899483735619,-1.5783789356453435,1.5860090741955721,-0.6641973731456523,-0.6497622305274807,-0.040289309254967536,1.5771361152633603,1.684865452518453,-0.9661052649673734
0.6261335761405067,1.2898500291763184,-1.6408081177459317,0.8927360323896893,1.593923216189333,0.3077426432501181,-0.6641973731456523,-0.9696451747871635,1.5459039684996627,-0.6340606814605939,-0.5935192026789141,-0.33764192786060904
-1.536456995657261,-1.6846804167814755,-1.3903604160370207,0.8927360323896893,-1.2611487204618759,-0.6509571799589724,0.29136772429444197,0.3098866022515677,0.2769493462959585,1.5771361152633603,1.684865452518453,-1.5945686020741379
-0.6459785249170037,-1.4961843863995743,-0.1381219074924647,0.3050230420080638,0.6422325706389302,-0.6509571799589724,-0.6641973731456523,0.6297695465112505,0.5941880018468845,-0.6340606814605939,1.684865452518453,1.5477480834596842
1.643823256986515,0.19936924483023188,0.86366889934318,1.480449022771315,0.6422325706389302,-0.3313905722226089,0.9284111225878381,-0.009996342008115089,-1.6264825870095976,-0.6340606814605939,-0.5935192026789141,-0.33764192786060904
-0.7731897350227547,-0.41372383633485893,-1.3903604160370207,0.3050230420080638,-1.2611487204618759,-1.2900903954316993,0.29136772429444197,-0.6497622305274807,-1.3092439314586717,-0.6340606814605939,-0.5935192026789141,0.6050530777995375
0.49892236603475565,-0.6762136618945592,-0.639017310910287,0.3050230420080638,1.2766930010058655,1.2664424664592087,-0.027153974852256096,0.6297695465112505,-0.6747666203568196,-0.6340606814605939,1.684865452518453,-1.2803369335207555
-0.6459785249170037,1.0787814595488239,-1.3903604160370207,1.480449022771315,1.2766930010058655,-0.9705237876953359,-0.027153974852256096,-1.609411063306529,1.2286653129487366,-0.6340606814605939,1.684865452518453,-0.33764192786060904
-0.7731897350227547,0.4481337889634242,-0.8894650126191982,-0.8704029387551875,0.9594627858223979,-1.6096570031680628,1.2469328217345361,0.9496524907709334,-1.3092439314586717,-0.6340606814605939,-0.5935192026789141,-0.9661052649673734
1.3894008367750128,1.2149141360381357,-0.639017310910287,-0.8704029387551875,1.593923216189333,0.9468758587228451,-0.6641973731456523,0.3098866022515677,-0.040289309254967536,-0.6340606814605939,-0.5935192026789141,-1.5945686020741379
-0.5187673148112526,1.1521806272115207,-0.8894650126191982,-0.2826899483735619,-1.2611487204618759,0.6273092509864816,1.2469328217345361,-1.609411063306529,-0.040289309254967536,-0.6340606814605939,1.684865452518453,-0.9661052649673734
-1.6636682057630119,-1.0426307768735472,-0.639017310910287,-0.8704029387551875,0.9594627858223979,1.2664424664592087,-0.9827190722923503,-1.609411063306529,0.2769493462959585,-0.6340606814605939,1.684865452518453,-0.33764192786060904
0.3717111559290046,1.6764923647066445,-1.1399127143281094,0.3050230420080638,1.2766930010058655,1.5860090741955721,-0.9827190722923503,-0.6497622305274807,-0.35752796480589355,1.5771361152633603,-0.5935192026789141,-0.023410259307226837
0.3717111559290046,-0.8144428510494339,0.11232579421644646,0.8927360323896893,1.593923216189333,-1.2900903954316993,1.5654545208812343,-0.3298792862677979,0.9114266573978106,-0.6340606814605939,-0.5935192026789141,-1.2803369335207555
0.6261335761405067,-0.3133529543278532,1.3645643027610024,0.3050230420080638,0.3250023554554625,0.9468758587228451,1.5654545208812343,0.3098866022515677,1.5459039684996627,-0.6340606814605939,-0.5935192026789141,-0.33764192786060904
-0.9004009451285058,-0.008230898016976301,-0.1381219074924647,-0.8704029387551875,0.9594627858223979,-0.3313905722226089,-0.027153974852256096,-0.009996342008115089,-0.040289309254967536,-0.6340606814605939,-0.5935192026789141,-0.9661052649673734
-0.3915561047055016,-0.5065218201144963,0.6132211976342689,-0.2826899483735619,0.9594627858223979,-0.3313905722226089,1.5654545208812343,-0.9696451747871635,-0.040289309254967536,-0.6340606814605939,1.684865452518453,-0.023410259307226837
-0.3915561047055016,-0.6940399941286498,-0.3885696092013759,1.480449022771315,0.9594627858223979,-0.6509571799589724,1.2469328217345361,-0.3298792862677979,1.5459039684996627,-0.6340606814605939,-0.5935192026789141,1.2335164149063018
1.643823256986515,0.6333821858608348,1.3645643027610024,1.480449022771315,-0.9439185052784081,1.5860090741955721,-0.34567567399895416,-0.9696451747871635,-0.040289309254967536,-0.6340606814605939,-0.5935192026789141,-0.9661052649673734
-0.7731897350227547,0.18735599710359802,1.3645643027610024,1.480449022771315,-0.6266882900949404,-0.3313905722226089,-0.9827190722923503,1.589418379290299,-1.6264825870095976,-0.6340606814605939,1.684865452518453,1.2335164149063018
-0.2643448945997506,1.022183200475062,0.11232579421644646,-0.8704029387551875,1.593923216189333,-0.011823964486245425,1.2469328217345361,-1.609411063306529,-0.35752796480589355,-0.6340606814605939,-0.5935192026789141,0.9192847463529197
-0.009922474388248505,-0.5397952044890914,0.86366889934318,-0.2826899483735619,1.2766930010058655,-0.3313905722226089,-0.34567567399895416,-0.3298792862677979,0.9114266573978106,1.5771361152633603,-0.5935192026789141,0.29082140924615535
-0.3915561047055016,-1.5925792132715348,-0.1381219074924647,-0.8704029387551875,-1.5783789356453435,-1.6096570031680628,-0.6641973731456523,1.589418379290299,-0.35752796480589355,1.5771361152633603,-0.5935192026789141,1.5477480834596842
0.7533447862462577,0.425215957919475,0.3627734959253576,1.480449022771315,-0.9439185052784081,-0.011823964486245425,1.2469328217345361,-1.609411063306529,0.5941880018468845,1.5771361152633603,1.684865452518453,0.9192847463529197
-0.009922474388248505,-1.5702634805540983,0.86366889934318,-1.458115929136813,-0.30945807491147276,1.2664424664592087,-1.6197624705857465,0.9496524907709334,-0.040289309254967536,1.5771361152633603,-0.5935192026789141,1.5477480834596842
1.2621896266692618,0.31495047216984506,-1.6408081177459317,-0.8704029387551875,-0.9439185052784081,-0.3313905722226089,-0.34567567399895416,1.589418379290299,1.5459039684996627,-0.6340606814605939,-0.5935192026789141,0.9192847463529197
0.3717111559290046,0.5551195979105079,0.3627734959253576,-0.8704029387551875,0.007772140271994877,-0.011823964486245425,1.5654545208812343,-0.6497622305274807,-1.6264825870095976,1.5771361152633603,1.684865452518453,-0.023410259307226837
-1.40924578555151,1.4217749981615397,-0.1381219074924647,-0.8704029387551875,1.593923216189333,0.9468758587228451,-0.9827190722923503,-1.609411063306529,-0.040289309254967536,-0.6340606814605939,-0.5935192026789141,-1.5945686020741379
-1.6636682057630119,1.5101514703127774,1.6150120044699134,-0.2826899483735619,1.2766930010058655,0.9468758587228451,-0.9827190722923503,-1.2895281190468464,-1.3092439314586717,-0.6340606814605939,-0.5935192026789141,1.5477480834596842
-1.282034575445759,1.4249824276973597,-0.8894650126191982,-0.2826899483735619,0.007772140271994877,1.5860090741955721,-0.6641973731456523,-0.9696451747871635,0.9114266573978106,1.5771361152633603,1.684865452518453,-0.33764192786060904
-1.0276121552342568,-0.6787677505646803,1.114116601052091,0.8927360323896893,-1.2611487204618759,-1.2900903954316993,0.60988942344114,-0.9696451747871635,0.9114266573978106,1.5771361152633603,1.684865452518453,0.6050530777995375
-1.282034575445759,0.5567197888573506,-1.6408081177459317,0.3050230420080638,-0.6266882900949404,0.6273092509864816,0.60988942344114,-1.2895281190468464,-0.040289309254967536,1.5771361152633603,-0.5935192026789141,0.29082140924615535
1.0077672064577599,-1.151043312864446,0.6132211976342689,-0.8704029387551875,0.007772140271994877,-1.2900903954316993,0.60988942344114,-0.6497622305274807,-1.6264825870095976,1.5771361152633603,-0.5935192026789141,-1.5945686020741379
1.3894008367750128,-0.40591336514770815,1.3645643027610024,0.3050230420080638,0.3250023554554625,0.3077426432501181,0.60988942344114,-0.9696451747871635,-0.040289309254967536,-0.6340606814605939,1.684865452518453,-0.023410259307226837
-0.9004009451285058,-1.327176873917395,0.6132211976342689,-1.458115929136813,0.3250023554554625,-0.6509571799589724,0.9284111225878381,-0.009996342008115089,0.5941880018468845,1.5771361152633603,-0.5935192026789141,0.29082140924615535
1.3894008367750128,-0.3623503587007957,-1.6408081177459317,-0.8704029387551875,-0.9439185052784081,0.6273092509864816,0.60988942344114,-0.6497622305274807,1.5459039684996627,-0.6340606814605939,-0.5935192026789141,-0.023410259307226837
0.7533447862462577,-1.681259381208824,-0.8894650126191982,0.3050230420080638,1.593923216189333,-0.011823964486245425,-0.6641973731456523,0.9496524907709334,-1.6264825870095976,1.5771361152633603,-0.5935192026789141,0.6050530777995375
1.3894008367750128,1.0791357485869093,1.3645643027610024,-1.458115929136813,-0.30945807491147276,-0.6509571799589724,0.9284111225878381,-0.6497622305274807,-0.9920052759077457,-0.6340606814605939,-0.5935192026789141,-0.023410259307226837
1.3894008367750128,0.9705305249410878,-1.1399127143281094,-0.8704029387551875,-1.2611487204618759,-1.2900903954316993,-0.027153974852256096,-0.009996342008115089,-0.040289309254967536,-0.6340606814605939,-0.5935192026789141,-0.023410259307226837
-1.536456995657261,-0.322321866480791,0.86366889934318,1.480449022771315,0.6422325706389302,0.6273092509864816,-0.9827190722923503,-0.9696451747871635,-0.6747666203568196,-0.6340606814605939,-0.5935192026789141,1.2335164149063018
1.516612046880764,1.5967258979463566,-1.1399127143281094,-0.2826899483735619,-0.30945807491147276,-0.011823964486245425,-0.34567567399895416,-0.6497622305274807,0.5941880018468845,1.5771361152633603,-0.5935192026789141,-1.2803369335207555
1.2621896266692618,-1.5533351601800085,0.86366889934318,1.480449022771315,0.9594627858223979,1.5860090741955721,-0.9827190722923503,1.589418379290299,-0.6747666203568196,-0.6340606814605939,-0.5935192026789141,-1.2803369335207555
1.2621896266692618,0.7272474978848728,1.6150120044699134,0.3050230420080638,0.6422325706389302,-1.6096570031680628,-1.6197624705857465,-0.9696451747871635,0.9114266573978106,-0.6340606814605939,-0.5935192026789141,-0.9661052649673734
0.7533447862462577,-1.438250431613445,1.6150120044699134,1.480449022771315,1.593923216189333,-1.6096570031680628,-0.6641973731456523,-0.3298792862677979,-1.6264825870095976,1.5771361152633603,-0.5935192026789141,1.5477480834596842
-0.6459785249170037,-1.1920778395418037,1.3645643027610024,0.8927360323896893,-1.5783789356453435,1.2664424664592087,-1.3012407714390484,1.269535435030616,-1.3092439314586717,1.5771361152633603,1.684865452518453,-0.6518735964139912
-1.1548233653400077,-1.0644029285654453,1.3645643027610024,-1.458115929136813,0.007772140271994877,0.9468758587228451,0.9284111225878381,-1.2895281190468464,-0.35752796480589355,1.5771361152633603,-0.5935192026789141,-0.6518735964139912
-0.7731897350227547,-1.4148475723621017,-1.6408081177459317,0.8927360323896893,0.9594627858223979,0.6273092509864816,-0.34567567399895416,1.269535435030616,1.2286653129487366,-0.6340606814605939,-0.5935192026789141,0.29082140924615535
1.516612046880764,-0.06550522111572817,0.86366889934318,-0.2826899483735619,0.007772140271994877,-0.9705237876953359,0.9284111225878381,-1.609411063306529,1.5459039684996627,-0.6340606814605939,1.684865452518453,-0.9661052649673734
-0.7731897350227547,1.1288467747932869,1.3645643027610024,-0.8704029387551875,0.3250023554554625,-0.9705237876953359,0.60988942344114,1.589418379290299,0.2769493462959585,1.5771361152633603,-0.5935192026789141,-0.9661052649673734
-1.282034575445759,-1.2653364594407,-0.3885696092013759,-0.2826899483735619,0.007772140271994877,-0.9705237876953359,-1.6197624705857465,0.6297695465112505,1.2286653129487366,1.5771361152633603,1.684865452518453,0.6050530777995375
-0.7731897350227547,0.7772512313891432,-0.1381219074924647,0.8927360323896893,0.3250023554554625,1.2664424664592087,-0.9827190722923503,1.589418379290299,-1.3092439314586717,1.5771361152633603,-0.5935192026789141,-0.9661052649673734
-0.009922474388248505,0.7394759909775751,1.6150120044699134,-0.2826899483735619,-0.30945807491147276,-0.9705237876953359,0.60988942344114,0.9496524907709334,0.2769493462959585,1.5771361152633603,-0.5935192026789141,0.6050530777995375
0.11728873571750253,0.3467836974235162,1.3645643027610024,-0.2826899483735619,0.9594627858223979,-0.6509571799589724,-0.027153974852256096,1.269535435030616,0.5941880018468845,-0.6340606814605939,-0.5935192026789141,0.29082140924615535
0.11728873571750253,1.6371460800917752,1.114116601052091,-1.458115929136813,1.2766930010058655,-0.3313905722226089,-1.6197624705857465,0.6297695465112505,1.5459039684996627,-0.6340606814605939,-0.5935192026789141,-0.6518735964139912
0.3717111559290046,-0.17646235335884955,-1.6408081177459317,1.480449022771315,0.9594627858223979,0.6273092509864816,-0.34567567399895416,0.9496524907709334,0.5941880018468845,-0.6340606814605939,-0.5935192026789141,0.29082140924615535
-0.009922474388248505,-0.6222980053457821,-0.8894650126191982,1.480449022771315,1.593923216189333,1.2664424664592087,-0.34567567399895416,0.6297695465112505,-0.040289309254967536,1.5771361152633603,-0.5935192026789141,1.5477480834596842
-1.40924578555151,-1.5812415348827487,-0.1381219074924647,1.480449022771315,1.593923216189333,-0.6509571799589724,0.60988942344114,1.269535435030616,1.5459039684996627,1.5771361152633603,-0.5935192026789141,-0.6518735964139912
1.1349784165635108,-1.0206509108195356,-1.6408081177459317,-1.458115929136813,-0.9439185052784081,-1.6096570031680628,-0.34567567399895416,-0.3298792862677979,-0.35752796480589355,-0.6340606814605939,-0.5935192026789141,1.2335164149063018
-1.282034575445759,-1.0831007521488467,-0.8894650126191982,-0.8704029387551875,0.007772140271994877,1.5860090741955721,-1.3012407714390484,-1.609411063306529,0.2769493462959585,-0.6340606814605939,-0.5935192026789141,-0.9661052649673734
-0.3915561047055016,-1.3699625837310665,0.86366889934318,-0.8704029387551875,-0.30945807491147276,-0.011823964486245425,-0.9827190722923503,0.3098866022515677,0.5941880018468845,1.5771361152633603,1.684865452518453,-0.9661052649673734
1.516612046880764,-0.18167973244973848,-1.1399127143281094,0.3050230420080638,-0.30945807491147276,-1.2900903954316993,0.9284111225878381,0.6297695465112505,0.2769493462959585,-0.6340606814605939,-0.5935192026789141,-0.6518735964139912
-1.536456995657261,-0.30139970025394014,1.3645643027610024,1.480449022771315,-1.5783789356453435,0.9468758587228451,-0.34567567399895416,1.269535435030616,0.2769493462959585,1.5771361152633603,-0.5935192026789141,-1.2803369335207555
-1.6636682057630119,-0.20783392606312243,-1.1399127143281094,-0.2826899483735619,-0.9439185052784081,-0.011823964486245425,-0.027153974852256096,-0.6497622305274807,0.2769493462959585,-0.6340606814605939,-0.5935192026789141,-0.6518735964139912
0.6261335761405067,-0.7266455428050225,-0.3885696092013759,0.8927360323896893,1.593923216189333,0.3077426432501181,0.9284111225878381,-1.609411063306529,-0.35752796480589355,1.5771361152633603,-0.5935192026789141,1.2335164149063018
1.643823256986515,-0.8152932791591481,-1.6408081177459317,-1.458115929136813,0.3250023554554625,1.5860090741955721,1.2469328217345361,-0.9696451747871635,-1.3092439314586717,-0.6340606814605939,1.684865452518453,1.2335164149063018
-0.2643448945997506,-1.2986442236057565,1.3645643027610024,0.3050230420080638,-0.30945807491147276,-1.6096570031680628,1.2469328217345361,-0.6497622305274807,0.9114266573978106,-0.6340606814605939,-0.5935192026789141,1.2335164149063018
-0.5187673148112526,-0.6496945955472564,-1.3903604160370207,0.8927360323896893,-0.6266882900949404,-0.3313905722226089,1.2469328217345361,-0.9696451747871635,0.2769493462959585,-0.6340606814605939,-0.5935192026789141,-1.5945686020741379
1.1349784165635108,-1.4037755518878752,0.3627734959253576,-0.8704029387551875,0.9594627858223979,0.6273092509864816,0.29136772429444197,-1.2895281190468464,-0.6747666203568196,-0.6340606814605939,-0.5935192026789141,-0.9661052649673734
0.11728873571750253,0.4122982327035506,-0.1381219074924647,1.480449022771315,1.2766930010058655,0.3077426432501181,1.2469328217345361,1.269535435030616,-0.6747666203568196,-0.6340606814605939,1.684865452518453,-0.023410259307226837
-0.3915561047055016,1.3955287007871904,0.3627734959253576,1.480449022771315,0.6422325706389302,-0.3313905722226089,-0.027153974852256096,-0.9696451747871635,0.5941880018468845,-0.6340606814605939,-0.5935192026789141,-0.023410259307226837
1.516612046880764,-0.8705755067869884,0.6132211976342689,0.8927360323896893,1.593923216189333,0.6273092509864816,-1.6197624705857465,0.6297695465112505,-0.9920052759077457,-0.6340606814605939,-0.5935192026789141,-1.5945686020741379
-1.536456995657261,-0.43481066695996756,1.3645643027610024,-1.458115929136813,0.9594627858223979,1.5860090741955721,-0.027153974852256096,0.3098866022515677,-1.6264825870095976,-0.6340606814605939,-0.5935192026789141,-0.6518735964139912
-1.1548233653400077,-0.41521976347295064,0.11232579421644646,-0.8704029387551875,1.593923216189333,0.3077426432501181,-0.027153974852256096,-1.609411063306529,0.9114266573978106,-0.6340606814605939,-0.5935192026789141,-1.2803369335207555
0.6261335761405067,-0.49531157904761364,0.86366889934318,-0.8704029387551875,-0.9439185052784081,-0.9705237876953359,-0.34567567399895416,1.589418379290299,1.2286653129487366,-0.6340606814605939,-0.5935192026789141,-0.023410259307226837
-0.2643448945997506,-0.9390431179522287,1.6150120044699134,-1.458115929136813,-1.2611487204618759,-0.6509571799589724,0.9284111225878381,0.6297695465112505,-0.040289309254967536,-0.6340606814605939,-0.5935192026789141,-1.5945686020741379
-0.13713368449399954,-0.1695901399576079,0.11232579421644646,-1.458115929136813,0.9594627858223979,0.9468758587228451,0.29136772429444197,-0.3298792862677979,1.2286653129487366,-0.6340606814605939,-0.5935192026789141,0.6050530777995375
1.1349784165635108,0.6397184921966564,1.6150120044699134,-1.458115929136813,0.007772140271994877,-1.6096570031680628,1.5654545208812343,-0.3298792862677979,0.2769493462959585,-0.6340606814605939,-0.5935192026789141,1.5477480834596842
-0.6459785249170037,0.23241493068001365,-1.1399127143281094,-0.2826899483735619,0.3250023554554625,0.3077426432501181,-0.6641973731456523,1.269535435030616,-0.6747666203568196,-0.6340606814605939,1.684865452518453,-0.33764192786060904
0.8805559963520088,1.1953921760439425,0.11232579421644646,-1.458115929136813,0.007772140271994877,0.6273092509864816,1.5654545208812343,-0.009996342008115089,1.2286653129487366,1.5771361152633603,-0.5935192026789141,-0.33764192786060904
-0.13713368449399954,1.2409390984786608,1.114116601052091,-0.8704029387551875,1.593923216189333,-0.9705237876953359,1.2469328217345361,-0.3298792862677979,0.9114266573978106,-0.6340606814605939,-0.5935192026789141,-0.6518735964139912
-1.6636682057630119,1.6636956872384951,1.6150120044699134,1.480449022771315,1.593923216189333,-0.011823964486245425,-0.6641973731456523,-0.009996342008115089,0.9114266573978106,-0.6340606814605939,-0.5935192026789141,0.6050530777995375
-0.009922474388248505,-1.144610947804367,0.6132211976342689,-0.8704029387551875,0.3250023554554625,0.3077426432501181,-0.9827190722923503,-0.009996342008115089,-0.040289309254967536,1.5771361152633603,-0.5935192026789141,-0.33764192786060904
-0.5187673148112526,1.6256713863149088,-0.8894650126191982,-0.8704029387551875,1.2766930010058655,-0.6509571799589724,1.2469328217345361,0.3098866022515677,-0.6747666203568196,-0.6340606814605939,-0.5935192026789141,-0.6518735964139912
-1.6636682057630119,0.2838727847542475,0.86366889934318,-0.8704029387551875,1.593923216189333,-1.2900903954316993,0.60988942344114,0.3098866022515677,0.2769493462959585,-0.6340606814605939,-0.5935192026789141,0.29082140924615535
1.1349784165635108,0.4592445711800475,1.114116601052091,1.480449022771315,-0.6266882900949404,-0.011823964486245425,-0.6641973731456523,0.3098866022515677,-0.6747666203568196,1.5771361152633603,1.684865452518453,-1.2803369335207555
-0.6459785249170037,0.5949889851755692,-0.3885696092013759,-1.458115929136813,1.2766930010058655,-1.2900903954316993,1.5654545208812343,1.589418379290299,0.2769493462959585,-0.6340606814605939,-0.5935192026789141,1.5477480834596842
-1.6636682057630119,0.7281707989893192,0.6132211976342689,1.480449022771315,0.9594627858223979,-0.9705237876953359,1.2469328217345361,-0.3298792862677979,0.2769493462959585,-0.6340606814605939,-0.5935192026789141,1.5477480834596842
0.7533447862462577,0.5247266031118893,-0.639017310910287,-0.2826899483735619,0.007772140271994877,1.2664424664592087,1.5654545208812343,1.589418379290299,0.2769493462959585,-0.6340606814605939,-0.5935192026789141,-0.33764192786060904
1.2621896266692618,0.15741001904764398,0.3627734959253576,-0.2826899483735619,-0.9439185052784081,-1.6096570031680628,0.60988942344114,-0.9696451747871635,0.9114266573978106,-0.6340606814605939,-0.5935192026789141,0.6050530777995375
-0.2643448945997506,1.5719992816131017,-0.1381219074924647,-0.2826899483735619,0.9594627858223979,-0.3313905722226089,-0.9827190722923503,0.3098866022515677,-0.9920052759077457,1.5771361152633603,-0.5935192026789141,-0.9661052649673734
0.6261335761405067,-1.5954559174950256,-1.6408081177459317,-0.8704029387551875,-1.2611487204618759,1.2664424664592087,0.29136772429444197,1.589418379290299,-0.6747666203568196,-0.6340606814605939,-0.5935192026789141,1.5477480834596842
0.7533447862462577,0.935173895278992,-1.6408081177459317,-1.458115929136813,-0.6266882900949404,0.9468758587228451,-1.3012407714390484,0.3098866022515677,1.2286653129487366,-0.6340606814605939,-0.5935192026789141,1.5477480834596842
-1.40924578555151,-0.8413878273237635,-0.639017310910287,-0.8704029387551875,-1.5783789356453435,-1.2900903954316993,-0.6641973731456523,-0.6497622305274807,0.5941880018468845,-0.6340606814605939,1.684865452518453,-1.5945686020741379
1.1349784165635108,0.6051872541991682,0.11232579421644646,1.480449022771315,-1.2611487204618759,-0.011823964486245425,1.5654545208812343,-0.3298792862677979,-1.6264825870095976,-0.6340606814605939,-0.5935192026789141,-1.5945686020741379
-0.6459785249170037,0.18333301360005655,1.6150120044699134,0.8927360323896893,1.2766930010058655,0.9468758587228451,-1.6197624705857465,1.589418379290299,-0.040289309254967536,-0.6340606814605939,-0.5935192026789141,-1.2803369335207555
1.1349784165635108,0.2403937857137834,-0.1381219074924647,1.480449022771315,0.9594627858223979,-0.3313905722226089,-0.34567567399895416,0.9496524907709334,-0.6747666203568196,-0.6340606814605939,-0.5935192026789141,0.6050530777995375
-1.40924578555151,-1.6031605726307154,-1.6408081177459317,0.3050230420080638,0.6422325706389302,-0.6509571799589724,-0.34567567399895416,0.6297695465112505,0.2769493462959585,-0.6340606814605939,-0.5935192026789141,-1.5945686020741379
-1.6636682057630119,-0.8084920408560824,1.3645643027610024,-0.8704029387551875,-1.5783789356453435,0.9468758587228451,-0.6641973731456523,0.9496524907709334,0.9114266573978106,-0.6340606814605939,1.684865452518453,-1.5945686020741379
-1.282034575445759,-0.6431268227003917,0.11232579421644646,-1.458115929136813,0.9594627858223979,-0.011823964486245425,0.9284111225878381,-0.6497622305274807,0.2769493462959585,-0.6340606814605939,-0.5935192026789141,1.5477480834596842
0.7533447862462577,0.24358103500451236,0.3627734959253576,0.3050230420080638,0.9594627858223979,-0.9705237876953359,0.9284111225878381,0.9496524907709334,0.9114266573978106,-0.6340606814605939,1.684865452518453,0.9192847463529197
-0.6459785249170037,0.34832027260806153,-0.1381219074924647,-0.8704029387551875,0.007772140271994877,1.2664424664592087,-1.3012407714390484,-1.609411063306529,-0.6747666203568196,1.5771361152633603,1.684865452518453,1.5477480834596842
1.3894008367750128,-1.4226026543677164,0.3627734959253576,0.3050230420080638,-1.5783789356453435,-1.2900903954316993,-1.3012407714390484,-0.3298792862677979,-0.9920052759077457,-0.6340606814605939,-0.5935192026789141,-0.9661052649673734
1.643823256986515,1.469342802971144,0.6132211976342689,-0.2826899483735619,0.007772140271994877,-1.2900903954316993,0.29136772429444197,-1.2895281190468464,0.2769493462959585,1.5771361152633603,-0.5935192026789141,-0.6518735964139912
1.0077672064577599,-1.1112142529932685,-1.1399127143281094,0.8927360323896893,1.593923216189333,0.9468758587228451,-0.6641973731456523,-0.9696451747871635,0.9114266573978106,1.5771361152633603,-0.5935192026789141,0.9192847463529197
-1.1548233653400077,1.659622921148518,-0.1381219074924647,-0.2826899483735619,0.3250023554554625,-0.3313905722226089,-0.34567567399895416,0.6297695465112505,1.2286653129487366,1.5771361152633603,-0.5935192026789141,-1.5945686020741379
1.2621896266692618,1.1329710488392835,-0.3885696092013759,1.480449022771315,1.593923216189333,0.3077426432501181,-0.027153974852256096,0.9496524907709334,1.2286653129487366,-0.6340606814605939,-0.5935192026789141,-1.5945686020741379
1.1349784165635108,0.5140987376793043,0.6132211976342689,-0.8704029387551875,0.3250023554554625,-1.2900903954316993,-0.9827190722923503,1.589418379290299,-0.9920052759077457,1.5771361152633603,-0.5935192026789141,1.2335164149063018
-1.0276121552342568,1.6847211394788586,0.3627734959253576,0.8927360323896893,1.2766930010058655,-0.011823964486245425,-0.027153974852256096,-0.3298792862677979,-1.3092439314586717,-0.6340606814605939,-0.5935192026789141,-0.023410259307226837
0.3717111559290046,-0.8287505424998952,-1.1399127143281094,-0.8704029387551875,1.2766930010058655,-0.3313905722226089,-0.34567567399895416,-0.9696451747871635,0.2769493462959585,1.5771361152633603,-0.5935192026789141,-0.9661052649673734
-1.6636682057630119,-1.106189703135688,-0.1381219074924647,-0.8704029387551875,-1.2611487204618759,-0.3313905722226089,1.5654545208812343,1.269535435030616,-0.040289309254967536,-0.6340606814605939,-0.5935192026789141,-1.5945686020741379
-0.7731897350227547,-1.4305000086835995,-0.1381219074924647,-1.458115929136813,-1.2611487204618759,0.3077426432501181,-0.34567567399895416,-0.009996342008115089,0.5941880018468845,-0.6340606814605939,-0.5935192026789141,-1.5945686020741379
-1.40924578555151,1.639232666960807,-0.8894650126191982,0.8927360323896893,-1.5783789356453435,0.3077426432501181,-0.9827190722923503,1.589418379290299,0.9114266573978106,1.5771361152633603,-0.5935192026789141,-0.023410259307226837
-0.3915561047055016,-0.3634742716931075,-1.1399127143281094,0.3050230420080638,-0.9439185052784081,-1.2900903954316993,0.29136772429444197,0.6297695465112505,1.5459039684996627,-0.6340606814605939,-0.5935192026789141,0.29082140924615535
-0.6459785249170037,0.2955813928100449,0.3627734959253576,0.3050230420080638,-0.30945807491147276,-0.011823964486245425,0.9284111225878381,-0.009996342008115089,0.2769493462959585,-0.6340606814605939,-0.5935192026789141,0.9192847463529197
0.7533447862462577,-1.02485281269843,1.3645643027610024,0.3050230420080638,1.593923216189333,-0.3313905722226089,0.60988942344114,-0.3298792862677979,0.2769493462959585,1.5771361152633603,-0.5935192026789141,0.6050530777995375
0.11728873571750253,-0.5203113081822937,-0.1381219074924647,0.8927360323896893,0.007772140271994877,0.9468758587228451,1.5654545208812343,0.6297695465112505,-1.3092439314586717,-0.6340606814605939,1.684865452518453,-0.023410259307226837
-1.40924578555151,0.9819496856880896,-1.1399127143281094,0.8927360323896893,-1.2611487204618759,-0.9705237876953359,1.5654545208812343,0.9496524907709334,1.2286653129487366,1.5771361152633603,-0.5935192026789141,-0.33764192786060904
1.2621896266692618,1.3366061514243457,0.3627734959253576,0.8927360323896893,-1.2611487204618759,-0.9705237876953359,-0.34567567399895416,0.9496524907709334,-0.9920052759077457,-0.6340606814605939,1.684865452518453,-1.5945686020741379
-0.2643448945997506,-0.8140446512483778,1.114116601052091,0.8927360323896893,0.3250023554554625,-0.9705237876953359,-0.34567567399895416,-1.2895281190468464,0.9114266573978106,1.5771361152633603,-0.5935192026789141,-1.2803369335207555
1.0077672064577599,-1.1920625425400584,-1.6408081177459317,1.480449022771315,0.007772140271994877,0.9468758587228451,0.60988942344114,-0.6497622305274807,0.9114266573978106,-0.6340606814605939,1.684865452518453,-0.6518735964139912
-0.5187673148112526,1.151253131979459,-0.3885696092013759,1.480449022771315,1.593923216189333,-0.6509571799589724,-0.34567567399895416,0.6297695465112505,0.5941880018468845,1.5771361152633603,1.684865452518453,0.6050530777995375
-0.7731897350227547,1.3633037029283444,-1.3903604160370207,-1.458115929136813,1.2766930010058655,-1.2900903954316993,0.9284111225878381,-0.6497622305274807,-0.35752796480589355,1.5771361152633603,-0.5935192026789141,1.5477480834596842
1.516612046880764,-0.1667250739745271,-0.639017310910287,1.480449022771315,-1.5783789356453435,-0.9705237876953359,1.5654545208812343,-1.2895281190468464,0.9114266573978106,-0.6340606814605939,-0.5935192026789141,0.6050530777995375
0.8805559963520088,-1.126955266023068,-1.6408081177459317,1.480449022771315,0.9594627858223979,1.2664424664592087,1.5654545208812343,0.9496524907709334,-0.9920052759077457,1.5771361152633603,-0.5935192026789141,0.9192847463529197
-0.2643448945997506,-0.7070422435435698,-1.6408081177459317,0.3050230420080638,0.9594627858223979,0.6273092509864816,-0.6641973731456523,-0.9696451747871635,-0.9920052759077457,-0.6340606814605939,-0.5935192026789141,0.9192847463529197
1.2621896266692618,-0.829987717139891,-1.1399127143281094,-0.8704029387551875,0.3250023554554625,-0.6509571799589724,-0.027153974852256096,-1.2895281190468464,0.9114266573978106,-0.6340606814605939,1.684865452518453,-0.6518735964139912
0.6261335761405067,-1.7393337136045806,1.6150120044699134,1.480449022771315,0.9594627858223979,0.6273092509864816,0.60988942344114,1.589418379290299,-0.040289309254967536,1.5771361152633603,1.684865452518453,1.2335164149063018
-1.0276121552342568,-0.10377284083567159,0.86366889934318,-1.458115929136813,1.2766930010058655,0.6273092509864816,1.5654545208812343,0.9496524907709334,-1.3092439314586717,-0.6340606814605939,1.684865452518453,1.2335164149063018
0.8805559963520088,1.4290353523152257,1.6150120044699134,-0.8704029387551875,0.007772140271994877,1.5860090741955721,0.9284111225878381,-0.6497622305274807,-0.6747666203568196,-0.6340606814605939,-0.5935192026789141,-0.33764192786060904
-0.3915561047055016,0.5155201825109458,-1.1399127143281094,-0.2826899483735619,0.9594627858223979,-0.3313905722226089,-0.027153974852256096,-0.3298792862677979,-0.9920052759077457,1.5771361152633603,-0.5935192026789141,1.5477480834596842
1.1349784165635108,0.7564528408095752,-1.6408081177459317,0.3050230420080638,0.3250023554554625,1.5860090741955721,0.60988942344114,0.9496524907709334,-0.9920052759077457,-0.6340606814605939,1.684865452518453,-0.9661052649673734
1.0077672064577599,0.1029517492146788,1.114116601052091,-0.2826899483735619,-0.9439185052784081,0.6273092509864816,0.29136772429444197,1.589418379290299,0.2769493462959585,-0.6340606814605939,1.684865452518453,1.5477480834596842
1.2621896266692618,-0.7635339881748785,-1.3903604160370207,0.3050230420080638,1.593923216189333,-1.2900903954316993,-0.9827190722923503,-1.609411063306529,-0.6747666203568196,-0.6340606814605939,1.684865452518453,-0.023410259307226837
0.7533447862462577,-0.9188759779887209,0.3627734959253576,-0.2826899483735619,0.007772140271994877,1.2664424664592087,0.29136772429444197,-0.009996342008115089,-0.6747666203568196,1.5771361152633603,1.684865452518453,0.29082140924615535
1.1349784165635108,0.5470751621807277,-0.3885696092013759,0.8927360323896893,-1.5783789356453435,1.5860090741955721,1.5654545208812343,-0.3298792862677979,0.5941880018468845,-0.6340606814605939,-0.5935192026789141,-0.33764192786060904
1.643823256986515,0.8765377321302289,0.3627734959253576,-0.8704029387551875,0.9594627858223979,-0.6509571799589724,-1.6197624705857465,1.269535435030616,-0.9920052759077457,-0.6340606814605939,-0.5935192026789141,1.2335164149063018
1.0077672064577599,-1.5264479428658821,1.3645643027610024,0.3050230420080638,-0.9439185052784081,-0.6509571799589724,-0.027153974852256096,0.3098866022515677,-0.6747666203568196,-0.6340606814605939,-0.5935192026789141,0.6050530777995375
0.3717111559290046,1.017662888758984,-0.8894650126191982,-0.2826899483735619,-0.30945807491147276,0.6273092509864816,-0.6641973731456523,-0.009996342008115089,0.9114266573978106,1.5771361152633603,-0.5935192026789141,-0.33764192786060904
-1.1548233653400077,0.7727419587223968,0.11232579421644646,-0.8704029387551875,1.2766930010058655,1.5860090741955721,1.2469328217345361,-0.009996342008115089,-1.3092439314586717,-0.6340606814605939,-0.5935192026789141,0.29082140924615535
1.1349784165635108,0.41430442401139966,1.114116601052091,1.480449022771315,-1.2611487204618759,0.9468758587228451,1.5654545208812343,0.3098866022515677,0.9114266573978106,-0.6340606814605939,-0.5935192026789141,1.2335164149063018
0.3717111559290046,0.7631367671194665,-0.8894650126191982,-1.458115929136813,0.9594627858223979,1.2664424664592087,-0.027153974852256096,0.3098866022515677,0.9114266573978106,1.5771361152633603,-0.5935192026789141,1.5477480834596842
1.0077672064577599,0.7926240800368051,-0.8894650126191982,-1.458115929136813,1.593923216189333,-0.6509571799589724,-1.3012407714390484,1.589418379290299,0.2769493462959585,1.5771361152633603,-0.5935192026789141,1.2335164149063018
-0.9004009451285058,-1.425919201973366,1.3645643027610024,1.480449022771315,1.593923216189333,0.3077426432501181,0.60988942344114,-0.009996342008115089,1.2286653129487366,-0.6340606814605939,-0.5935192026789141,0.6050530777995375
-0.3915561047055016,-0.6664782588433615,-1.6408081177459317,-1.458115929136813,0.007772140271994877,0.6273092509864816,0.60988942344114,1.269535435030616,-0.35752796480589355,-0.6340606814605939,1.684865452518453,-0.9661052649673734
1.516612046880764,1.216752598696653,-0.639017310910287,0.8927360323896893,0.6422325706389302,-0.011823964486245425,-0.34567567399895416,-0.6497622305274807,1.2286653129487366,-0.6340606814605939,-0.5935192026789141,-1.2803369335207555
1.0077672064577599,0.5267596318208845,-1.1399127143281094,-0.8704029387551875,0.007772140271994877,0.9468758587228451,0.60988942344114,-0.6497622305274807,1.5459039684996627,-0.6340606814605939,-0.5935192026789141,-0.9661052649673734
1.3894008367750128,0.8363536893610489,0.6132211976342689,1.480449022771315,-0.30945807491147276,0.9468758587228451,-0.027153974852256096,-1.2895281190468464,0.5941880018468845,1.5771361152633603,-0.5935192026789141,0.6050530777995375
-0.2643448945997506,1.4815719316580969,1.114116601052091,1.480449022771315,-0.9439185052784081,-0.6509571799589724,-0.6641973731456523,-0.009996342008115089,-0.35752796480589355,-0.6340606814605939,1.684865452518453,-0.023410259307226837
0.11728873571750253,1.6483990995757156,-0.8894650126191982,0.3050230420080638,-0.9439185052784081,-1.6096570031680628,-0.6641973731456523,1.269535435030616,0.9114266573978106,1.5771361152633603,1.684865452518453,0.9192847463529197
-0.6459785249170037,-1.4510069748792735,0.3627734959253576,-0.2826899483735619,0.6422325706389302,-0.011823964486245425,0.29136772429444197,0.6297695465112505,0.9114266573978106,-0.6340606814605939,1.684865452518453,-0.6518735964139912
0.8805559963520088,0.6100203231438307,1.3645643027610024,1.480449022771315,0.3250023554554625,1.2664424664592087,0.9284111225878381,0.3098866022515677,0.5941880018468845,-0.6340606814605939,-0.5935192026789141,1.2335164149063018
-1.0276121552342568,-0.5698973928310798,0.3627734959253576,-1.458115929136813,-1.5783789356453435,-1.6096570031680628,-0.34567567399895416,-0.9696451747871635,-0.6747666203568196,-0.6340606814605939,1.684865452518453,-0.33764192786060904
0.6261335761405067,0.12145049934454084,-1.3903604160370207,-1.458115929136813,-0.6266882900949404,0.3077426432501181,-1.3012407714390484,-0.009996342008115089,1.2286653129487366,-0.6340606814605939,1.684865452518453,-1.5945686020741379
0.3717111559290046,0.24894634391426237,0.86366889934318,-0.2826899483735619,1.593923216189333,-0.3313905722226089,-0.6641973731456523,-0.9696451747871635,1.5459039684996627,-0.6340606814605939,-0.5935192026789141,0.29082140924615535
-0.5187673148112526,-0.7617396047513793,-0.1381219074924647,-0.8704029387551875,0.9594627858223979,-0.011823964486245425,0.60988942344114,0.9496524907709334,0.5941880018468845,-0.6340606814605939,-0.5935192026789141,0.29082140924615535
1.3894008367750128,-1.0289510409938967,0.86366889934318,1.480449022771315,-0.6266882900949404,0.9468758587228451,-1.3012407714390484,-0.3298792862677979,-0.6747666203568196,-0.6340606814605939,-0.5935192026789141,0.9192847463529197
-0.009922474388248505,-1.728296829135609,-0.8894650126191982,-1.458115929136813,0.9594627858223979,-1.6096570031680628,-0.6641973731456523,-0.6497622305274807,-0.9920052759077457,-0.6340606814605939,-0.5935192026789141,-0.023410259307226837
-0.7731897350227547,-0.5987399288163799,0.86366889934318,-0.2826899483735619,-1.2611487204618759,-0.6509571799589724,-0.9827190722923503,0.3098866022515677,0.9114266573978106,-0.6340606814605939,-0.5935192026789141,-1.2803369335207555
0.3717111559290046,-0.8622644804326838,-0.8894650126191982,1.480449022771315,1.593923216189333,0.9468758587228451,-1.3012407714390484,-1.609411063306529,-0.6747666203568196,1.5771361152633603,1.684865452518453,-1.5945686020741379
-0.7731897350227547,1.619588202015432,0.3627734959253576,-1.458115929136813,-1.5783789356453435,0.9468758587228451,1.5654545208812343,0.9496524907709334,0.2769493462959585,-0.6340606814605939,-0.5935192026789141,-0.9661052649673734
-1.1548233653400077,0.10425927541936436,-0.3885696092013759,-1.458115929136813,-0.9439185052784081,-1.2900903954316993,-0.34567567399895416,-0.3298792862677979,-0.6747666203568196,-0.6340606814605939,-0.5935192026789141,0.9192847463529197
1.2621896266692618,1.3441657052018159,0.3627734959253576,0.3050230420080638,-1.5783789356453435,-0.011823964486245425,-0.9827190722923503,-1.609411063306529,0.9114266573978106,-0.6340606814605939,-0.5935192026789141,1.2335164149063018
0.7533447862462577,1.0841012083090829,-0.639017310910287,0.8927360323896893,-1.2611487204618759,0.6273092509864816,-0.9827190722923503,1.589418379290299,-1.6264825870095976,1.5771361152633603,-0.5935192026789141,1.2335164149063018
-1.40924578555151,-1.6750019521498534,0.6132211976342689,-0.2826899483735619,-0.9439185052784081,-0.9705237876953359,1.2469328217345361,-0.009996342008115089,0.9114266573978106,1.5771361152633603,-0.5935192026789141,0.29082140924615535
-0.13713368449399954,0.604700920066812,-1.3903604160370207,0.8927360323896893,0.3250023554554625,1.2664424664592087,1.2469328217345361,1.269535435030616,1.5459039684996627,-0.6340606814605939,1.684865452518453,1.2335164149063018
-1.0276121552342568,-1.6887182687810107,0.86366889934318,0.3050230420080638,0.007772140271994877,-0.6509571799589724,-0.027153974852256096,0.6297695465112505,0.9114266573978106,-0.6340606814605939,1.684865452518453,0.6050530777995375
-1.282034575445759,-0.6103760717003271,-0.639017310910287,-0.2826899483735619,0.3250023554554625,1.5860090741955721,-0.027153974852256096,-0.9696451747871635,0.5941880018468845,-0.6340606814605939,-0.5935192026789141,-0.9661052649673734
1.2621896266692618,-1.6183025764423986,-1.6408081177459317,0.8927360323896893,1.593923216189333,-0.6509571799589724,-0.34567567399895416,0.6297695465112505,-1.3092439314586717,-0.6340606814605939,-0.5935192026789141,0.6050530777995375
-0.7731897350227547,-0.2906561158907597,-0.639017310910287,1.480449022771315,-1.5783789356453435,0.6273092509864816,0.9284111225878381,1.269535435030616,1.5459039684996627,-0.6340606814605939,-0.5935192026789141,-1.5945686020741379
1.516612046880764,1.1257732443442316,0.86366889934318,-0.2826899483735619,0.007772140271994877,0.3077426432501181,0.9284111225878381,0.6297695465112505,0.5941880018468845,-0.6340606814605939,-0.5935192026789141,-0.6518735964139912
-0.13713368449399954,-0.5374011486207062,-0.8894650126191982,-0.2826899483735619,0.007772140271994877,-0.3313905722226089,-0.6641973731456523,-0.3298792862677979,-0.040289309254967536,-0.6340606814605939,-0.5935192026789141,-1.5945686020741379
0.49892236603475565,1.4242488404521851,-0.1381219074924647,0.8927360323896893,0.3250023554554625,-1.2900903954316993,-0.6641973731456523,-0.6497622305274807,-0.6747666203568196,-0.6340606814605939,-0.5935192026789141,-0.023410259307226837
1.2621896266692618,0.1529255416526475,0.6132211976342689,-0.8704029387551875,0.9594627858223979,-1.2900903954316993,-0.027153974852256096,1.589418379290299,0.9114266573978106,1.5771361152633603,-0.5935192026789141,0.9192847463529197
0.11728873571750253,0.9551310882649711,0.86366889934318,1.480449022771315,-1.5783789356453435,-0.3313905722226089,-0.6641973731456523,-1.2895281190468464,-0.040289309254967536,-0.6340606814605939,1.684865452518453,0.6050530777995375
-0.13713368449399954,1.2633177301502372,-1.3903604160370207,-0.2826899483735619,0.6422325706389302,1.5860090741955721,0.60988942344114,-0.009996342008115089,-0.6747666203568196,1.5771361152633603,-0.5935192026789141,0.6050530777995375
-0.6459785249170037,-0.562392526457155,1.3645643027610024,-0.2826899483735619,1.2766930010058655,-1.6096570031680628,-0.9827190722923503,-0.009996342008115089,-1.6264825870095976,1.5771361152633603,-0.5935192026789141,0.29082140924615535
0.49892236603475565,1.6423965495682367,-0.1381219074924647,0.8927360323896893,1.2766930010058655,1.2664424664592087,-1.6197624705857465,-0.6497622305274807,1.2286653129487366,-0.6340606814605939,-0.5935192026789141,1.5477480834596842
-0.009922474388248505,-0.4237473508980937,0.3627734959253576,1.480449022771315,-0.9439185052784081,-1.6096570031680628,0.60988942344114,0.9496524907709334,0.2769493462959585,-0.6340606814605939,1.684865452518453,-1.5945686020741379
0.49892236603475565,0.8087380051462973,-0.1381219074924647,-1.458115929136813,-1.5783789356453435,-1.2900903954316993,-0.9827190722923503,1.269535435030616,-0.9920052759077457,-0.6340606814605939,-0.5935192026789141,0.6050530777995375
1.3894008367750128,0.7090599170966855,0.3627734959253576,-1.458115929136813,-0.30945807491147276,0.9468758587228451,-0.34567567399895416,-1.2895281190468464,1.2286653129487366,1.5771361152633603,-0.5935192026789141,0.29082140924615535
-0.3915561047055016,-0.9379345035854005,-1.3903604160370207,-0.8704029387551875,1.2766930010058655,-0.9705237876953359,0.9284111225878381,-0.3298792862677979,-0.9920052759077457,-0.6340606814605939,-0.5935192026789141,0.6050530777995375
-0.3915561047055016,0.6189608487645875,-0.3885696092013759,-0.8704029387551875,0.007772140271994877,-1.6096570031680628,-0.34567567399895416,-0.3298792862677979,-0.040289309254967536,-0.6340606814605939,-0.5935192026789141,-1.5945686020741379
-0.5187673148112526,1.2887720371011029,-1.3903604160370207,-0.8704029387551875,0.6422325706389302,0.3077426432501181,-0.6641973731456523,-0.6497622305274807,-0.6747666203568196,-0.6340606814605939,-0.5935192026789141,1.5477480834596842
-0.7731897350227547,0.9066557043915813,0.6132211976342689,-0.2826899483735619,0.007772140271994877,-1.6096570031680628,1.2469328217345361,0.9496524907709334,1.5459039684996627,1.5771361152633603,-0.5935192026789141,0.6050530777995375
0.49892236603475565,1.182681485725771,-0.639017310910287,1.480449022771315,0.9594627858223979,1.2664424664592087,1.5654545208812343,-1.2895281190468464,-1.3092439314586717,-0.6340606814605939,-0.5935192026789141,-0.6518735964139912
-1.536456995657261,-0.7965797832919478,-1.1399127143281094,-0.8704029387551875,-0.30945807491147276,0.6273092509864816,0.60988942344114,-1.609411063306529,-0.35752796480589355,1.5771361152633603,-0.5935192026789141,-0.6518735964139912
-1.1548233653400077,-1.5139175456196667,-1.1399127143281094,1.480449022771315,0.007772140271994877,-1.2900903954316993,0.9284111225878381,-1.2895281190468464,0.5941880018468845,-0.6340606814605939,-0.5935192026789141,-0.023410259307226837
0.3717111559290046,0.14043531131569134,0.6132211976342689,0.3050230420080638,-1.5783789356453435,0.6273092509864816,-0.6641973731456523,-0.6497622305274807,-1.6264825870095976,-0.6340606814605939,-0.5935192026789141,-0.6518735964139912
0.3717111559290046,1.274722944733822,-0.639017310910287,1.480449022771315,-0.30945807491147276,1.5860090741955721,-1.6197624705857465,0.6297695465112505,-0.6747666203568196,-0.6340606814605939,-0.5935192026789141,-0.33764192786060904
1.2621896266692618,0.27897088759443345,-1.3903604160370207,-1.458115929136813,0.9594627858223979,0.3077426432501181,-0.027153974852256096,-0.6497622305274807,1.5459039684996627,-0.6340606814605939,-0.5935192026789141,-0.9661052649673734
-0.6459785249170037,-0.3485190667102656,-1.1399127143281094,0.8927360323896893,0.007772140271994877,0.3077426432501181,0.29136772429444197,-0.3298792862677979,-0.040289309254967536,-0.6340606814605939,1.684865452518453,-1.5945686020741379
-0.2643448945997506,-0.9289013846000552,0.11232579421644646,-0.8704029387551875,0.6422325706389302,-0.011823964486245425,-1.3012407714390484,-0.009996342008115089,0.9114266573978106,1.5771361152633603,-0.5935192026789141,-0.023410259307226837
-0.2643448945997506,1.351133148068939,0.11232579421644646,0.8927360323896893,-1.5783789356453435,-1.6096570031680628,0.9284111225878381,-0.9696451747871635,0.2769493462959585,-0.6340606814605939,1.684865452518453,1.2335164149063018
0.11728873571750253,-1.1743392655857043,-0.639017310910287,-0.2826899483735619,1.2766930010058655,-0.9705237876953359,-1.3012407714390484,0.6297695465112505,0.9114266573978106,-0.6340606814605939,-0.5935192026789141,-1.5945686020741379
-1.40924578555151,-1.3438823543874516,-0.639017310910287,0.8927360323896893,1.593923216189333,-0.011823964486245425,-0.9827190722923503,-0.9696451747871635,-0.35752796480589355,-0.6340606814605939,-0.5935192026789141,-0.023410259307226837
-0.009922474388248505,0.7396343547600114,-1.3903604160370207,-0.2826899483735619,-1.5783789356453435,-0.6509571799589724,1.2469328217345361,-1.609411063306529,1.2286653129487366,-0.6340606814605939,-0.5935192026789141,0.29082140924615535
-1.0276121552342568,0.1574281125282306,-0.8894650126191982,-0.8704029387551875,0.6422325706389302,-1.2900903954316993,0.60988942344114,0.3098866022515677,1.2286653129487366,-0.6340606814605939,-0.5935192026789141,0.29082140924615535
1.3894008367750128,-1.140329132841305,0.86366889934318,0.3050230420080638,0.9594627858223979,-1.6096570031680628,-1.6197624705857465,0.6297695465112505,-0.35752796480589355,-0.6340606814605939,1.684865452518453,-0.023410259307226837
-0.5187673148112526,1.5976122598112819,-0.3885696092013759,0.3050230420080638,0.6422325706389302,1.5860090741955721,-0.34567567399895416,1.589418379290299,0.2769493462959585,-0.6340606814605939,-0.5935192026789141,0.6050530777995375
-0.3915561047055016,-0.17893639915100157,0.3627734959253576,-1.458115929136813,-0.30945807491147276,0.6273092509864816,0.60988942344114,0.9496524907709334,-1.6264825870095976,1.5771361152633603,1.684865452518453,-0.9661052649673734
-1.1548233653400077,1.7019747419919535,-1.6408081177459317,0.8927360323896893,-1.2611487204618759,-0.9705237876953359,-1.3012407714390484,-0.3298792862677979,-0.35752796480589355,-0.6340606814605939,-0.5935192026789141,-1.2803369335207555
1.2621896266692618,0.8681574405291503,-0.1381219074924647,0.8927360323896893,-0.9439185052784081,-0.3313905722226089,-1.6197624705857465,-0.9696451747871635,-1.6264825870095976,1.5771361152633603,-0.5935192026789141,1.2335164149063018
0.3717111559290046,0.040996378111133124,-0.3885696092013759,-1.458115929136813,-0.9439185052784081,1.5860090741955721,-0.9827190722923503,1.589418379290299,-0.040289309254967536,-0.6340606814605939,-0.5935192026789141,1.5477480834596842
-0.13713368449399954,1.4987429257702651,1.3645643027610024,0.8927360323896893,0.9594627858223979,0.9468758587228451,1.5654545208812343,-0.009996342008115089,0.5941880018468845,-0.6340606814605939,-0.5935192026789141,-0.6518735964139912
-1.282034575445759,0.1605671506459547,-0.8894650126191982,-0.8704029387551875,-0.9439185052784081,-0.011823964486245425,1.5654545208812343,-0.6497622305274807,1.5459039684996627,1.5771361152633603,-0.5935192026789141,-0.33764192786060904
0.24449994582325357,-0.8869085121945463,0.86366889934318,0.3050230420080638,0.9594627858223979,-1.6096570031680628,-1.6197624705857465,0.9496524907709334,1.2286653129487366,-0.6340606814605939,1.684865452518453,-1.2803369335207555
0.6261335761405067,1.5737766188159221,1.114116601052091,-1.458115929136813,0.6422325706389302,1.2664424664592087,0.9284111225878381,0.6297695465112505,0.5941880018468845,1.5771361152633603,-0.5935192026789141,-0.33764192786060904
-0.2643448945997506,-1.2281691027953934,1.6150120044699134,-1.458115929136813,0.3250023554554625,0.9468758587228451,-0.6641973731456523,-0.6497622305274807,-0.040289309254967536,1.5771361152633603,1.684865452518453,0.29082140924615535
1.0077672064577599,-0.7071056124528589,-0.1381219074924647,-0.2826899483735619,-0.30945807491147276,-1.2900903954316993,1.5654545208812343,-0.3298792862677979,1.2286653129487366,1.5771361152633603,-0.5935192026789141,-0.33764192786060904
-0.9004009451285058,-0.20990435646966518,0.11232579421644646,-0.2826899483735619,1.2766930010058655,1.2664424664592087,-0.9827190722923503,1.269535435030616,1.5459039684996627,1.5771361152633603,-0.5935192026789141,-1.5945686020741379
1.0077672064577599,0.2511260878963061,-0.639017310910287,-0.8704029387551875,-0.6266882900949404,0.3077426432501181,-0.027153974852256096,0.6297695465112505,1.5459039684996627,-0.6340606814605939,-0.5935192026789141,-0.6518735964139912
-1.282034575445759,-0.08518759380078132,-1.6408081177459317,-0.2826899483735619,0.9594627858223979,-0.6509571799589724,-0.9827190722923503,-0.009996342008115089,0.5941880018468845,-0.6340606814605939,-0.5935192026789141,0.9192847463529197
-0.7731897350227547,-1.59863202341044,0.11232579421644646,-0.2826899483735619,-0.30945807491147276,0.3077426432501181,0.60988942344114,-0.6497622305274807,0.9114266573978106,1.5771361152633603,-0.5935192026789141,-0.023410259307226837
-0.5187673148112526,1.5502985511141087,-1.1399127143281094,0.8927360323896893,-1.2611487204618759,0.3077426432501181,0.29136772429444197,0.9496524907709334,-0.040289309254967536,-0.6340606814605939,-0.5935192026789141,-0.023410259307226837
-1.1548233653400077,0.2342156093450949,-1.3903604160370207,-1.458115929136813,1.593923216189333,-0.011823964486245425,-0.6641973731456523,-0.009996342008115089,0.9114266573978106,-0.6340606814605939,1.684865452518453,-1.2803369335207555
1.516612046880764,-1.064897805962605,-1.1399127143281094,-0.8704029387551875,-1.2611487204618759,0.9468758587228451,0.60988942344114,1.589418379290299,-0.9920052759077457,-0.6340606814605939,-0.5935192026789141,-1.5945686020741379
-0.3915561047055016,0.26229034187689176,1.6150120044699134,1.480449022771315,0.6422325706389302,0.9468758587228451,-0.027153974852256096,0.3098866022515677,0.2769493462959585,1.5771361152633603,-0.5935192026789141,-1.2803369335207555
-0.7731897350227547,-0.39189194249253456,-0.1381219074924647,-0.8704029387551875,0.007772140271994877,0.9468758587228451,1.2469328217345361,0.9496524907709334,-0.040289309254967536,1.5771361152633603,-0.5935192026789141,0.6050530777995375
-0.7731897350227547,0.8999592781099935,-0.639017310910287,-0.8704029387551875,0.9594627858223979,1.2664424664592087,-0.6641973731456523,-0.6497622305274807,0.5941880018468845,1.5771361152633603,-0.5935192026789141,-0.9661052649673734
1.516612046880764,-0.6009157550350317,-0.639017310910287,0.3050230420080638,-0.30945807491147276,-0.6509571799589724,-0.027153974852256096,-1.609411063306529,1.5459039684996627,-0.6340606814605939,-0.5935192026789141,-1.2803369335207555
0.24449994582325357,0.15259603815080172,-0.1381219074924647,-1.458115929136813,0.9594627858223979,1.5860090741955721,0.9284111225878381,-0.009996342008115089,-1.6264825870095976,1.5771361152633603,-0.5935192026789141,-0.6518735964139912
0.11728873571750253,1.3373507142450638,-1.6408081177459317,1.480449022771315,-0.6266882900949404,-1.6096570031680628,1.2469328217345361,-1.609411063306529,-0.6747666203568196,-0.6340606814605939,1.684865452518453,0.9192847463529197
-1.0276121552342568,1.1597133607010732,-0.8894650126191982,-0.8704029387551875,0.9594627858223979,0.3077426432501181,-0.6641973731456523,0.6297695465112505,1.5459039684996627,-0.6340606814605939,-0.5935192026789141,1.5477480834596842
-1.282034575445759,1.119321471337486,1.114116601052091,-1.458115929136813,-1.2611487204618759,-0.011823964486245425,1.2469328217345361,0.9496524907709334,-1.3092439314586717,1.5771361152633603,-0.5935192026789141,-1.2803369335207555
0.3717111559290046,-0.4530345531520418,0.11232579421644646,-0.2826899483735619,0.6422325706389302,-0.011823964486245425,-0.34567567399895416,1.589418379290299,1.2286653129487366,-0.6340606814605939,-0.5935192026789141,0.9192847463529197
1.1349784165635108,-0.15204321316371575,1.114116601052091,1.480449022771315,1.593923216189333,0.6273092509864816,-0.027153974852256096,1.589418379290299,1.2286653129487366,-0.6340606814605939,-0.5935192026789141,-0.6518735964139912
-0.3915561047055016,-1.5667776279376513,0.86366889934318,0.3050230420080638,-0.30945807491147276,-0.9705237876953359,0.29136772429444197,-0.6497622305274807,-1.6264825870095976,-0.6340606814605939,-0.5935192026789141,0.29082140924615535
0.3717111559290046,1.7209289260231964,1.114116601052091,-0.8704029387551875,1.593923216189333,-1.2900903954316993,0.9284111225878381,0.6297695465112505,0.5941880018468845,-0.6340606814605939,-0.5935192026789141,1.2335164149063018
-0.13713368449399954,1.4780626934055727,0.11232579421644646,-1.458115929136813,-1.5783789356453435,-0.9705237876953359,-1.6197624705857465,-0.6497622305274807,-0.9920052759077457,-0.6340606814605939,-0.5935192026789141,0.9192847463529197
0.7533447862462577,1.691788578886398,1.3645643027610024,0.3050230420080638,-1.2611487204618759,-0.6509571799589724,0.29136772429444197,0.3098866022515677,1.2286653129487366,-0.6340606814605939,-0.5935192026789141,-0.6518735964139912
1.643823256986515,-1.5687866945822642,1.114116601052091,0.3050230420080638,0.6422325706389302,-1.6096570031680628,-1.6197624705857465,-0.009996342008115089,-1.3092439314586717,1.5771361152633603,-0.5935192026789141,0.9192847463529197
-0.2643448945997506,-0.8468685175569569,0.6132211976342689,-0.2826899483735619,1.2766930010058655,-0.3313905722226089,0.29136772429444197,-1.2895281190468464,1.5459039684996627,-0.6340606814605939,-0.5935192026789141,1.5477480834596842
-1.0276121552342568,1.0695743250064782,-1.1399127143281094,1.480449022771315,-0.6266882900949404,0.9468758587228451,0.60988942344114,1.589418379290299,1.2286653129487366,-0.6340606814605939,-0.5935192026789141,-1.5945686020741379
0.11728873571750253,-1.354713856257838,-1.6408081177459317,-0.2826899483735619,1.2766930010058655,0.3077426432501181,-0.027153974852256096,0.6297695465112505,0.9114266573978106,-0.6340606814605939,-0.5935192026789141,-1.2803369335207555
1.3894008367750128,-1.4126719363028588,1.3645643027610024,-1.458115929136813,-1.5783789356453435,1.2664424664592087,0.29136772429444197,0.3098866022515677,1.5459039684996627,-0.6340606814605939,1.684865452518453,-0.33764192786060904
-1.0276121552342568,-0.3923695353152779,0.11232579421644646,-0.2826899483735619,1.593923216189333,0.9468758587228451,-0.027153974852256096,0.9496524907709334,-1.6264825870095976,-0.6340606814605939,-0.5935192026789141,-0.6518735964139912
-0.3915561047055016,0.7131543729444166,-1.1399127143281094,0.8927360323896893,-1.2611487204618759,0.6273092509864816,-0.34567567399895416,0.3098866022515677,-1.6264825870095976,-0.6340606814605939,-0.5935192026789141,-1.5945686020741379
0.7533447862462577,-0.9372932805493718,0.6132211976342689,-0.2826899483735619,1.2766930010058655,-1.6096570031680628,-0.027153974852256096,0.3098866022515677,1.2286653129487366,-0.6340606814605939,-0.5935192026789141,-1.5945686020741379
-0.009922474388248505,1.3603195928530878,1.6150120044699134,0.8927360323896893,1.593923216189333,-1.2900903954316993,-0.6641973731456523,0.3098866022515677,-1.6264825870095976,-0.6340606814605939,-0.5935192026789141,-1.5945686020741379
-1.282034575445759,-1.2958477267314314,0.3627734959253576,0.3050230420080638,0.007772140271994877,1.2664424664592087,1.2469328217345361,0.6297695465112505,0.9114266573978106,-0.6340606814605939,-0.5935192026789141,0.6050530777995375
0.8805559963520088,0.0394467137463897,0.3627734959253576,0.3050230420080638,1.593923216189333,0.9468758587228451,0.9284111225878381,-1.2895281190468464,1.2286653129487366,-0.6340606814605939,1.684865452518453,-0.023410259307226837
0.7533447862462577,1.2123101474029818,-0.8894650126191982,-0.8704029387551875,1.2766930010058655,-0.6509571799589724,-1.3012407714390484,-0.6497622305274807,1.5459039684996627,-0.6340606814605939,1.684865452518453,0.9192847463529197
1.516612046880764,-0.11387898039949461,1.114116601052091,0.8927360323896893,0.007772140271994877,0.6273092509864816,-0.027153974852256096,-0.009996342008115089,1.2286653129487366,-0.6340606814605939,-0.5935192026789141,-0.023410259307226837
-0.13713368449399954,0.05161424256318478,-0.3885696092013759,-0.2826899483735619,-1.2611487204618759,-0.3313905722226089,0.60988942344114,-0.3298792862677979,0.5941880018468845,-0.6340606814605939,-0.5935192026789141,0.29082140924615535
0.8805559963520088,-0.614795896802413,0.11232579421644646,-1.458115929136813,-1.2611487204618759,1.2664424664592087,-0.34567567399895416,-0.9696451747871635,0.9114266573978106,1.5771361152633603,1.684865452518453,-0.023410259307226837
0.11728873571750253,-1.053948621573186,1.3645643027610024,-0.2826899483735619,-1.5783789356453435,0.6273092509864816,0.9284111225878381,0.9496524907709334,-0.040289309254967536,-0.6340606814605939,-0.5935192026789141,-0.6518735964139912
-1.1548233653400077,-1.543709298948862,0.86366889934318,-1.458115929136813,-0.6266882900949404,-0.6509571799589724,0.60988942344114,-0.009996342008115089,-1.3092439314586717,-0.6340606814605939,-0.5935192026789141,1.5477480834596842
-0.009922474388248505,1.445990315206048,0.3627734959253576,-0.2826899483735619,0.007772140271994877,-0.6509571799589724,1.2469328217345361,-0.3298792862677979,1.2286653129487366,1.5771361152633603,-0.5935192026789141,-0.9661052649673734
1.1349784165635108,1.035843985695669,0.6132211976342689,-1.458115929136813,-1.5783789356453435,-0.3313905722226089,-0.6641973731456523,-0.9696451747871635,1.2286653129487366,-0.6340606814605939,-0.5935192026789141,1.2335164149063018
-0.9004009451285058,-0.483393044479351,-0.639017310910287,0.3050230420080638,1.2766930010058655,1.2664424664592087,-0.34567567399895416,1.589418379290299,-1.6264825870095976,1.5771361152633603,1.684865452518453,-0.9661052649673734
-1.40924578555151,0.14401847891527844,0.86366889934318,-1.458115929136813,0.9594627858223979,1.5860090741955721,0.29136772429444197,-0.009996342008115089,-0.9920052759077457,-0.6340606814605939,-0.5935192026789141,-0.33764192786060904
0.6261335761405067,-1.3783392514057524,-0.639017310910287,-0.8704029387551875,0.6422325706389302,-0.6509571799589724,-0.34567567399895416,1.269535435030616,-1.6264825870095976,-0.6340606814605939,-0.5935192026789141,-0.9661052649673734
-1.1548233653400077,-0.9423808230779299,-1.1399127143281094,-1.458115929136813,-1.2611487204618759,-0.6509571799589724,-0.34567567399895416,-0.6497622305274807,-1.3092439314586717,1.5771361152633603,-0.5935192026789141,1.5477480834596842
-1.536456995657261,1.06035400135634,-0.8894650126191982,1.480449022771315,-0.9439185052784081,0.9468758587228451,1.5654545208812343,0.3098866022515677,1.2286653129487366,-0.6340606814605939,-0.5935192026789141,1.2335164149063018
1.2621896266692618,-1.002058033260795,-1.1399127143281094,0.3050230420080638,0.007772140271994877,0.6273092509864816,-0.6641973731456523,1.589418379290299,-0.040289309254967536,-0.6340606814605939,-0.5935192026789141,0.29082140924615535
-0.7731897350227547,0.037232213549798505,-0.639017310910287,-0.2826899483735619,-1.2611487204618759,-0.6509571799589724,0.9284111225878381,-0.009996342008115089,0.2769493462959585,1.5771361152633603,-0.5935192026789141,-0.6518735964139912
-1.1548233653400077,1.307757122352227,-0.1381219074924647,-0.8704029387551875,1.2766930010058655,-0.011823964486245425,1.5654545208812343,1.269535435030616,-0.9920052759077457,-0.6340606814605939,1.684865452518453,0.9192847463529197
1.0077672064577599,1.2480919714668897,-0.3885696092013759,-0.2826899483735619,0.3250023554554625,-0.6509571799589724,1.5654545208812343,0.3098866022515677,-0.6747666203568196,1.5771361152633603,1.684865452518453,-1.5945686020741379
-1.282034575445759,-1.7403825843997218,1.3645643027610024,-0.2826899483735619,1.593923216189333,-0.6509571799589724,-0.027153974852256096,-1.609411063306529,0.2769493462959585,1.5771361152633603,1.684865452518453,-1.5945686020741379
1.0077672064577599,0.06429404463860336,0.6132211976342689,-0.8704029387551875,-0.9439185052784081,0.3077426432501181,-0.34567567399895416,1.589418379290299,0.9114266573978106,1.5771361152633603,-0.5935192026789141,-0.9661052649673734
-1.1548233653400077,1.150886633923065,-0.639017310910287,1.480449022771315,1.2766930010058655,-0.3313905722226089,0.29136772429444197,-1.2895281190468464,-1.3092439314586717,-0.6340606814605939,-0.5935192026789141,0.9192847463529197
1.2621896266692618,1.2822193954287882,-0.639017310910287,-0.8704029387551875,-1.2611487204618759,-0.6509571799589724,-0.9827190722923503,-0.6497622305274807,-0.9920052759077457,1.5771361152633603,-0.5935192026789141,-1.5945686020741379
0.49892236603475565,0.43740490845537333,1.3645643027610024,0.8927360323896893,-0.30945807491147276,-0.9705237876953359,-1.3012407714390484,-1.2895281190468464,1.2286653129487366,-0.6340606814605939,1.684865452518453,-1.2803369335207555
0.6261335761405067,-0.8413484363032718,-0.3885696092013759,-0.2826899483735619,0.9594627858223979,-1.6096570031680628,0.9284111225878381,0.6297695465112505,1.2286653129487366,-0.6340606814605939,-0.5935192026789141,0.9192847463529197
1.0077672064577599,1.723044428224368,-0.639017310910287,0.3050230420080638,0.007772140271994877,-0.3313905722226089,-0.34567567399895416,-0.9696451747871635,-0.9920052759077457,1.5771361152633603,1.684865452518453,-0.9661052649673734
-1.6636682057630119,1.0251645684682262,-1.6408081177459317,0.8927360323896893,-0.30945807491147276,0.6273092509864816,0.29136772429444197,-0.3298792862677979,-0.35752796480589355,-0.6340606814605939,-0.5935192026789141,-1.5945686020741379
0.3717111559290046,-0.09985787725060882,-0.639017310910287,-1.458115929136813,0.6422325706389302,-0.3313905722226089,0.29136772429444197,-0.3298792862677979,-0.6747666203568196,1.5771361152633603,1.684865452518453,-0.9661052649673734
0.3717111559290046,-1.3621659290908288,1.3645643027610024,0.8927360323896893,-0.9439185052784081,-0.011823964486245425,-0.027153974852256096,-0.3298792862677979,-0.6747666203568196,-0.6340606814605939,-0.5935192026789141,1.2335164149063018
-0.6459785249170037,-0.5605733503691319,-1.6408081177459317,-0.2826899483735619,-0.30945807491147276,-0.3313905722226089,0.29136772429444197,-0.3298792862677979,0.2769493462959585,-0.6340606814605939,1.684865452518453,-0.023410259307226837
-0.13713368449399954,0.14732483531958435,1.3645643027610024,-0.8704029387551875,-0.6266882900949404,-0.011823964486245425,-1.3012407714390484,0.9496524907709334,1.2286653129487366,-0.6340606814605939,-0.5935192026789141,1.2335164149063018
0.8805559963520088,-0.7352974909382977,-1.3903604160370207,-0.8704029387551875,0.9594627858223979,-0.6509571799589724,-0.027153974852256096,1.269535435030616,0.2769493462959585,-0.6340606814605939,-0.5935192026789141,-0.9661052649673734
-0.2643448945997506,-0.669178634746299,-0.8894650126191982,-0.8704029387551875,-0.30945807491147276,-0.6509571799589724,0.60988942344114,-0.6497622305274807,0.5941880018468845,1.5771361152633603,-0.5935192026789141,-0.33764192786060904
0.11728873571750253,-1.4745426831055113,-0.8894650126191982,0.8927360323896893,0.3250023554554625,0.9468758587228451,-1.3012407714390484,-0.9696451747871635,-0.9920052759077457,-0.6340606814605939,1.684865452518453,-1.2803369335207555
1.3894008367750128,1.2908179794959311,1.6150120044699134,-1.458115929136813,1.2766930010058655,0.9468758587228451,1.5654545208812343,0.9496524907709334,-1.3092439314586717,-0.6340606814605939,-0.5935192026789141,1.2335164149063018
1.1349784165635108,1.3536735862082263,1.6150120044699134,0.8927360323896893,-0.30945807491147276,0.6273092509864816,0.29136772429444197,-0.009996342008115089,-0.6747666203568196,-0.6340606814605939,-0.5935192026789141,1.5477480834596842
0.3717111559290046,-0.3806714623531517,0.11232579421644646,-1.458115929136813,-0.9439185052784081,-1.2900903954316993,-0.027153974852256096,-0.6497622305274807,-1.6264825870095976,1.5771361152633603,-0.5935192026789141,1.5477480834596842
0.8805559963520088,0.5923143500909596,1.3645643027610024,0.3050230420080638,-0.6266882900949404,-0.9705237876953359,-0.34567567399895416,0.6297695465112505,-1.3092439314586717,-0.6340606814605939,-0.5935192026789141,-1.2803369335207555
1.1349784165635108,-0.11132312321469452,1.114116601052091,-0.8704029387551875,0.3250023554554625,-0.9705237876953359,-1.3012407714390484,1.589418379290299,-1.6264825870095976,-0.6340606814605939,-0.5935192026789141,0.29082140924615535
-1.282034575445759,-0.8097149546134983,1.114116601052091,1.480449022771315,1.593923216189333,-1.2900903954316993,0.29136772429444197,-1.2895281190468464,0.5941880018468845,1.5771361152633603,1.684865452518453,-0.9661052649673734
0.24449994582325357,0.7981988749450485,1.3645643027610024,0.3050230420080638,1.2766930010058655,0.3077426432501181,-0.027153974852256096,-1.2895281190468464,-1.6264825870095976,-0.6340606814605939,-0.5935192026789141,0.9192847463529197
-0.13713368449399954,-1.2960697649882982,-0.3885696092013759,0.8927360323896893,-0.9439185052784081,1.2664424664592087,-0.027153974852256096,-0.9696451747871635,-0.6747666203568196,-0.6340606814605939,1.684865452518453,1.5477480834596842
0.49892236603475565,-0.9861794357055307,1.114116601052091,-0.2826899483735619,-1.2611487204618759,-0.6509571799589724,1.2469328217345361,-0.009996342008115089,-0.35752796480589355,-0.6340606814605939,-0.5935192026789141,1.2335164149063018
1.3894008367750128,1.7255316107233971,0.3627734959253576,-1.458115929136813,0.3250023554554625,-0.9705237876953359,1.5654545208812343,-1.609411063306529,-0.35752796480589355,1.5771361152633603,-0.5935192026789141,-0.023410259307226837
0.6261335761405067,-0.20241406556378658,0.6132211976342689,0.3050230420080638,0.6422325706389302,-0.6509571799589724,0.9284111225878381,-0.009996342008115089,-0.9920052759077457,-0.6340606814605939,1.684865452518453,0.29082140924615535
-0.9004009451285058,1.623328164546514,-0.8894650126191982,0.3050230420080638,0.3250023554554625,0.3077426432501181,0.29136772429444197,-0.9696451747871635,-0.9920052759077457,-0.6340606814605939,1.684865452518453,1.2335164149063018
-0.009922474388248505,-1.5256169646186226,-1.1399127143281094,-0.2826899483735619,1.2766930010058655,-0.6509571799589724,0.60988942344114,0.9496524907709334,-1.3092439314586717,-0.6340606814605939,1.684865452518453,-0.9661052649673734
-1.1548233653400077,-0.0492012515194591,-0.8894650126191982,0.8927360323896893,0.3250023554554625,-1.6096570031680628,-0.9827190722923503,-1.609411063306529,0.2769493462959585,-0.6340606814605939,-0.5935192026789141,-0.9661052649673734
-0.2643448945997506,0.8126065365448905,-0.3885696092013759,0.3050230420080638,1.593923216189333,0.9468758587228451,0.9284111225878381,-1.2895281190468464,-0.35752796480589355,-0.6340606814605939,-0.5935192026789141,0.6050530777995375
-1.6636682057630119,-0.05147775704871944,-1.1399127143281094,-1.458115929136813,-0.6266882900949404,0.9468758587228451,0.9284111225878381,0.3098866022515677,-1.6264825870095976,1.5771361152633603,-0.5935192026789141,-1.5945686020741379
-0.6459785249170037,0.07271122700711871,-1.1399127143281094,1.480449022771315,-1.5783789356453435,0.3077426432501181,1.5654545208812343,0.3098866022515677,1.2286653129487366,-0.6340606814605939,-0.5935192026789141,1.5477480834596842
0.6261335761405067,1.5268551229660896,-1.3903604160370207,0.8927360323896893,-1.5783789356453435,1.5860090741955721,-0.027153974852256096,0.3098866022515677,-1.6264825870095976,1.5771361152633603,-0.5935192026789141,0.29082140924615535
-0.7731897350227547,-0.6488576258345885,-0.639017310910287,1.480449022771315,-0.6266882900949404,0.6273092509864816,-1.3012407714390484,0.3098866022515677,-0.9920052759077457,-0.6340606814605939,-0.5935192026789141,0.6050530777995375
-0.5187673148112526,0.8226392383238802,-0.1381219074924647,0.8927360323896893,1.2766930010058655,-0.6509571799589724,1.2469328217345361,-0.6497622305274807,-0.35752796480589355,-0.6340606814605939,1.684865452518453,-0.023410259307226837
-0.13713368449399954,0.005597301376647958,0.6132211976342689,0.3050230420080638,0.007772140271994877,-0.6509571799589724,-1.3012407714390484,-0.9696451747871635,-0.9920052759077457,-0.6340606814605939,-0.5935192026789141,1.2335164149063018
-1.0276121552342568,-1.3997075689326768,-1.1399127143281094,-0.2826899483735619,-1.5783789356453435,-1.6096570031680628,-0.34567567399895416,-0.3298792862677979,1.5459039684996627,1.5771361152633603,-0.5935192026789141,0.9192847463529197
0.8805559963520088,-1.6880315394340228,-0.639017310910287,-1.458115929136813,0.3250023554554625,-0.9705237876953359,0.9284111225878381,1.269535435030616,1.2286653129487366,-0.6340606814605939,-0.5935192026789141,-1.5945686020741379
-1.6636682057630119,-1.0357776708319002,-1.6408081177459317,-0.8704029387551875,1.2766930010058655,-1.6096570031680628,-0.34567567399895416,-0.009996342008115089,-0.9920052759077457,-0.6340606814605939,-0.5935192026789141,0.9192847463529197
0.24449994582325357,-0.21951258963251327,1.114116601052091,0.3050230420080638,1.2766930010058655,0.3077426432501181,1.2469328217345361,-0.9696451747871635,0.2769493462959585,-0.6340606814605939,-0.5935192026789141,0.29082140924615535
-0.7731897350227547,0.5870490429015026,-1.6408081177459317,0.3050230420080638,-1.2611487204618759,-1.6096570031680628,1.5654545208812343,1.589418379290299,-0.040289309254967536,-0.6340606814605939,1.684865452518453,-1.2803369335207555
-0.13713368449399954,-0.5562195563123808,1.3645643027610024,-0.2826899483735619,-1.2611487204618759,-0.3313905722226089,-0.9827190722923503,-0.6497622305274807,-0.9920052759077457,-0.6340606814605939,-0.5935192026789141,1.5477480834596842
1.643823256986515,-1.4136192090585062,-1.3903604160370207,1.480449022771315,0.007772140271994877,1.2664424664592087,0.60988942344114,-0.9696451747871635,0.2769493462959585,-0.6340606814605939,-0.5935192026789141,0.29082140924615535
-0.6459785249170037,-1.1053704061756637,1.114116601052091,-0.8704029387551875,0.3250023554554625,-0.9705237876953359,1.5654545208812343,0.6297695465112505,-0.6747666203568196,-0.6340606814605939,1.684865452518453,-0.9661052649673734
0.7533447862462577,-0.565667732385697,0.6132211976342689,0.3050230420080638,1.593923216189333,-0.011823964486245425,0.60988942344114,0.6297695465112505,-0.9920052759077457,-0.6340606814605939,-0.5935192026789141,1.2335164149063018
-0.9004009451285058,1.5199373615486256,0.3627734959253576,1.480449022771315,-0.9439185052784081,0.3077426432501181,-0.34567567399895416,-0.6497622305274807,-0.040289309254967536,-0.6340606814605939,1.684865452518453,-0.9661052649673734
-0.7731897350227547,0.6717433750384406,0.11232579421644646,0.3050230420080638,1.2766930010058655,1.5860090741955721,-1.3012407714390484,-0.3298792862677979,0.2769493462959585,-0.6340606814605939,-0.5935192026789141,-0.33764192786060904
-0.009922474388248505,-0.5887370378628785,-1.6408081177459317,-1.458115929136813,0.9594627858223979,1.5860090741955721,1.2469328217345361,0.9496524907709334,-0.040289309254967536,1.5771361152633603,-0.5935192026789141,-1.2803369335207555
1.0077672064577599,1.5983651816825275,-0.8894650126191982,-0.2826899483735619,0.007772140271994877,0.9468758587228451,0.9284111225878381,-0.3298792862677979,0.9114266573978106,1.5771361152633603,-0.5935192026789141,-0.6518735964139912
-0.6459785249170037,0.1657222091269306,1.6150120044699134,0.8927360323896893,-1.2611487204618759,0.9468758587228451,-0.34567567399895416,1.269535435030616,-1.6264825870095976,1.5771361152633603,1.684865452518453,0.9192847463529197
-0.6459785249170037,-1.1377629891603211,0.86366889934318,-0.2826899483735619,1.2766930010058655,-0.9705237876953359,-1.3012407714390484,-0.9696451747871635,-0.6747666203568196,1.5771361152633603,-0.5935192026789141,0.9192847463529197
-1.1548233653400077,0.5361960703711319,1.3645643027610024,-0.2826899483735619,-0.6266882900949404,0.3077426432501181,0.60988942344114,-0.6497622305274807,-0.040289309254967536,1.5771361152633603,1.684865452518453,-1.5945686020741379
1.1349784165635108,-1.4498401840193174,1.114116601052091,-1.458115929136813,-1.5783789356453435,0.3077426432501181,-0.34567567399895416,-1.609411063306529,1.5459039684996627,1.5771361152633603,-0.5935192026789141,0.9192847463529197
-1.1548233653400077,-0.23456574593795096,1.3645643027610024,1.480449022771315,-0.9439185052784081,-0.6509571799589724,-0.9827190722923503,-1.2895281190468464,-0.35752796480589355,-0.6340606814605939,-0.5935192026789141,-0.023410259307226837
-1.40924578555151,-0.0952070253557994,1.114116601052091,0.8927360323896893,0.007772140271994877,-1.2900903954316993,1.2469328217345361,-1.609411063306529,0.2769493462959585,1.5771361152633603,-0.5935192026789141,-0.9661052649673734
-1.1548233653400077,1.123006100522938,-0.639017310910287,-0.2826899483735619,1.2766930010058655,0.3077426432501181,0.60988942344114,-1.2895281190468464,-0.35752796480589355,-0.6340606814605939,-0.5935192026789141,0.9192847463529197
-1.6636682057630119,0.045143149663342576,-1.3903604160370207,0.3050230420080638,1.2766930010058655,1.2664424664592087,-0.34567567399895416,-1.609411063306529,1.2286653129487366,-0.6340606814605939,-0.5935192026789141,-0.023410259307226837
0.24449994582325357,0.04347597249367071,-0.1381219074924647,-0.8704029387551875,-0.9439185052784081,-0.011823964486245425,-0.34567567399895416,0.9496524907709334,1.2286653129487366,-0.6340606814605939,1.684865452518453,0.6050530777995375
-0.3915561047055016,-0.6596806519315715,-0.3885696092013759,1.480449022771315,0.6422325706389302,1.2664424664592087,0.29136772429444197,-0.9696451747871635,1.2286653129487366,-0.6340606814605939,-0.5935192026789141,0.9192847463529197
-0.2643448945997506,-1.4962691006161826,1.3645643027610024,-1.458115929136813,1.2766930010058655,0.9468758587228451,-0.027153974852256096,-0.9696451747871635,-0.6747666203568196,-0.6340606814605939,-0.5935192026789141,-0.9661052649673734
0.24449994582325357,1.0630037468624904,-1.6408081177459317,0.3050230420080638,-1.2611487204618759,-1.6096570031680628,1.2469328217345361,0.3098866022515677,1.2286653129487366,-0.6340606814605939,-0.5935192026789141,-0.33764192786060904
1.643823256986515,-1.0349762958417796,0.3627734959253576,-1.458115929136813,0.3250023554554625,1.2664424664592087,0.60988942344114,-1.609411063306529,0.5941880018468845,-0.6340606814605939,-0.5935192026789141,-0.33764192786060904
-1.536456995657261,-0.220774373173255,-1.1399127143281094,-0.8704029387551875,0.9594627858223979,0.9468758587228451,0.9284111225878381,1.589418379290299,0.9114266573978106,-0.6340606814605939,-0.5935192026789141,-0.6518735964139912
0.3717111559290046,0.4863938681806716,0.11232579421644646,-0.8704029387551875,-1.5783789356453435,-0.3313905722226089,-0.34567567399895416,-0.6497622305274807,-0.6747666203568196,-0.6340606814605939,-0.5935192026789141,-0.33764192786060904
0.3717111559290046,1.2260105333531728,1.3645643027610024,-1.458115929136813,0.007772140271994877,1.5860090741955721,1.5654545208812343,-0.9696451747871635,0.2769493462959585,-0.6340606814605939,-0.5935192026789141,-0.33764192786060904
0.49892236603475565,-1.373326756554149,-0.3885696092013759,-0.8704029387551875,-1.2611487204618759,0.3077426432501181,0.60988942344114,-0.3298792862677979,-0.040289309254967536,-0.6340606814605939,-0.5935192026789141,-0.9661052649673734
1.1349784165635108,0.03497730174830704,-0.639017310910287,0.3050230420080638,-0.30945807491147276,0.6273092509864816,-0.9827190722923503,-1.2895281190468464,1.5459039684996627,1.5771361152633603,-0.5935192026789141,0.9192847463529197
1.516612046880764,-0.4030610645971981,0.11232579421644646,-1.458115929136813,0.9594627858223979,-0.3313905722226089,1.5654545208812343,-0.6497622305274807,-0.6747666203568196,1.5771361152633603,-0.5935192026789141,-0.023410259307226837
-0.13713368449399954,-1.1115334351666482,-0.3885696092013759,1.480449022771315,0.9594627858223979,1.5860090741955721,-0.34567567399895416,-0.9696451747871635,-1.3092439314586717,1.5771361152633603,-0.5935192026789141,0.6050530777995375
1.3894008367750128,-0.8578095187169464,0.3627734959253576,-0.2826899483735619,0.3250023554554625,-0.3313905722226089,-0.027153974852256096,1.269535435030616,0.9114266573978106,-0.6340606814605939,1.684865452518453,-0.33764192786060904
1.3894008367750128,0.7888896854583505,-0.639017310910287,-0.8704029387551875,-0.6266882900949404,-0.011823964486245425,-0.027153974852256096,-1.609411063306529,-1.3092439314586717,1.5771361152633603,-0.5935192026789141,-1.5945686020741379
-0.2643448945997506,0.4775818048933468,0.6132211976342689,0.8927360323896893,0.6422325706389302,0.9468758587228451,0.60988942344114,-1.2895281190468464,-0.6747666203568196,-0.6340606814605939,1.684865452518453,-1.5945686020741379
-0.009922474388248505,-0.7213160148733387,-0.8894650126191982,0.8927360323896893,0.9594627858223979,1.5860090741955721,0.9284111225878381,-0.9696451747871635,-0.9920052759077457,1.5771361152633603,1.684865452518453,-0.6518735964139912
1.1349784165635108,1.1804447451749491,-0.1381219074924647,-0.2826899483735619,0.9594627858223979,1.5860090741955721,-0.34567567399895416,-0.009996342008115089,1.2286653129487366,1.5771361152633603,-0.5935192026789141,-0.023410259307226837
-0.9004009451285058,0.5437673607344639,0.3627734959253576,-1.458115929136813,0.3250023554554625,-1.6096570031680628,0.29136772429444197,-0.009996342008115089,1.2286653129487366,-0.6340606814605939,-0.5935192026789141,1.2335164149063018
0.24449994582325357,-1.5879280937305933,1.114116601052091,-0.8704029387551875,-1.2611487204618759,-0.6509571799589724,-0.34567567399895416,1.269535435030616,1.5459039684996627,-0.6340606814605939,-0.5935192026789141,0.29082140924615535
-0.13713368449399954,1.0144840411319225,0.11232579421644646,0.8927360323896893,0.9594627858223979,-0.3313905722226089,0.9284111225878381,-0.9696451747871635,-1.3092439314586717,-0.6340606814605939,-0.5935192026789141,0.29082140924615535
0.6261335761405067,1.540469946953071,0.11232579421644646,-0.2826899483735619,-0.6266882900949404,-0.9705237876953359,0.29136772429444197,-0.3298792862677979,1.2286653129487366,-0.6340606814605939,-0.5935192026789141,-0.023410259307226837
-0.5187673148112526,0.5677809986178053,-1.3903604160370207,0.8927360323896893,0.3250023554554625,-0.3313905722226089,-0.027153974852256096,-0.9696451747871635,-0.9920052759077457,-0.6340606814605939,-0.5935192026789141,-0.023410259307226837
-0.2643448945997506,-0.44474752498789294,1.6150120044699134,0.3050230420080638,0.6422325706389302,0.6273092509864816,-0.34567567399895416,0.6297695465112505,1.2286653129487366,-0.6340606814605939,-0.5935192026789141,-0.9661052649673734
1.1349784165635108,1.095884649516897,1.6150120044699134,0.8927360323896893,-1.2611487204618759,-1.2900903954316993,0.60988942344114,-1.2895281190468464,-1.3092439314586717,1.5771361152633603,-0.5935192026789141,-1.2803369335207555
-1.1548233653400077,0.668077305616434,1.3645643027610024,-0.8704029387551875,-1.2611487204618759,0.3077426432501181,-0.027153974852256096,-0.6497622305274807,1.2286653129487366,1.5771361152633603,-0.5935192026789141,0.29082140924615535
1.1349784165635108,1.066597068844847,0.11232579421644646,-0.8704029387551875,-1.5783789356453435,-1.6096570031680628,1.5654545208812343,-1.609411063306529,0.2769493462959585,1.5771361152633603,-0.5935192026789141,1.2335164149063018
-0.2643448945997506,0.29898842690958166,-0.1381219074924647,0.3050230420080638,1.2766930010058655,0.6273092509864816,-0.6641973731456523,0.3098866022515677,-0.040289309254967536,1.5771361152633603,-0.5935192026789141,-0.6518735964139912
0.3717111559290046,0.42354249471962185,1.114116601052091,-0.8704029387551875,0.6422325706389302,-0.3313905722226089,1.2469328217345361,1.589418379290299,-0.35752796480589355,1.5771361152633603,-0.5935192026789141,1.2335164149063018
-1.536456995657261,0.2628185213215442,0.6132211976342689,0.8927360323896893,0.6422325706389302,-0.011823964486245425,0.60988942344114,0.6297695465112505,-0.040289309254967536,-0.6340606814605939,1.684865452518453,0.9192847463529197
0.11728873571750253,-1.6103711347636849,1.114116601052091,1.480449022771315,1.593923216189333,1.5860090741955721,-0.34567567399895416,-0.6497622305274807,0.2769493462959585,-0.6340606814605939,1.684865452518453,-0.023410259307226837
1.2621896266692618,-0.48625582433708775,1.3645643027610024,1.480449022771315,1.593923216189333,0.9468758587228451,-0.34567567399895416,1.269535435030616,-0.040289309254967536,-0.6340606814605939,-0.5935192026789141,-0.023410259307226837
0.7533447862462577,1.511613831895799,0.11232579421644646,0.3050230420080638,0.6422325706389302,0.3077426432501181,0.29136772429444197,-0.009996342008115089,-0.35752796480589355,-0.6340606814605939,1.684865452518453,-0.33764192786060904
-0.9004009451285058,-1.5800179476889116,0.86366889934318,-0.2826899483735619,0.3250023554554625,-1.2900903954316993,0.9284111225878381,-0.9696451747871635,-0.9920052759077457,-0.6340606814605939,-0.5935192026789141,0.29082140924615535
-1.1548233653400077,-1.4843072130173605,0.86366889934318,-0.8704029387551875,1.2766930010058655,1.5860090741955721,-1.6197624705857465,0.9496524907709334,-1.3092439314586717,1.5771361152633603,-0.5935192026789141,0.9192847463529197
-1.40924578555151,1.6261058022570918,0.6132211976342689,-1.458115929136813,0.007772140271994877,-1.6096570031680628,-1.3012407714390484,-1.609411063306529,0.5941880018468845,-0.6340606814605939,-0.5935192026789141,-1.2803369335207555
0.3717111559290046,-0.9651051983609145,-1.1399127143281094,0.8927360323896893,0.6422325706389302,-1.2900903954316993,0.29136772429444197,-0.3298792862677979,0.5941880018468845,-0.6340606814605939,1.684865452518453,-1.2803369335207555
-1.536456995657261,-0.48903870683668055,-1.6408081177459317,-0.2826899483735619,0.6422325706389302,0.3077426432501181,0.9284111225878381,0.9496524907709334,-0.040289309254967536,1.5771361152633603,-0.5935192026789141,1.2335164149063018
-0.13713368449399954,0.6440296363200189,-0.3885696092013759,-1.458115929136813,1.2766930010058655,1.5860090741955721,0.60988942344114,1.589418379290299,-0.040289309254967536,1.5771361152633603,1.684865452518453,-1.5945686020741379
0.7533447862462577,-0.19033358862031904,1.6150120044699134,1.480449022771315,1.2766930010058655,1.5860090741955721,-0.9827190722923503,1.589418379290299,0.2769493462959585,1.5771361152633603,1.684865452518453,0.9192847463529197
0.8805559963520088,-0.21190907116506735,-0.639017310910287,0.3050230420080638,-1.5783789356453435,-0.3313905722226089,0.60988942344114,0.6297695465112505,0.2769493462959585,-0.6340606814605939,-0.5935192026789141,-0.6518735964139912
-0.7731897350227547,1.229949652858257,1.6150120044699134,0.3050230420080638,0.007772140271994877,-0.6509571799589724,1.5654545208812343,0.9496524907709334,-0.35752796480589355,-0.6340606814605939,-0.5935192026789141,0.9192847463529197
0.3717111559290046,1.139990694005198,-1.6408081177459317,1.480449022771315,-0.9439185052784081,0.6273092509864816,-0.6641973731456523,-1.2895281190468464,-0.040289309254967536,1.5771361152633603,1.684865452518453,-0.6518735964139912
-1.6636682057630119,0.7894080403247924,-1.3903604160370207,0.3050230420080638,-0.6266882900949404,-0.6509571799589724,-1.3012407714390484,-0.6497622305274807,1.2286653129487366,1.5771361152633603,-0.5935192026789141,-0.6518735964139912
0.24449994582325357,1.251789546674732,-0.639017310910287,0.3050230420080638,0.9594627858223979,-0.6509571799589724,0.29136772429444197,0.9496524907709334,0.2769493462959585,1.5771361152633603,-0.5935192026789141,-0.9661052649673734
-1.40924578555151,-1.03296255884568,1.114116601052091,-1.458115929136813,-1.2611487204618759,0.9468758587228451,-0.34567567399895416,-1.2895281190468464,-0.9920052759077457,-0.6340606814605939,1.684865452518453,0.29082140924615535
-0.3915561047055016,-1.0148652593539669,0.11232579421644646,-1.458115929136813,1.593923216189333,0.6273092509864816,-0.6641973731456523,-1.609411063306529,0.9114266573978106,-0.6340606814605939,-0.5935192026789141,1.5477480834596842
-0.13713368449399954,1.3825512715040742,0.3627734959253576,0.3050230420080638,-0.6266882900949404,0.3077426432501181,-0.34567567399895416,-0.9696451747871635,0.9114266573978106,1.5771361152633603,-0.5935192026789141,1.2335164149063018
1.3894008367750128,0.0009455700847316593,-0.3885696092013759,-0.8704029387551875,1.593923216189333,-0.9705237876953359,0.29136772429444197,1.269535435030616,1.5459039684996627,1.5771361152633603,1.684865452518453,0.29082140924615535
1.2621896266692618,0.2848482448813495,1.3645643027610024,0.8927360323896893,0.3250023554554625,-1.6096570031680628,1.2469328217345361,0.9496524907709334,-0.040289309254967536,1.5771361152633603,-0.5935192026789141,-0.023410259307226837
-0.7731897350227547,-0.483120634620693,-0.639017310910287,-0.8704029387551875,-1.5783789356453435,-0.6509571799589724,0.60988942344114,0.9496524907709334,-0.35752796480589355,1.5771361152633603,-0.5935192026789141,0.9192847463529197
0.3717111559290046,-1.5471487836098683,1.6150120044699134,-1.458115929136813,0.007772140271994877,-1.6096570031680628,-0.027153974852256096,-0.3298792862677979,-0.6747666203568196,-0.6340606814605939,-0.5935192026789141,1.2335164149063018
-1.0276121552342568,-0.8437414558164363,1.114116601052091,0.3050230420080638,-1.2611487204618759,0.6273092509864816,-0.9827190722923503,0.6297695465112505,-1.3092439314586717,1.5771361152633603,1.684865452518453,-0.023410259307226837
-0.5187673148112526,-1.126489537839894,-1.3903604160370207,0.3050230420080638,0.9594627858223979,-0.3313905722226089,1.5654545208812343,0.3098866022515677,-0.35752796480589355,-0.6340606814605939,-0.5935192026789141,1.5477480834596842
-1.282034575445759,0.9847313688683204,-1.6408081177459317,1.480449022771315,0.3250023554554625,-0.6509571799589724,-1.3012407714390484,0.9496524907709334,1.2286653129487366,-0.6340606814605939,-0.5935192026789141,0.6050530777995375
-0.7731897350227547,-0.1009355210438806,1.3645643027610024,-0.8704029387551875,-1.2611487204618759,0.9468758587228451,-0.34567567399895416,-0.3298792862677979,0.2769493462959585,-0.6340606814605939,1.684865452518453,-1.2803369335207555
-0.13713368449399954,-1.58183819264463,0.86366889934318,0.8927360323896893,-0.9439185052784081,1.2664424664592087,-1.6197624705857465,-1.2895281190468464,-0.040289309254967536,-0.6340606814605939,-0.5935192026789141,0.6050530777995375
1.3894008367750128,-0.08991396083287857,-0.3885696092013759,0.3050230420080638,-1.5783789356453435,0.6273092509864816,-1.6197624705857465,-0.6497622305274807,-0.6747666203568196,-0.6340606814605939,-0.5935192026789141,0.9192847463529197
0.11728873571750253,0.6473949713650272,-0.3885696092013759,-1.458115929136813,0.6422325706389302,-0.3313905722226089,-0.34567567399895416,0.6297695465112505,1.2286653129487366,-0.6340606814605939,-0.5935192026789141,1.2335164149063018
1.2621896266692618,0.9405884276312482,0.3627734959253576,-0.2826899483735619,-1.5783789356453435,1.2664424664592087,0.9284111225878381,0.3098866022515677,-0.6747666203568196,-0.6340606814605939,-0.5935192026789141,-1.5945686020741379
0.24449994582325357,1.4524602187496236,-1.6408081177459317,-0.8704029387551875,0.9594627858223979,-0.3313905722226089,0.60988942344114,1.269535435030616,0.2769493462959585,-0.6340606814605939,-0.5935192026789141,-0.023410259307226837
-0.009922474388248505,-0.5920837430185593,-0.3885696092013759,-1.458115929136813,0.007772140271994877,0.9468758587228451,-0.34567567399895416,-0.009996342008115089,-0.040289309254967536,1.5771361152633603,-0.5935192026789141,-1.2803369335207555
-1.0276121552342568,1.4280367966632026,1.3645643027610024,1.480449022771315,-0.6266882900949404,0.3077426432501181,1.2469328217345361,0.3098866022515677,-0.6747666203568196,-0.6340606814605939,-0.5935192026789141,-1.5945686020741379
-1.0276121552342568,-0.47139136323986547,0.11232579421644646,-0.2826899483735619,-0.30945807491147276,-1.6096570031680628,0.60988942344114,-1.2895281190468464,0.9114266573978106,1.5771361152633603,-0.5935192026789141,-1.5945686020741379
-0.5187673148112526,-1.1879618515405794,-0.1381219074924647,-0.2826899483735619,0.007772140271994877,-0.011823964486245425,-0.9827190722923503,-0.3298792862677979,0.2769493462959585,1.5771361152633603,1.684865452518453,0.29082140924615535
-0.2643448945997506,0.985047099526867,1.3645643027610024,0.3050230420080638,-0.6266882900949404,-1.2900903954316993,-1.6197624705857465,-0.3298792862677979,-0.9920052759077457,1.5771361152633603,-0.5935192026789141,-1.5945686020741379
-1.0276121552342568,-1.2575641857895061,0.86366889934318,-0.2826899483735619,1.593923216189333,0.9468758587228451,1.2469328217345361,-0.3298792862677979,-1.6264825870095976,1.5771361152633603,-0.5935192026789141,-1.5945686020741379
0.3717111559290046,-1.190421571202816,0.3627734959253576,1.480449022771315,-0.9439185052784081,-0.9705237876953359,-1.6197624705857465,-1.609411063306529,-0.35752796480589355,-0.6340606814605939,1.684865452518453,-0.9661052649673734
-1.536456995657261,1.6801600092007969,0.3627734959253576,0.3050230420080638,-1.5783789356453435,0.6273092509864816,0.9284111225878381,-0.6497622305274807,-1.3092439314586717,-0.6340606814605939,-0.5935192026789141,1.5477480834596842
1.3894008367750128,0.8640156362616079,-0.1381219074924647,-0.8704029387551875,0.9594627858223979,-1.2900903954316993,-0.6641973731456523,0.3098866022515677,-1.3092439314586717,-0.6340606814605939,1.684865452518453,0.6050530777995375
-1.6636682057630119,0.5722048925141368,0.6132211976342689,-0.8704029387551875,-0.6266882900949404,-1.2900903954316993,-0.027153974852256096,-1.2895281190468464,1.2286653129487366,-0.6340606814605939,-0.5935192026789141,-1.5945686020741379
-1.1548233653400077,-0.5891654516467807,0.86366889934318,-0.8704029387551875,0.9594627858223979,1.2664424664592087,1.2469328217345361,0.9496524907709334,0.5941880018468845,-0.6340606814605939,-0.5935192026789141,1.5477480834596842
-0.2643448945997506,0.7525177146729453,1.3645643027610024,0.8927360323896893,-1.5783789356453435,-1.6096570031680628,-0.027153974852256096,-0.6497622305274807,-1.6264825870095976,-0.6340606814605939,-0.5935192026789141,1.2335164149063018
0.49892236603475565,-1.2829640004101188,-0.3885696092013759,-1.458115929136813,0.3250023554554625,1.5860090741955721,0.60988942344114,-0.9696451747871635,1.2286653129487366,1.5771361152633603,-0.5935192026789141,-0.33764192786060904
-1.1548233653400077,1.467999780883082,1.114116601052091,0.8927360323896893,1.2766930010058655,1.5860090741955721,-0.34567567399895416,1.589418379290299,-0.35752796480589355,-0.6340606814605939,-0.5935192026789141,0.6050530777995375
0.49892236603475565,-0.7856559610151876,1.6150120044699134,0.3050230420080638,1.2766930010058655,-0.6509571799589724,0.60988942344114,-0.6497622305274807,0.9114266573978106,1.5771361152633603,-0.5935192026789141,0.29082140924615535
-0.2643448945997506,1.4919403637500834,-0.3885696092013759,-0.8704029387551875,-1.5783789356453435,-0.011823964486245425,-0.027153974852256096,-1.2895281190468464,1.2286653129487366,1.5771361152633603,-0.5935192026789141,-0.33764192786060904
0.7533447862462577,1.0421695044921573,-0.8894650126191982,0.3050230420080638,0.3250023554554625,-0.011823964486245425,-0.9827190722923503,1.589418379290299,-0.6747666203568196,1.5771361152633603,-0.5935192026789141,-0.9661052649673734
-0.13713368449399954,-0.2419785186091517,-0.639017310910287,0.3050230420080638,0.6422325706389302,1.5860090741955721,-1.3012407714390484,1.589418379290299,-0.040289309254967536,-0.6340606814605939,-0.5935192026789141,-0.6518735964139912
-1.0276121552342568,-0.6426675872882162,-1.6408081177459317,-1.458115929136813,-0.9439185052784081,-0.3313905722226089,-0.34567567399895416,1.589418379290299,-0.040289309254967536,-0.6340606814605939,-0.5935192026789141,1.5477480834596842
1.0077672064577599,0.08946698781897067,0.3627734959253576,1.480449022771315,-1.5783789356453435,-1.6096570031680628,-1.6197624705857465,1.589418379290299,0.5941880018468845,1.5771361152633603,-0.5935192026789141,1.5477480834596842
-0.7731897350227547,-0.20152175836120564,-0.639017310910287,-1.458115929136813,1.2766930010058655,1.5860090741955721,-0.6641973731456523,-1.2895281190468464,-0.040289309254967536,-0.6340606814605939,1.684865452518453,-0.33764192786060904
-0.5187673148112526,-0.4532549058948316,0.86366889934318,0.8927360323896893,-1.5783789356453435,-1.2900903954316993,0.60988942344114,0.6297695465112505,-0.35752796480589355,-0.6340606814605939,-0.5935192026789141,-1.2803369335207555
0.6261335761405067,-0.46765449059827624,1.6150120044699134,1.480449022771315,-1.5783789356453435,-0.6509571799589724,-0.6641973731456523,0.3098866022515677,-0.040289309254967536,-0.6340606814605939,1.684865452518453,-0.9661052649673734
0.8805559963520088,1.4180958435696762,-0.1381219074924647,0.8927360323896893,0.3250023554554625,-0.9705237876953359,0.60988942344114,0.6297695465112505,0.9114266573978106,-0.6340606814605939,-0.5935192026789141,0.29082140924615535
0.49892236603475565,1.0889877239226782,1.114116601052091,-0.8704029387551875,0.007772140271994877,1.2664424664592087,1.2469328217345361,-1.2895281190468464,1.5459039684996627,-0.6340606814605939,-0.5935192026789141,0.9192847463529197
-0.6459785249170037,0.6814640188912295,0.86366889934318,0.8927360323896893,0.6422325706389302,0.6273092509864816,0.9284111225878381,-0.009996342008115089,-0.35752796480589355,-0.6340606814605939,-0.5935192026789141,-1.5945686020741379
-1.40924578555151,0.017780118050862784,-1.6408081177459317,-1.458115929136813,0.3250023554554625,-1.2900903954316993,-0.34567567399895416,0.6297695465112505,-0.040289309254967536,-0.6340606814605939,-0.5935192026789141,0.29082140924615535
-1.40924578555151,0.7657725938312083,0.6132211976342689,-0.2826899483735619,-0.30945807491147276,1.2664424664592087,-1.6197624705857465,-1.2895281190468464,-1.3092439314586717,-0.6340606814605939,-0.5935192026789141,1.2335164149063018
-1.0276121552342568,0.11007514469062189,1.6150120044699134,0.3050230420080638,0.6422325706389302,-1.2900903954316993,-1.3012407714390484,-0.6497622305274807,0.5941880018468845,1.5771361152633603,1.684865452518453,0.9192847463529197
-0.3915561047055016,-1.0433260846113028,0.6132211976342689,-0.2826899483735619,-0.30945807491147276,-0.6509571799589724,0.9284111225878381,-1.2895281190468464,1.5459039684996627,-0.6340606814605939,-0.5935192026789141,-0.33764192786060904
0.6261335761405067,1.1871790945671046,-1.6408081177459317,-0.8704029387551875,0.007772140271994877,-0.6509571799589724,-0.34567567399895416,0.3098866022515677,1.5459039684996627,-0.6340606814605939,1.684865452518453,1.2335164149063018
1.0077672064577599,1.6154453980904826,-1.1399127143281094,1.480449022771315,-1.5783789356453435,0.6273092509864816,-0.6641973731456523,-0.9696451747871635,0.5941880018468845,-0.6340606814605939,1.684865452518453,-0.6518735964139912
1.3894008367750128,0.9811894697610059,1.114116601052091,0.8927360323896893,0.3250023554554625,-0.9705237876953359,1.5654545208812343,0.6297695465112505,-1.3092439314586717,-0.6340606814605939,-0.5935192026789141,-1.2803369335207555
-0.13713368449399954,-1.7085869075086062,-1.1399127143281094,-1.458115929136813,-0.9439185052784081,-0.011823964486245425,1.5654545208812343,-1.609411063306529,1.5459039684996627,-0.6340606814605939,1.684865452518453,-0.33764192786060904
0.49892236603475565,1.541651103805147,0.86366889934318,-0.8704029387551875,0.6422325706389302,0.3077426432501181,-0.9827190722923503,0.9496524907709334,1.2286653129487366,-0.6340606814605939,-0.5935192026789141,-0.9661052649673734
-0.009922474388248505,-0.9564305173196753,0.3627734959253576,-0.8704029387551875,-0.6266882900949404,-1.2900903954316993,1.2469328217345361,-0.9696451747871635,-1.3092439314586717,-0.6340606814605939,-0.5935192026789141,0.9192847463529197
-0.3915561047055016,-0.13772844290533565,1.3645643027610024,-0.8704029387551875,-0.30945807491147276,0.3077426432501181,1.5654545208812343,0.3098866022515677,-1.6264825870095976,-0.6340606814605939,-0.5935192026789141,1.2335164149063018
-0.3915561047055016,-1.5374089537704683,0.86366889934318,0.8927360323896893,-1.5783789356453435,-0.3313905722226089,-0.9827190722923503,0.6297695465112505,1.5459039684996627,-0.6340606814605939,-0.5935192026789141,-0.6518735964139912
-0.13713368449399954,-1.2621352088463924,-1.3903604160370207,-1.458115929136813,0.6422325706389302,-0.9705237876953359,-0.9827190722923503,-1.609411063306529,0.2769493462959585,1.5771361152633603,-0.5935192026789141,-0.9661052649673734
-0.7731897350227547,0.2818228134701316,-1.3903604160370207,0.3050230420080638,-0.6266882900949404,-1.2900903954316993,-0.9827190722923503,-1.2895281190468464,1.5459039684996627,1.5771361152633603,-0.5935192026789141,-0.023410259307226837
1.3894008367750128,0.8398130441441914,-0.3885696092013759,0.3050230420080638,0.9594627858223979,-1.6096570031680628,1.5654545208812343,-1.2895281190468464,-1.6264825870095976,1.5771361152633603,1.684865452518453,-0.33764192786060904
1.3894008367750128,-0.04354009073104658,1.3645643027610024,0.3050230420080638,0.3250023554554625,-0.011823964486245425,1.2469328217345361,0.6297695465112505,-0.35752796480589355,1.5771361152633603,-0.5935192026789141,-0.9661052649673734
1.643823256986515,-0.7720533534967665,-0.3885696092013759,-0.8704029387551875,-0.30945807491147276,-1.2900903954316993,1.5654545208812343,0.3098866022515677,0.9114266573978106,1.5771361152633603,-0.5935192026789141,0.29082140924615535
-1.40924578555151,1.5387211039281155,-1.6408081177459317,-0.8704029387551875,1.2766930010058655,1.5860090741955721,-1.6197624705857465,1.269535435030616,-0.6747666203568196,-0.6340606814605939,-0.5935192026789141,1.2335164149063018
1.2621896266692618,1.077024865867912,1.3645643027610024,0.3050230420080638,1.593923216189333,-0.9705237876953359,0.9284111225878381,-0.6497622305274807,-1.3092439314586717,-0.6340606814605939,-0.5935192026789141,1.2335164149063018
1.516612046880764,-1.1882842603550787,1.3645643027610024,-1.458115929136813,1.593923216189333,1.5860090741955721,-0.9827190722923503,-0.009996342008115089,1.2286653129487366,1.5771361152633603,1.684865452518453,0.9192847463529197
0.7533447862462577,0.8451307012345711,1.3645643027610024,-0.8704029387551875,-1.5783789356453435,0.6273092509864816,-0.027153974852256096,-0.009996342008115089,-0.040289309254967536,-0.6340606814605939,-0.5935192026789141,-0.023410259307226837
-1.282034575445759,0.8601836619298063,0.86366889934318,1.480449022771315,0.3250023554554625,-1.2900903954316993,-0.6641973731456523,1.589418379290299,-1.3092439314586717,1.5771361152633603,-0.5935192026789141,-0.6518735964139912
1.643823256986515,-0.049277203145258,0.11232579421644646,0.3050230420080638,0.3250023554554625,1.5860090741955721,-1.3012407714390484,0.9496524907709334,0.5941880018468845,-0.6340606814605939,-0.5935192026789141,1.5477480834596842
0.49892236603475565,0.5160799686566253,-0.8894650126191982,0.3050230420080638,-0.6266882900949404,0.6273092509864816,1.5654545208812343,0.6297695465112505,-0.040289309254967536,-0.6340606814605939,-0.5935192026789141,1.5477480834596842
-1.536456995657261,1.0003148950602838,0.11232579421644646,1.480449022771315,0.6422325706389302,-0.6509571799589724,1.5654545208812343,-1.2895281190468464,-1.6264825870095976,-0.6340606814605939,1.684865452518453,0.29082140924615535
-0.5187673148112526,-0.1655190420287635,-1.6408081177459317,0.8927360323896893,1.593923216189333,-0.9705237876953359,-0.34567567399895416,-1.2895281190468464,-0.6747666203568196,-0.6340606814605939,-0.5935192026789141,0.6050530777995375
1.1349784165635108,0.9181032964288016,0.3627734959253576,0.8927360323896893,0.9594627858223979,-0.3313905722226089,-0.34567567399895416,-1.2895281190468464,1.5459039684996627,-0.6340606814605939,-0.5935192026789141,0.29082140924615535
0.6261335761405067,1.53633925362075,-0.8894650126191982,1.480449022771315,-0.6266882900949404,-0.6509571799589724,0.60988942344114,-0.9696451747871635,-0.9920052759077457,-0.6340606814605939,1.684865452518453,-0.33764192786060904
1.3894008367750128,0.2991891115511514,1.114116601052091,-0.2826899483735619,-0.9439185052784081,-1.2900903954316993,0.60988942344114,-0.9696451747871635,0.5941880018468845,-0.6340606814605939,-0.5935192026789141,1.5477480834596842
-1.1548233653400077,0.3689992005628504,-1.6408081177459317,-1.458115929136813,-0.9439185052784081,1.5860090741955721,-1.3012407714390484,1.269535435030616,0.9114266573978106,-0.6340606814605939,-0.5935192026789141,0.9192847463529197
1.3894008367750128,0.6767603460423919,1.114116601052091,-0.8704029387551875,1.2766930010058655,-1.6096570031680628,-0.34567567399895416,-0.3298792862677979,0.9114266573978106,-0.6340606814605939,-0.5935192026789141,-1.5945686020741379
-0.13713368449399954,1.3691108245591872,0.86366889934318,0.8927360323896893,-0.30945807491147276,-0.011823964486245425,0.60988942344114,-0.3298792862677979,-0.040289309254967536,-0.6340606814605939,-0.5935192026789141,-0.9661052649673734
0.3717111559290046,-0.6845792034874784,-0.1381219074924647,-1.458115929136813,0.3250023554554625,1.2664424664592087,-1.6197624705857465,-0.9696451747871635,-0.6747666203568196,-0.6340606814605939,1.684865452518453,-1.2803369335207555
-1.1548233653400077,-1.7177494884998674,-0.639017310910287,0.8927360323896893,0.6422325706389302,-0.9705237876953359,1.5654545208812343,-1.2895281190468464,0.5941880018468845,-0.6340606814605939,-0.5935192026789141,-0.6518735964139912
0.6261335761405067,-1.6425008035555682,-1.1399127143281094,0.3050230420080638,0.6422325706389302,-0.6509571799589724,-1.6197624705857465,0.3098866022515677,-0.9920052759077457,1.5771361152633603,-0.5935192026789141,1.2335164149063018
-1.6636682057630119,0.4383690632497251,1.114116601052091,-0.8704029387551875,-0.30945807491147276,-0.9705237876953359,-0.9827190722923503,1.269535435030616,0.2769493462959585,-0.6340606814605939,-0.5935192026789141,0.9192847463529197
0.24449994582325357,-1.7180940179403503,1.6150120044699134,1.480449022771315,0.3250023554554625,-0.9705237876953359,-0.6641973731456523,-0.009996342008115089,-0.040289309254967536,-0.6340606814605939,1.684865452518453,1.5477480834596842
0.6261335761405067,-0.6304265519229032,1.6150120044699134,0.3050230420080638,-0.30945807491147276,0.3077426432501181,-0.6641973731456523,1.589418379290299,-0.6747666203568196,-0.6340606814605939,1.684865452518453,-0.023410259307226837
0.8805559963520088,-1.6729183137434895,1.6150120044699134,0.8927360323896893,0.007772140271994877,0.6273092509864816,-1.6197624705857465,0.9496524907709334,-1.3092439314586717,-0.6340606814605939,-0.5935192026789141,1.2335164149063018
-0.009922474388248505,0.6853459942746467,-1.1399127143281094,-1.458115929136813,-1.2611487204618759,-0.011823964486245425,1.2469328217345361,-1.609411063306529,-0.35752796480589355,-0.6340606814605939,-0.5935192026789141,0.9192847463529197
1.516612046880764,1.320191244492352,0.6132211976342689,0.3050230420080638,-0.9439185052784081,0.6273092509864816,0.9284111225878381,1.269535435030616,-1.3092439314586717,-0.6340606814605939,1.684865452518453,-1.2803369335207555
1.643823256986515,0.17786073243800862,0.11232579421644646,0.3050230420080638,0.3250023554554625,-0.9705237876953359,-0.34567567399895416,-1.2895281190468464,-0.9920052759077457,-0.6340606814605939,-0.5935192026789141,-0.6518735964139912
-0.7731897350227547,-0.3973990785131277,-0.1381219074924647,-0.2826899483735619,0.007772140271994877,1.2664424664592087,1.2469328217345361,-0.6497622305274807,0.5941880018468845,1.5771361152633603,-0.5935192026789141,-0.023410259307226837
-1.6636682057630119,-0.6800963279716218,1.114116601052091,-0.2826899483735619,1.593923216189333,-0.011823964486245425,1.2469328217345361,-0.6497622305274807,-0.6747666203568196,1.5771361152633603,-0.5935192026789141,0.29082140924615535
0.24449994582325357,0.9679940318411633,1.3645643027610024,-0.8704029387551875,0.6422325706389302,1.5860090741955721,-0.6641973731456523,0.6297695465112505,1.5459039684996627,-0.6340606814605939,1.684865452518453,-1.2803369335207555
-1.0276121552342568,-0.14910760882510316,0.3627734959253576,-0.2826899483735619,0.3250023554554625,-1.2900903954316993,-1.6197624705857465,-0.6497622305274807,0.2769493462959585,-0.6340606814605939,-0.5935192026789141,-1.2803369335207555
-0.9004009451285058,-0.3449677638747655,1.114116601052091,1.480449022771315,-0.30945807491147276,-1.6096570031680628,1.5654545208812343,0.6297695465112505,-1.3092439314586717,-0.6340606814605939,1.684865452518453,-1.2803369335207555
1.2621896266692618,-1.0669517811906455,0.86366889934318,0.8927360323896893,-1.5783789356453435,0.6273092509864816,-0.027153974852256096,-0.3298792862677979,0.9114266573978106,-0.6340606814605939,-0.5935192026789141,-0.6518735964139912
-0.13713368449399954,-0.8574415981490442,0.11232579421644646,-1.458115929136813,0.3250023554554625,-1.6096570031680628,-0.9827190722923503,-0.3298792862677979,-1.6264825870095976,-0.6340606814605939,-0.5935192026789141,-1.2803369335207555
1.0077672064577599,0.42876050239256003,1.3645643027610024,0.8927360323896893,0.9594627858223979,-0.9705237876953359,1.5654545208812343,-0.3298792862677979,-1.3092439314586717,1.5771361152633603,-0.5935192026789141,-0.33764192786060904
1.643823256986515,1.6916803096981206,1.114116601052091,0.8927360323896893,0.9594627858223979,0.3077426432501181,-0.6641973731456523,0.9496524907709334,-0.35752796480589355,-0.6340606814605939,-0.5935192026789141,-1.2803369335207555
1.516612046880764,1.5021987874390084,0.86366889934318,0.3050230420080638,-0.6266882900949404,0.3077426432501181,-0.6641973731456523,1.269535435030616,0.9114266573978106,1.5771361152633603,-0.5935192026789141,-0.9661052649673734
0.8805559963520088,0.09100393749804757,-0.639017310910287,0.3050230420080638,0.3250023554554625,-0.6509571799589724,-0.34567567399895416,0.3098866022515677,0.5941880018468845,-0.6340606814605939,1.684865452518453,-1.5945686020741379
-0.2643448945997506,0.5590587041247629,-1.6408081177459317,-0.2826899483735619,-0.30945807491147276,-0.9705237876953359,-0.6641973731456523,0.9496524907709334,-0.6747666203568196,-0.6340606814605939,1.684865452518453,0.29082140924615535
1.0077672064577599,0.9182401339266831,-0.1381219074924647,-1.458115929136813,-0.6266882900949404,-1.2900903954316993,0.29136772429444197,0.9496524907709334,0.2769493462959585,-0.6340606814605939,1.684865452518453,-1.5945686020741379
-1.6636682057630119,-0.19863025092420114,-0.639017310910287,0.8927360323896893,1.593923216189333,0.3077426432501181,-0.9827190722923503,-1.2895281190468464,0.2769493462959585,-0.6340606814605939,1.684865452518453,1.2335164149063018
0.8805559963520088,0.24154612335732253,1.6150120044699134,1.480449022771315,0.3250023554554625,0.3077426432501181,-0.9827190722923503,1.589418379290299,0.9114266573978106,-0.6340606814605939,-0.5935192026789141,-1.5945686020741379
-0.3915561047055016,1.4197390439398896,0.3627734959253576,-0.8704029387551875,1.593923216189333,1.2664424664592087,-0.34567567399895416,1.269535435030616,-0.6747666203568196,-0.6340606814605939,1.684865452518453,-0.6518735964139912
-0.9004009451285058,-1.0494354245026078,0.86366889934318,-0.8704029387551875,1.2766930010058655,-0.3313905722226089,0.60988942344114,1.589418379290299,1.5459039684996627,-0.6340606814605939,1.684865452518453,1.2335164149063018
-0.7731897350227547,-0.9298611023772435,0.11232579421644646,-0.2826899483735619,0.007772140271994877,1.2664424664592087,-1.6197624705857465,-0.3298792862677979,-0.6747666203568196,1.5771361152633603,1.684865452518453,-0.33764192786060904
-0.2643448945997506,0.9822055300129273,-1.1399127143281094,0.3050230420080638,-0.30945807491147276,-0.3313905722226089,1.2469328217345361,-0.9696451747871635,-1.3092439314586717,-0.6340606814605939,-0.5935192026789141,-1.5945686020741379
0.11728873571750253,-1.0764270541647758,1.114116601052091,-0.2826899483735619,-0.9439185052784081,0.6273092509864816,0.29136772429444197,-1.609411063306529,-0.040289309254967536,1.5771361152633603,1.684865452518453,-0.9661052649673734
1.0077672064577599,-1.288575983584249,1.3645643027610024,1.480449022771315,1.593923216189333,-1.6096570031680628,-1.6197624705857465,-0.3298792862677979,0.2769493462959585,1.5771361152633603,-0.5935192026789141,0.6050530777995375
1.516612046880764,0.8034860187903973,-0.3885696092013759,-1.458115929136813,0.9594627858223979,-0.6509571799589724,1.5654545208812343,-1.2895281190468464,-1.3092439314586717,-0.6340606814605939,-0.5935192026789141,-1.2803369335207555
-1.282034575445759,0.3651188026941631,0.86366889934318,0.3050230420080638,0.007772140271994877,-0.011823964486245425,0.60988942344114,1.269535435030616,0.2769493462959585,-0.6340606814605939,-0.5935192026789141,1.2335164149063018
-1.0276121552342568,-0.6147971837030242,-0.8894650126191982,-0.2826899483735619,1.593923216189333,-0.3313905722226089,-0.34567567399895416,1.589418379290299,1.2286653129487366,-0.6340606814605939,-0.5935192026789141,-1.2803369335207555
-1.0276121552342568,-0.6754681786225519,0.11232579421644646,0.3050230420080638,0.007772140271994877,-1.2900903954316993,0.9284111225878381,1.589418379290299,-0.35752796480589355,1.5771361152633603,1.684865452518453,1.5477480834596842
0.8805559963520088,-0.15776246040702577,-0.639017310910287,-1.458115929136813,1.593923216189333,-1.2900903954316993,0.29136772429444197,0.3098866022515677,-0.9920052759077457,-0.6340606814605939,-0.5935192026789141,-1.2803369335207555
1.0077672064577599,-0.3602216887060193,1.114116601052091,0.8927360323896893,0.3250023554554625,-0.9705237876953359,-0.9827190722923503,-0.6497622305274807,-1.6264825870095976,-0.6340606814605939,-0.5935192026789141,-0.9661052649673734
-0.9004009451285058,-1.278634118237691,0.6132211976342689,-0.2826899483735619,0.6422325706389302,-0.3313905722226089,0.9284111225878381,-1.609411063306529,0.2769493462959585,-0.6340606814605939,-0.5935192026789141,0.29082140924615535
-1.536456995657261,0.47521205438828673,-0.639017310910287,0.8927360323896893,0.3250023554554625,-0.011823964486245425,-1.6197624705857465,0.9496524907709334,-1.3092439314586717,1.5771361152633603,1.684865452518453,0.29082140924615535
1.516612046880764,0.9157800428119733,-0.1381219074924647,1.480449022771315,1.593923216189333,1.2664424664592087,0.9284111225878381,0.6297695465112505,-0.6747666203568196,1.5771361152633603,-0.5935192026789141,-0.6518735964139912
0.8805559963520088,-1.6759690765882937,0.6132211976342689,1.480449022771315,0.9594627858223979,-1.2900903954316993,-0.027153974852256096,1.589418379290299,-0.040289309254967536,-0.6340606814605939,-0.5935192026789141,-0.023410259307226837
-0.13713368449399954,1.3419901865619732,0.11232579421644646,-0.2826899483735619,0.007772140271994877,-1.2900903954316993,0.60988942344114,-1.2895281190468464,-0.6747666203568196,1.5771361152633603,1.684865452518453,1.5477480834596842
1.1349784165635108,0.8880862310356897,-0.639017310910287,0.3050230420080638,0.3250023554554625,1.5860090741955721,0.9284111225878381,-1.609411063306529,-0.9920052759077457,-0.6340606814605939,-0.5935192026789141,-0.6518735964139912
0.6261335761405067,1.2955646824141707,0.3627734959253576,-0.2826899483735619,-1.5783789356453435,-0.6509571799589724,-1.6197624705857465,0.6297695465112505,0.5941880018468845,-0.6340606814605939,-0.5935192026789141,1.2335164149063018
0.49892236603475565,0.12581873992536996,0.6132211976342689,-1.458115929136813,0.3250023554554625,-0.011823964486245425,1.2469328217345361,0.9496524907709334,1.5459039684996627,1.5771361152633603,-0.5935192026789141,-0.9661052649673734
0.11728873571750253,1.5754063007505181,1.114116601052091,-0.8704029387551875,1.2766930010058655,-1.6096570031680628,-0.34567567399895416,0.3098866022515677,-0.35752796480589355,-0.6340606814605939,-0.5935192026789141,1.5477480834596842
-0.3915561047055016,-0.9214537355089236,-1.6408081177459317,0.3050230420080638,1.593923216189333,0.6273092509864816,-0.34567567399895416,1.269535435030616,-0.35752796480589355,-0.6340606814605939,1.684865452518453,-0.023410259307226837
1.1349784165635108,1.0603698885139892,0.3627734959253576,-0.8704029387551875,-0.9439185052784081,-0.9705237876953359,1.2469328217345361,0.3098866022515677,-0.35752796480589355,-0.6340606814605939,-0.5935192026789141,-0.33764192786060904
1.2621896266692618,-1.0037181341905033,-1.1399127143281094,-0.2826899483735619,0.9594627858223979,-1.2900903954316993,0.9284111225878381,1.589418379290299,0.2769493462959585,-0.6340606814605939,1.684865452518453,-0.33764192786060904
1.0077672064577599,0.06300928067941183,-0.3885696092013759,1.480449022771315,0.6422325706389302,-0.011823964486245425,-0.027153974852256096,0.6297695465112505,-0.35752796480589355,-0.6340606814605939,1.684865452518453,0.29082140924615535
-1.1548233653400077,1.3213718913662125,1.6150120044699134,0.3050230420080638,0.6422325706389302,-1.6096570031680628,-0.6641973731456523,-0.9696451747871635,-1.3092439314586717,1.5771361152633603,-0.5935192026789141,0.6050530777995375
-1.1548233653400077,-1.5705444711052952,0.86366889934318,-1.458115929136813,0.007772140271994877,-0.3313905722226089,1.2469328217345361,0.6297695465112505,1.5459039684996627,-0.6340606814605939,-0.5935192026789141,1.2335164149063018
0.3717111559290046,1.1843263877953398,-1.6408081177459317,0.8927360323896893,-0.30945807491147276,-0.3313905722226089,-0.6641973731456523,-0.009996342008115089,-1.6264825870095976,-0.6340606814605939,-0.5935192026789141,-1.5945686020741379
1.0077672064577599,-0.13051863801626867,1.6150120044699134,0.3050230420080638,0.3250023554554625,-0.3313905722226089,0.29136772429444197,-0.6497622305274807,-1.3092439314586717,-0.6340606814605939,-0.5935192026789141,0.29082140924615535
0.3717111559290046,1.1268651336338853,0.11232579421644646,0.8927360323896893,-0.9439185052784081,0.9468758587228451,1.2469328217345361,-0.6497622305274807,-1.6264825870095976,1.5771361152633603,1.684865452518453,0.9192847463529197
0.24449994582325357,-0.19253770962424138,-0.3885696092013759,0.3050230420080638,-1.5783789356453435,0.9468758587228451,-1.6197624705857465,0.9496524907709334,1.5459039684996627,1.5771361152633603,-0.5935192026789141,-0.9661052649673734
-0.5187673148112526,0.6830536636892847,-0.3885696092013759,1.480449022771315,0.007772140271994877,-1.2900903954316993,-0.027153974852256096,0.3098866022515677,1.2286653129487366,-0.6340606814605939,-0.5935192026789141,-0.9661052649673734
-1.282034575445759,-0.5514613965045979,-0.639017310910287,0.8927360323896893,-0.30945807491147276,-0.3313905722226089,-0.027153974852256096,0.6297695465112505,-0.9920052759077457,1.5771361152633603,-0.5935192026789141,-0.6518735964139912
-1.536456995657261,-1.2597525178858853,-0.1381219074924647,0.3050230420080638,0.3250023554554625,0.6273092509864816,0.9284111225878381,-0.3298792862677979,1.5459039684996627,-0.6340606814605939,1.684865452518453,-1.2803369335207555
-0.6459785249170037,0.4784966173543129,1.3645643027610024,-0.2826899483735619,0.3250023554554625,1.2664424664592087,-1.6197624705857465,0.9496524907709334,0.2769493462959585,-0.6340606814605939,-0.5935192026789141,-0.6518735964139912
-1.536456995657261,-0.896489325732728,1.114116601052091,0.3050230420080638,1.2766930010058655,0.3077426432501181,-1.3012407714390484,-1.2895281190468464,1.5459039684996627,-0.6340606814605939,-0.5935192026789141,0.9192847463529197
-0.9004009451285058,0.573815782980699,0.86366889934318,0.3050230420080638,0.6422325706389302,-0.3313905722226089,1.2469328217345361,-0.009996342008115089,-0.35752796480589355,-0.6340606814605939,-0.5935192026789141,0.9192847463529197
-1.0276121552342568,-0.8344083922625203,-0.1381219074924647,1.480449022771315,-1.2611487204618759,0.6273092509864816,0.9284111225878381,0.3098866022515677,-1.3092439314586717,-0.6340606814605939,-0.5935192026789141,-0.023410259307226837
-0.9004009451285058,-1.5108528556048237,-1.1399127143281094,-0.2826899483735619,1.593923216189333,0.3077426432501181,0.29136772429444197,0.3098866022515677,-0.6747666203568196,-0.6340606814605939,-0.5935192026789141,-1.5945686020741379
1.643823256986515,-0.525146589647446,-1.1399127143281094,1.480449022771315,1.2766930010058655,0.9468758587228451,-0.9827190722923503,1.269535435030616,0.5941880018468845,-0.6340606814605939,-0.5935192026789141,0.6050530777995375
0.11728873571750253,0.6063814613266777,0.3627734959253576,-0.8704029387551875,0.6422325706389302,-1.2900903954316993,1.2469328217345361,0.3098866022515677,0.9114266573978106,-0.6340606814605939,1.684865452518453,0.6050530777995375
-0.9004009451285058,-0.8105993487339406,0.11232579421644646,-0.2826899483735619,0.3250023554554625,-1.6096570031680628,-1.6197624705857465,-0.3298792862677979,-0.35752796480589355,1.5771361152633603,-0.5935192026789141,-0.6518735964139912
-0.9004009451285058,1.3496998597395877,-1.6408081177459317,-0.2826899483735619,1.2766930010058655,-0.3313905722226089,-0.34567567399895416,-0.3298792862677979,-0.6747666203568196,1.5771361152633603,1.684865452518453,-0.33764192786060904
-1.1548233653400077,0.07495631527871202,1.114116601052091,-1.458115929136813,0.007772140271994877,0.9468758587228451,0.60988942344114,-0.6497622305274807,-1.3092439314586717,1.5771361152633603,1.684865452518453,0.6050530777995375
1.643823256986515,-0.6785177223323849,1.114116601052091,-1.458115929136813,0.007772140271994877,-1.2900903954316993,0.60988942344114,0.9496524907709334,0.9114266573978106,-0.6340606814605939,-0.5935192026789141,1.2335164149063018
-1.6636682057630119,1.3411925273914211,-0.1381219074924647,1.480449022771315,-0.30945807491147276,-0.011823964486245425,-1.3012407714390484,0.3098866022515677,-0.6747666203568196,1.5771361152633603,-0.5935192026789141,0.29082140924615535
-1.40924578555151,-0.37750542557976496,1.3645643027610024,-0.8704029387551875,-1.5783789356453435,-1.2900903954316993,-0.9827190722923503,-1.2895281190468464,1.2286653129487366,-0.6340606814605939,-0.5935192026789141,0.29082140924615535
1.3894008367750128,-0.8756577471940141,-0.1381219074924647,0.8927360323896893,1.593923216189333,-1.6096570031680628,1.2469328217345361,1.269535435030616,-1.6264825870095976,-0.6340606814605939,1.684865452518453,-0.6518735964139912
-0.13713368449399954,-1.2266980322252883,-0.8894650126191982,-0.2826899483735619,0.6422325706389302,1.5860090741955721,1.2469328217345361,-0.3298792862677979,0.9114266573978106,1.5771361152633603,-0.5935192026789141,-0.33764192786060904
-0.9004009451285058,1.582959428732906,0.86366889934318,-0.8704029387551875,-0.30945807491147276,-1.2900903954316993,-0.6641973731456523,-0.3298792862677979,0.2769493462959585,1.5771361152633603,-0.5935192026789141,-0.6518735964139912
-0.009922474388248505,-0.10508253089744615,0.3627734959253576,1.480449022771315,-0.30945807491147276,0.3077426432501181,1.5654545208812343,0.6297695465112505,0.5941880018468845,-0.6340606814605939,-0.5935192026789141,-0.9661052649673734
-0.13713368449399954,0.5991290382710082,-1.1399127143281094,-0.8704029387551875,0.007772140271994877,0.3077426432501181,-1.3012407714390484,-1.2895281190468464,-0.040289309254967536,-0.6340606814605939,-0.5935192026789141,-0.023410259307226837
-0.6459785249170037,-0.38661286500114184,-0.639017310910287,-0.2826899483735619,0.007772140271994877,0.6273092509864816,-0.027153974852256096,-0.6497622305274807,-0.040289309254967536,-0.6340606814605939,1.684865452518453,0.29082140924615535
0.7533447862462577,1.4877473260240255,-0.8894650126191982,0.8927360323896893,-1.2611487204618759,1.2664424664592087,0.9284111225878381,-0.6497622305274807,-0.35752796480589355,-0.6340606814605939,-0.5935192026789141,0.6050530777995375
-0.2643448945997506,-0.970301324555565,-1.1399127143281094,0.8927360323896893,1.2766930010058655,1.5860090741955721,-0.027153974852256096,0.3098866022515677,0.9114266573978106,-0.6340606814605939,-0.5935192026789141,1.5477480834596842
-1.0276121552342568,1.1470397216082713,-0.639017310910287,0.3050230420080638,-0.30945807491147276,-1.2900903954316993,1.2469328217345361,-0.3298792862677979,0.9114266573978106,-0.6340606814605939,-0.5935192026789141,-0.9661052649673734
-1.6636682057630119,-1.4123710915171768,-1.1399127143281094,0.8927360323896893,-1.5783789356453435,0.6273092509864816,-1.3012407714390484,-0.6497622305274807,-0.6747666203568196,1.5771361152633603,-0.5935192026789141,-0.9661052649673734
-0.13713368449399954,0.23608503808916542,0.11232579421644646,0.8927360323896893,-1.2611487204618759,0.9468758587228451,-0.9827190722923503,0.9496524907709334,-1.3092439314586717,1.5771361152633603,1.684865452518453,0.6050530777995375
-1.1548233653400077,-1.026116081323717,-0.8894650126191982,0.3050230420080638,-0.9439185052784081,1.2664424664592087,-1.6197624705857465,-1.609411063306529,1.2286653129487366,-0.6340606814605939,-0.5935192026789141,-0.6518735964139912
-1.1548233653400077,0.7440683144856857,-0.3885696092013759,1.480449022771315,0.6422325706389302,-0.9705237876953359,0.9284111225878381,1.269535435030616,0.5941880018468845,-0.6340606814605939,-0.5935192026789141,0.6050530777995375
1.1349784165635108,1.1120309566232884,-1.1399127143281094,-1.458115929136813,-0.9439185052784081,0.6273092509864816,-0.6641973731456523,1.589418379290299,0.5941880018468845,-0.6340606814605939,-0.5935192026789141,-0.023410259307226837
1.516612046880764,1.3954436594588964,-1.3903604160370207,0.8927360323896893,1.593923216189333,-1.2900903954316993,-1.6197624705857465,-0.9696451747871635,0.5941880018468845,-0.6340606814605939,-0.5935192026789141,-1.5945686020741379
0.11728873571750253,-1.4493796037264808,-1.6408081177459317,1.480449022771315,0.6422325706389302,-0.3313905722226089,-0.34567567399895416,0.9496524907709334,1.2286653129487366,1.5771361152633603,1.684865452518453,-0.023410259307226837
1.516612046880764,0.9842275595257802,0.6132211976342689,0.8927360323896893,-0.9439185052784081,0.6273092509864816,-0.9827190722923503,0.3098866022515677,0.2769493462959585,-0.6340606814605939,-0.5935192026789141,-1.5945686020741379
1.0077672064577599,0.7203156532740561,0.6132211976342689,-1.458115929136813,-1.2611487204618759,0.6273092509864816,-0.027153974852256096,-0.9696451747871635,0.5941880018468845,-0.6340606814605939,-0.5935192026789141,0.29082140924615535
-1.40924578555151,-1.2851679088145886,-0.3885696092013759,1.480449022771315,-0.6266882900949404,1.5860090741955721,1.2469328217345361,-0.9696451747871635,1.2286653129487366,-0.6340606814605939,-0.5935192026789141,-1.5945686020741379
0.8805559963520088,-0.691970449526685,-0.639017310910287,0.3050230420080638,0.007772140271994877,-0.9705237876953359,0.60988942344114,0.6297695465112505,-0.6747666203568196,-0.6340606814605939,-0.5935192026789141,-1.5945686020741379
1.2621896266692618,-1.6492183188150238,-1.3903604160370207,0.8927360323896893,0.3250023554554625,1.5860090741955721,-1.3012407714390484,-0.6497622305274807,1.2286653129487366,1.5771361152633603,-0.5935192026789141,-1.2803369335207555
-1.1548233653400077,0.347819342132592,0.11232579421644646,0.8927360323896893,-0.9439185052784081,0.9468758587228451,-1.6197624705857465,0.9496524907709334,-0.6747666203568196,1.5771361152633603,-0.5935192026789141,-1.2803369335207555
1.1349784165635108,0.6386581590625066,-0.1381219074924647,1.480449022771315,0.6422325706389302,0.9468758587228451,0.29136772429444197,0.3098866022515677,0.5941880018468845,-0.6340606814605939,-0.5935192026789141,0.29082140924615535
1.0077672064577599,0.6064522375493895,-0.639017310910287,-0.2826899483735619,0.9594627858223979,-0.011823964486245425,-0.34567567399895416,1.269535435030616,-0.6747666203568196,1.5771361152633603,1.684865452518453,0.29082140924615535
-0.13713368449399954,0.4593935767324898,-1.6408081177459317,-1.458115929136813,0.007772140271994877,-1.2900903954316993,0.60988942344114,0.3098866022515677,-1.3092439314586717,1.5771361152633603,1.684865452518453,0.6050530777995375
-0.009922474388248505,0.9116209295180546,1.6150120044699134,-0.2826899483735619,-0.6266882900949404,-0.011823964486245425,-1.3012407714390484,-1.609411063306529,0.5941880018468845,-0.6340606814605939,-0.5935192026789141,0.6050530777995375
-1.282034575445759,0.7514845933703963,0.86366889934318,0.8927360323896893,0.6422325706389302,-1.2900903954316993,0.60988942344114,-1.609411063306529,-0.040289309254967536,-0.6340606814605939,-0.5935192026789141,0.29082140924615535
-1.1548233653400077,0.9725674358020484,-0.1381219074924647,-0.8704029387551875,0.9594627858223979,0.9468758587228451,1.2469328217345361,0.3098866022515677,1.5459039684996627,1.5771361152633603,-0.5935192026789141,1.2335164149063018
-1.40924578555151,-0.9009057016512907,0.11232579421644646,-0.2826899483735619,-1.5783789356453435,-1.2900903954316993,-1.3012407714390484,-1.2895281190468464,-0.35752796480589355,-0.6340606814605939,1.684865452518453,-0.33764192786060904
0.11728873571750253,-0.8005522430251204,-1.1399127143281094,0.3050230420080638,0.6422325706389302,-0.3313905722226089,-0.9827190722923503,1.269535435030616,0.2769493462959585,1.5771361152633603,-0.5935192026789141,-1.2803369335207555
-0.5187673148112526,-1.5820655258736478,-1.6408081177459317,-1.458115929136813,-1.2611487204618759,1.2664424664592087,0.60988942344114,-0.3298792862677979,-1.6264825870095976,-0.6340606814605939,1.684865452518453,1.2335164149063018
-0.3915561047055016,-1.741914679611265,0.6132211976342689,-0.8704029387551875,0.007772140271994877,-0.3313905722226089,1.5654545208812343,-0.9696451747871635,-0.6747666203568196,1.5771361152633603,-0.5935192026789141,-1.5945686020741379
-0.009922474388248505,-0.4494530537778992,-0.8894650126191982,-0.8704029387551875,0.3250023554554625,-1.2900903954316993,-0.34567567399895416,-0.6497622305274807,0.5941880018468845,-0.6340606814605939,-0.5935192026789141,-0.023410259307226837
1.0077672064577599,1.2997685848222602,0.6132211976342689,-1.458115929136813,-0.30945807491147276,0.6273092509864816,-0.6641973731456523,-0.009996342008115089,-1.3092439314586717,-0.6340606814605939,-0.5935192026789141,-1.2803369335207555
0.49892236603475565,-0.8743957694013766,-0.639017310910287,-1.458115929136813,1.2766930010058655,0.3077426432501181,0.60988942344114,1.589418379290299,1.5459039684996627,1.5771361152633603,-0.5935192026789141,1.5477480834596842
1.1349784165635108,0.29801843804685524,1.114116601052091,-0.8704029387551875,0.3250023554554625,-0.3313905722226089,-0.6641973731456523,0.9496524907709334,1.5459039684996627,-0.6340606814605939,-0.5935192026789141,1.5477480834596842
1.1349784165635108,0.1382796742943782,1.6150120044699134,-0.8704029387551875,0.6422325706389302,-0.9705237876953359,0.60988942344114,-0.6497622305274807,0.9114266573978106,1.5771361152633603,-0.5935192026789141,0.9192847463529197
-1.282034575445759,-0.44479791776387884,0.6132211976342689,-0.8704029387551875,0.007772140271994877,0.9468758587228451,0.29136772429444197,-0.3298792862677979,-1.6264825870095976,-0.6340606814605939,-0.5935192026789141,-0.9661052649673734
0.8805559963520088,-1.6079122235032075,-1.3903604160370207,1.480449022771315,0.007772140271994877,0.6273092509864816,-0.9827190722923503,-1.609411063306529,-0.6747666203568196,-0.6340606814605939,-0.5935192026789141,0.29082140924615535
1.0077672064577599,-0.42580938708983673,-0.639017310910287,0.8927360323896893,0.6422325706389302,0.9468758587228451,0.29136772429444197,1.269535435030616,-1.6264825870095976,-0.6340606814605939,-0.5935192026789141,-0.6518735964139912
0.7533447862462577,0.19202282770600496,1.6150120044699134,-0.8704029387551875,-0.30945807491147276,0.9468758587228451,1.5654545208812343,-0.009996342008115089,0.9114266573978106,1.5771361152633603,-0.5935192026789141,-0.023410259307226837
0.7533447862462577,-1.5231988383506656,-0.3885696092013759,-0.8704029387551875,0.9594627858223979,-1.2900903954316993,-1.6197624705857465,-0.009996342008115089,-1.3092439314586717,-0.6340606814605939,-0.5935192026789141,-0.6518735964139912
0.11728873571750253,-0.6843979281261373,0.6132211976342689,-0.8704029387551875,-1.5783789356453435,1.5860090741955721,-1.6197624705857465,0.6297695465112505,0.9114266573978106,-0.6340606814605939,-0.5935192026789141,-1.5945686020741379
1.1349784165635108,-1.38208934772939,0.11232579421644646,1.480449022771315,-0.9439185052784081,-0.011823964486245425,1.5654545208812343,-0.6497622305274807,-0.040289309254967536,-0.6340606814605939,-0.5935192026789141,-1.5945686020741379
-0.2643448945997506,-1.5566411831819118,-0.1381219074924647,1.480449022771315,0.3250023554554625,0.6273092509864816,1.2469328217345361,1.589418379290299,-0.6747666203568196,-0.6340606814605939,-0.5935192026789141,0.6050530777995375
-1.6636682057630119,-1.4832516649199503,-1.3903604160370207,-0.8704029387551875,0.6422325706389302,-0.3313905722226089,-1.6197624705857465,-1.609411063306529,1.5459039684996627,-0.6340606814605939,-0.5935192026789141,-0.6518735964139912
0.6261335761405067,-0.25251982409206,-1.1399127143281094,1.480449022771315,0.007772140271994877,-0.9705237876953359,-0.9827190722923503,-0.009996342008115089,-1.3092439314586717,-0.6340606814605939,1.684865452518453,-1.2803369335207555
0.11728873571750253,-0.7582968924872688,-0.639017310910287,-0.2826899483735619,-0.6266882900949404,-0.6509571799589724,-0.9827190722923503,-0.009996342008115089,-0.040289309254967536,1.5771361152633603,-0.5935192026789141,-0.023410259307226837
-1.536456995657261,-0.6105732641032854,0.11232579421644646,-0.2826899483735619,-1.5783789356453435,-1.2900903954316993,0.29136772429444197,-0.6497622305274807,-0.35752796480589355,1.5771361152633603,-0.5935192026789141,-0.9661052649673734
-1.1548233653400077,-0.36402544962299144,1.6150120044699134,0.3050230420080638,0.3250023554554625,-1.2900903954316993,1.2469328217345361,-1.2895281190468464,-0.9920052759077457,-0.6340606814605939,1.684865452518453,-0.6518735964139912
-1.536456995657261,-0.20567975957133344,-0.639017310910287,-1.458115929136813,-1.2611487204618759,1.2664424664592087,1.2469328217345361,-1.609411063306529,-1.6264825870095976,-0.6340606814605939,-0.5935192026789141,-0.023410259307226837
0.8805559963520088,0.40881593506198255,-0.3885696092013759,0.3050230420080638,0.3250023554554625,-0.011823964486245425,-1.3012407714390484,0.9496524907709334,1.5459039684996627,-0.6340606814605939,-0.5935192026789141,-0.6518735964139912
-1.0276121552342568,0.07345000520346692,1.114116601052091,0.8927360323896893,-1.2611487204618759,1.2664424664592087,1.5654545208812343,0.3098866022515677,-1.6264825870095976,1.5771361152633603,-0.5935192026789141,0.9192847463529197
1.2621896266692618,1.1707498654821065,0.3627734959253576,1.480449022771315,-1.5783789356453435,1.5860090741955721,0.9284111225878381,-0.9696451747871635,-0.040289309254967536,-0.6340606814605939,1.684865452518453,-0.023410259307226837
0.8805559963520088,0.2999450153472999,-0.3885696092013759,0.3050230420080638,-0.6266882900949404,0.6273092509864816,-1.3012407714390484,-1.2895281190468464,-1.6264825870095976,-0.6340606814605939,-0.5935192026789141,-0.6518735964139912
0.8805559963520088,1.2973455196588455,-1.6408081177459317,0.8927360323896893,-0.6266882900949404,0.3077426432501181,-1.6197624705857465,-1.2895281190468464,1.2286653129487366,-0.6340606814605939,1.684865452518453,0.9192847463529197
0.7533447862462577,-0.43143141414277214,0.11232579421644646,-1.458115929136813,-1.2611487204618759,-1.2900903954316993,-0.027153974852256096,0.6297695465112505,-1.6264825870095976,-0.6340606814605939,-0.5935192026789141,-1.5945686020741379
0.11728873571750253,-1.2244132295893573,-0.8894650126191982,-1.458115929136813,-0.9439185052784081,0.3077426432501181,1.5654545208812343,0.3098866022515677,0.2769493462959585,-0.6340606814605939,-0.5935192026789141,1.2335164149063018
-1.40924578555151,-1.330308486500095,-0.8894650126191982,-1.458115929136813,0.3250023554554625,-0.6509571799589724,0.60988942344114,0.9496524907709334,-0.35752796480589355,-0.6340606814605939,-0.5935192026789141,0.9192847463529197
0.3717111559290046,1.5019021030323787,-0.639017310910287,0.8927360323896893,0.007772140271994877,-0.6509571799589724,-1.6197624705857465,-0.3298792862677979,-0.9920052759077457,-0.6340606814605939,-0.5935192026789141,1.5477480834596842
-0.6459785249170037,1.0439024835093051,1.114116601052091,0.8927360323896893,-0.6266882900949404,-1.6096570031680628,-0.34567567399895416,1.269535435030616,-0.9920052759077457,-0.6340606814605939,-0.5935192026789141,-0.6518735964139912
1.1349784165635108,-0.19246412072910513,-0.3885696092013759,1.480449022771315,-1.5783789356453435,1.2664424664592087,-0.34567567399895416,0.3098866022515677,-0.35752796480589355,-0.6340606814605939,-0.5935192026789141,-0.023410259307226837
-0.7731897350227547,0.7915941176349168,1.114116601052091,-1.458115929136813,1.593923216189333,1.2664424664592087,-0.6641973731456523,0.9496524907709334,-0.040289309254967536,1.5771361152633603,-0.5935192026789141,-1.2803369335207555
0.3717111559290046,0.23837925636783905,0.86366889934318,-0.8704029387551875,-1.2611487204618759,0.9468758587228451,1.2469328217345361,-0.3298792862677979,1.2286653129487366,1.5771361152633603,1.684865452518453,-0.33764192786060904
0.8805559963520088,-0.6900616118712484,0.3627734959253576,0.3050230420080638,0.3250023554554625,-0.3313905722226089,-0.027153974852256096,-0.9696451747871635,-0.35752796480589355,1.5771361152633603,-0.5935192026789141,0.29082140924615535
0.6261335761405067,0.7831255812221717,-0.639017310910287,0.3050230420080638,-1.5783789356453435,-1.2900903954316993,-1.3012407714390484,0.6297695465112505,-0.040289309254967536,1.5771361152633603,1.684865452518453,-0.023410259307226837
0.7533447862462577,-0.6456749852511556,-0.3885696092013759,-0.8704029387551875,0.007772140271994877,-0.9705237876953359,-1.6197624705857465,-0.009996342008115089,1.2286653129487366,-0.6340606814605939,-0.5935192026789141,-0.6518735964139912
-1.1548233653400077,1.0844536945897885,1.6150120044699134,0.3050230420080638,0.9594627858223979,-0.6509571799589724,-0.34567567399895416,-0.009996342008115089,0.5941880018468845,-0.6340606814605939,-0.5935192026789141,1.2335164149063018
-1.6636682057630119,-1.7236500250013849,-0.639017310910287,-0.8704029387551875,0.6422325706389302,0.3077426432501181,1.2469328217345361,-1.609411063306529,1.2286653129487366,-0.6340606814605939,1.684865452518453,-1.5945686020741379
-0.009922474388248505,-1.2587871937484176,1.3645643027610024,1.480449022771315,0.9594627858223979,0.9468758587228451,-0.34567567399895416,0.6297695465112505,0.9114266573978106,1.5771361152633603,-0.5935192026789141,0.6050530777995375
0.6261335761405067,-0.7429627817713043,-1.1399127143281094,-1.458115929136813,-0.30945807491147276,0.3077426432501181,1.5654545208812343,-0.6497622305274807,0.9114266573978106,1.5771361152633603,-0.5935192026789141,-0.023410259307226837
1.2621896266692618,-0.6175391263906048,-0.639017310910287,-0.8704029387551875,-1.5783789356453435,-1.2900903954316993,-0.9827190722923503,1.269535435030616,-0.9920052759077457,-0.6340606814605939,1.684865452518453,-1.5945686020741379
0.24449994582325357,0.7276179601752628,-1.1399127143281094,1.480449022771315,0.9594627858223979,-1.6096570031680628,0.60988942344114,-0.6497622305274807,0.2769493462959585,-0.6340606814605939,1.684865452518453,0.9192847463529197
-0.3915561047055016,1.7034882141054055,-1.6408081177459317,-0.2826899483735619,0.007772140271994877,1.5860090741955721,1.5654545208812343,1.269535435030616,-0.040289309254967536,-0.6340606814605939,1.684865452518453,1.2335164149063018
-0.2643448945997506,0.7562228816097375,-0.8894650126191982,1.480449022771315,-0.9439185052784081,0.3077426432501181,1.2469328217345361,0.6297695465112505,1.2286653129487366,-0.6340606814605939,-0.5935192026789141,1.5477480834596842
1.516612046880764,-0.32635252638526063,-1.6408081177459317,1.480449022771315,-0.6266882900949404,0.6273092509864816,-0.9827190722923503,0.3098866022515677,-0.9920052759077457,-0.6340606814605939,-0.5935192026789141,1.2335164149063018
1.3894008367750128,-0.7007306220306606,1.6150120044699134,1.480449022771315,0.007772140271994877,-0.3313905722226089,0.29136772429444197,-0.009996342008115089,0.9114266573978106,-0.6340606814605939,-0.5935192026789141,-1.5945686020741379
-0.009922474388248505,-1.3456766579321966,0.3627734959253576,-0.8704029387551875,-1.5783789356453435,-1.2900903954316993,-0.9827190722923503,0.6297695465112505,-1.6264825870095976,1.5771361152633603,-0.5935192026789141,-0.9661052649673734
-1.282034575445759,0.8952079155074085,-0.1381219074924647,-0.2826899483735619,0.007772140271994877,-0.9705237876953359,-0.34567567399895416,0.6297695465112505,-0.6747666203568196,1.5771361152633603,-0.5935192026789141,-0.6518735964139912
-1.536456995657261,-0.9201593677365064,0.86366889934318,-1.458115929136813,0.007772140271994877,1.5860090741955721,0.60988942344114,-0.9696451747871635,-1.3092439314586717,-0.6340606814605939,-0.5935192026789141,1.2335164149063018
1.1349784165635108,-1.0204658847572168,0.11232579421644646,0.3050230420080638,0.3250023554554625,0.3077426432501181,1.2469328217345361,-0.9696451747871635,-0.040289309254967536,-0.6340606814605939,-0.5935192026789141,1.5477480834596842
-0.6459785249170037,-1.37286381081361,0.86366889934318,0.8927360323896893,1.2766930010058655,-1.2900903954316993,-1.3012407714390484,-1.2895281190468464,-0.9920052759077457,-0.6340606814605939,1.684865452518453,-0.023410259307226837
-0.009922474388248505,-1.467358040401372,0.86366889934318,-0.2826899483735619,1.2766930010058655,-1.6096570031680628,0.60988942344114,-1.2895281190468464,1.2286653129487366,-0.6340606814605939,-0.5935192026789141,0.9192847463529197
0.11728873571750253,1.118971292613218,-0.3885696092013759,-1.458115929136813,-0.30945807491147276,1.2664424664592087,-1.6197624705857465,-1.609411063306529,-0.6747666203568196,-0.6340606814605939,-0.5935192026789141,-1.5945686020741379
0.11728873571750253,0.7127399712134738,1.6150120044699134,-0.8704029387551875,1.2766930010058655,1.2664424664592087,-0.027153974852256096,-0.6497622305274807,-1.6264825870095976,-0.6340606814605939,-0.5935192026789141,0.6050530777995375
-0.009922474388248505,1.0833996925271416,0.11232579421644646,-1.458115929136813,-1.2611487204618759,-1.2900903954316993,-0.6641973731456523,-0.6497622305274807,-1.3092439314586717,1.5771361152633603,-0.5935192026789141,-0.6518735964139912
0.11728873571750253,0.06942521374162806,-1.3903604160370207,0.3050230420080638,-1.2611487204618759,-0.011823964486245425,-1.3012407714390484,-1.2895281190468464,-1.3092439314586717,-0.6340606814605939,-0.5935192026789141,0.6050530777995375
-1.40924578555151,0.20167479709441527,0.3627734959253576,-0.2826899483735619,-1.5783789356453435,1.5860090741955721,0.60988942344114,-0.9696451747871635,1.5459039684996627,-0.6340606814605939,-0.5935192026789141,0.29082140924615535
-1.40924578555151,0.6452599568839349,-0.8894650126191982,-1.458115929136813,-1.5783789356453435,0.3077426432501181,-0.027153974852256096,-0.3298792862677979,-1.3092439314586717,-0.6340606814605939,-0.5935192026789141,-0.6518735964139912
0.11728873571750253,-1.5337739856039554,-0.1381219074924647,-0.2826899483735619,-0.9439185052784081,-0.9705237876953359,-0.6641973731456523,-0.3298792862677979,1.5459039684996627,1.5771361152633603,-0.5935192026789141,0.29082140924615535
-0.009922474388248505,-0.850576832944773,-0.8894650126191982,-1.458115929136813,-0.9439185052784081,-0.6509571799589724,0.60988942344114,-0.9696451747871635,-0.35752796480589355,-0.6340606814605939,1.684865452518453,0.29082140924615535
-0.7731897350227547,1.182793124708004,1.114116601052091,1.480449022771315,-0.9439185052784081,-0.011823964486245425,-1.6197624705857465,-0.6497622305274807,-0.040289309254967536,1.5771361152633603,-0.5935192026789141,-0.6518735964139912
-0.6459785249170037,-0.3466410652077925,-0.3885696092013759,-0.2826899483735619,-1.2611487204618759,1.5860090741955721,0.60988942344114,-0.009996342008115089,0.2769493462959585,-0.6340606814605939,-0.5935192026789141,-0.9661052649673734
-0.009922474388248505,-0.21202847397650132,0.6132211976342689,0.3050230420080638,0.9594627858223979,0.6273092509864816,-0.6641973731456523,0.3098866022515677,-0.35752796480589355,-0.6340606814605939,-0.5935192026789141,0.29082140924615535
-1.6636682057630119,-1.2544080713014167,1.3645643027610024,-0.8704029387551875,1.593923216189333,-0.6509571799589724,-1.3012407714390484,-1.609411063306529,-0.040289309254967536,-0.6340606814605939,-0.5935192026789141,-0.33764192786060904
-1.0276121552342568,0.6747888402097759,1.114116601052091,0.8927360323896893,0.007772140271994877,0.3077426432501181,-0.9827190722923503,0.6297695465112505,1.5459039684996627,-0.6340606814605939,-0.5935192026789141,-0.33764192786060904
-0.009922474388248505,-0.5385379740800151,-0.8894650126191982,-0.8704029387551875,0.9594627858223979,0.3077426432501181,1.5654545208812343,-0.3298792862677979,-0.040289309254967536,1.5771361152633603,-0.5935192026789141,0.29082140924615535
0.3717111559290046,0.37563714255472797,-1.1399127143281094,1.480449022771315,1.593923216189333,-0.9705237876953359,0.9284111225878381,-0.3298792862677979,-0.6747666203568196,-0.6340606814605939,-0.5935192026789141,-1.5945686020741379
-0.6459785249170037,-0.09388663084330812,0.3627734959253576,-0.2826899483735619,-0.30945807491147276,1.5860090741955721,-0.34567567399895416,-0.3298792862677979,-0.35752796480589355,-0.6340606814605939,1.684865452518453,0.6050530777995375
1.0077672064577599,-1.4128289928566802,-0.639017310910287,-0.8704029387551875,-1.2611487204618759,0.9468758587228451,0.29136772429444197,-1.609411063306529,-0.040289309254967536,-0.6340606814605939,1.684865452518453,0.29082140924615535
-0.5187673148112526,0.18000718046794717,0.86366889934318,1.480449022771315,-1.5783789356453435,-0.3313905722226089,-1.6197624705857465,-0.9696451747871635,-0.35752796480589355,-0.6340606814605939,-0.5935192026789141,1.2335164149063018
0.8805559963520088,0.4066315375777912,-1.6408081177459317,0.3050230420080638,-1.2611487204618759,-0.011823964486245425,0.29136772429444197,-0.9696451747871635,1.5459039684996627,-0.6340606814605939,1.684865452518453,-1.5945686020741379
-0.009922474388248505,-0.712323010806528,-0.639017310910287,0.8927360323896893,1.593923216189333,0.3077426432501181,1.2469328217345361,-0.9696451747871635,1.2286653129487366,-0.6340606814605939,-0.5935192026789141,-0.023410259307226837
-1.536456995657261,-0.06202974304509402,0.86366889934318,-0.8704029387551875,-1.2611487204618759,0.6273092509864816,1.5654545208812343,-0.3298792862677979,1.2286653129487366,-0.6340606814605939,1.684865452518453,-1.5945686020741379
-1.282034575445759,-0.33198444828809387,-1.1399127143281094,1.480449022771315,0.9594627858223979,0.3077426432501181,-1.3012407714390484,1.269535435030616,-0.6747666203568196,1.5771361152633603,-0.5935192026789141,1.5477480834596842
-1.40924578555151,0.658497840388991,-0.639017310910287,-0.2826899483735619,0.3250023554554625,-0.9705237876953359,1.5654545208812343,-0.009996342008115089,-0.9920052759077457,-0.6340606814605939,-0.5935192026789141,0.9192847463529197
-1.1548233653400077,1.344406047556191,1.6150120044699134,-0.8704029387551875,-0.30945807491147276,-1.2900903954316993,0.29136772429444197,-1.609411063306529,1.2286653129487366,1.5771361152633603,1.684865452518453,0.9192847463529197
0.11728873571750253,-0.9842777823075582,0.3627734959253576,0.3050230420080638,0.3250023554554625,-0.011823964486245425,0.29136772429444197,1.589418379290299,-0.35752796480589355,-0.6340606814605939,-0.5935192026789141,-0.9661052649673734
-0.13713368449399954,-0.4864848444192205,1.3645643027610024,1.480449022771315,0.6422325706389302,0.3077426432501181,-0.9827190722923503,0.3098866022515677,1.5459039684996627,-0.6340606814605939,-0.5935192026789141,0.9192847463529197
-1.536456995657261,-0.6904621172925074,-0.639017310910287,0.3050230420080638,1.593923216189333,-0.9705237876953359,-0.34567567399895416,1.269535435030616,-0.9920052759077457,-0.6340606814605939,-0.5935192026789141,-1.5945686020741379
-0.13713368449399954,0.3549836365378266,1.3645643027610024,-0.8704029387551875,-0.9439185052784081,1.5860090741955721,0.60988942344114,-1.2895281190468464,-0.6747666203568196,-0.6340606814605939,-0.5935192026789141,-1.5945686020741379
0.11728873571750253,1.2318382612969578,-0.8894650126191982,-0.8704029387551875,1.593923216189333,-0.6509571799589724,-0.34567567399895416,-0.009996342008115089,1.2286653129487366,1.5771361152633603,-0.5935192026789141,-0.9661052649673734
1.516612046880764,1.2945009364957376,-0.639017310910287,0.8927360323896893,-0.9439185052784081,-0.3313905722226089,0.29136772429444197,-0.009996342008115089,1.5459039684996627,1.5771361152633603,-0.5935192026789141,-1.2803369335207555
-1.1548233653400077,-1.4765470013486295,-0.8894650126191982,-0.2826899483735619,0.6422325706389302,1.5860090741955721,-0.027153974852256096,-0.3298792862677979,-0.35752796480589355,1.5771361152633603,-0.5935192026789141,0.9192847463529197
-0.9004009451285058,0.6231001037933601,-0.639017310910287,-1.458115929136813,-0.30945807491147276,-1.6096570031680628,0.29136772429444197,0.3098866022515677,-1.6264825870095976,-0.6340606814605939,-0.5935192026789141,-0.023410259307226837
0.8805559963520088,-1.3144244428202254,0.11232579421644646,-1.458115929136813,1.2766930010058655,-0.9705237876953359,-0.34567567399895416,-1.609411063306529,1.5459039684996627,-0.6340606814605939,-0.5935192026789141,-1.2803369335207555
0.11728873571750253,-1.4621630101412897,0.11232579421644646,-0.8704029387551875,0.6422325706389302,1.2664424664592087,-1.3012407714390484,-0.009996342008115089,0.5941880018468845,-0.6340606814605939,-0.5935192026789141,-0.6518735964139912
0.6261335761405067,-0.5740203973335246,-0.1381219074924647,1.480449022771315,-0.30945807491147276,-0.011823964486245425,-0.027153974852256096,1.589418379290299,-1.6264825870095976,-0.6340606814605939,-0.5935192026789141,0.9192847463529197
-0.7731897350227547,0.35878840726359196,0.86366889934318,0.8927360323896893,-0.30945807491147276,0.6273092509864816,1.5654545208812343,0.6297695465112505,-0.6747666203568196,-0.6340606814605939,-0.5935192026789141,-0.023410259307226837
1.1349784165635108,0.9869419077119842,0.86366889934318,0.3050230420080638,1.2766930010058655,1.2664424664592087,-0.9827190722923503,-0.6497622305274807,-1.3092439314586717,-0.6340606814605939,-0.5935192026789141,1.2335164149063018
-1.0276121552342568,1.6757540216504105,1.3645643027610024,-0.8704029387551875,0.9594627858223979,0.6273092509864816,-0.6641973731456523,1.589418379290299,-0.35752796480589355,-0.6340606814605939,1.684865452518453,1.2335164149063018
-1.282034575445759,-1.1682646040557836,1.6150120044699134,1.480449022771315,0.3250023554554625,-0.9705237876953359,-0.027153974852256096,-0.3298792862677979,0.5941880018468845,-0.6340606814605939,-0.5935192026789141,-1.2803369335207555
1.2621896266692618,0.4441998498755707,-1.6408081177459317,-0.8704029387551875,1.593923216189333,-1.2900903954316993,-1.6197624705857465,1.269535435030616,1.2286653129487366,-0.6340606814605939,-0.5935192026789141,0.6050530777995375
-0.5187673148112526,1.0068138611095088,-0.8894650126191982,0.8927360323896893,-0.6266882900949404,-1.6096570031680628,-0.027153974852256096,1.589418379290299,-0.6747666203568196,-0.6340606814605939,1.684865452518453,1.5477480834596842
-1.536456995657261,0.6538874652507108,1.114116601052091,-1.458115929136813,-0.6266882900949404,-0.011823964486245425,-1.3012407714390484,-0.3298792862677979,-1.3092439314586717,-0.6340606814605939,1.684865452518453,0.6050530777995375
0.6261335761405067,-1.5017001746229652,-0.639017310910287,-0.8704029387551875,-1.2611487204618759,-0.011823964486245425,-0.34567567399895416,-1.609411063306529,0.9114266573978106,-0.6340606814605939,1.684865452518453,1.2335164149063018
1.516612046880764,-1.6558243301418525,0.3627734959253576,0.8927360323896893,0.9594627858223979,-0.9705237876953359,1.2469328217345361,-1.2895281190468464,1.2286653129487366,-0.6340606814605939,-0.5935192026789141,-0.6518735964139912
-1.282034575445759,0.703584313716889,0.3627734959253576,-0.8704029387551875,0.6422325706389302,-0.3313905722226089,-0.6641973731456523,1.589418379290299,0.5941880018468845,-0.6340606814605939,-0.5935192026789141,-0.9661052649673734
-0.9004009451285058,-1.0893529265566895,0.86366889934318,-0.2826899483735619,0.9594627858223979,-0.9705237876953359,1.5654545208812343,0.3098866022515677,0.5941880018468845,-0.6340606814605939,-0.5935192026789141,-1.5945686020741379
0.11728873571750253,1.1094992181954884,-0.1381219074924647,1.480449022771315,-1.5783789356453435,-1.2900903954316993,-0.9827190722923503,0.6297695465112505,1.2286653129487366,-0.6340606814605939,-0.5935192026789141,1.2335164149063018
1.1349784165635108,-0.23554412399145114,-0.3885696092013759,0.3050230420080638,0.6422325706389302,1.5860090741955721,-0.34567567399895416,0.9496524907709334,1.5459039684996627,-0.6340606814605939,-0.5935192026789141,1.5477480834596842
1.0077672064577599,-0.6149871836502415,-1.6408081177459317,-0.2826899483735619,0.007772140271994877,1.5860090741955721,0.9284111225878381,-1.609411063306529,1.2286653129487366,-0.6340606814605939,1.684865452518453,0.29082140924615535
-1.536456995657261,-0.785285387507378,0.6132211976342689,0.3050230420080638,1.2766930010058655,-0.9705237876953359,1.5654545208812343,0.9496524907709334,-0.040289309254967536,1.5771361152633603,1.684865452518453,-0.023410259307226837
-0.13713368449399954,1.5118335813344834,0.86366889934318,-0.8704029387551875,0.6422325706389302,-1.6096570031680628,0.9284111225878381,0.9496524907709334,1.2286653129487366,1.5771361152633603,-0.5935192026789141,-0.33764192786060904
-1.1548233653400077,-1.460579559519227,-0.639017310910287,-0.2826899483735619,-1.5783789356453435,-0.011823964486245425,-1.3012407714390484,-1.2895281190468464,-1.6264825870095976,1.5771361152633603,-0.5935192026789141,-0.6518735964139912
1.2621896266692618,-0.1878440552970445,-0.3885696092013759,0.3050230420080638,0.3250023554554625,-1.2900903954316993,0.9284111225878381,1.589418379290299,1.2286653129487366,-0.6340606814605939,-0.5935192026789141,1.2335164149063018
1.3894008367750128,0.465059853336102,1.6150120044699134,0.8927360323896893,1.593923216189333,1.2664424664592087,-1.3012407714390484,0.9496524907709334,1.5459039684996627,-0.6340606814605939,-0.5935192026789141,-0.6518735964139912
-1.1548233653400077,0.8651887539032939,-1.1399127143281094,-0.2826899483735619,1.593923216189333,1.5860090741955721,-0.6641973731456523,0.9496524907709334,0.5941880018468845,1.5771361152633603,-0.5935192026789141,-1.5945686020741379
0.6261335761405067,1.4111720981380318,-0.3885696092013759,0.3050230420080638,-0.6266882900949404,1.2664424664592087,-1.3012407714390484,1.589418379290299,1.5459039684996627,-0.6340606814605939,-0.5935192026789141,1.5477480834596842
1.3894008367750128,-0.4149452079000055,-0.3885696092013759,-1.458115929136813,0.007772140271994877,-0.6509571799589724,1.5654545208812343,1.269535435030616,1.5459039684996627,1.5771361152633603,-0.5935192026789141,0.6050530777995375
1.0077672064577599,-0.2883116996360508,1.114116601052091,-1.458115929136813,-0.30945807491147276,0.9468758587228451,0.29136772429444197,0.9496524907709334,0.9114266573978106,-0.6340606814605939,1.684865452518453,-0.023410259307226837
-0.7731897350227547,0.27741387359210135,0.3627734959253576,-1.458115929136813,1.2766930010058655,1.2664424664592087,-0.6641973731456523,-0.009996342008115089,1.5459039684996627,-0.6340606814605939,-0.5935192026789141,-0.6518735964139912
-1.282034575445759,-0.34766778536700416,-0.3885696092013759,1.480449022771315,1.2766930010058655,1.2664424664592087,-0.027153974852256096,0.6297695465112505,-0.6747666203568196,-0.6340606814605939,1.684865452518453,-0.023410259307226837
1.643823256986515,0.21644088577822848,1.6150120044699134,0.8927360323896893,0.9594627858223979,0.6273092509864816,-0.34567567399895416,0.6297695465112505,0.2769493462959585,-0.6340606814605939,-0.5935192026789141,-1.2803369335207555
-0.13713368449399954,1.712264367202886,1.6150120044699134,-1.458115929136813,-0.9439185052784081,0.3077426432501181,-0.9827190722923503,0.3098866022515677,-0.040289309254967536,-0.6340606814605939,-0.5935192026789141,1.2335164149063018
-1.40924578555151,-0.5058375765175785,-0.3885696092013759,0.8927360323896893,0.007772140271994877,-0.6509571799589724,0.9284111225878381,1.589418379290299,-0.9920052759077457,-0.6340606814605939,-0.5935192026789141,-0.9661052649673734
-1.1548233653400077,0.9809852884578064,-0.3885696092013759,-0.8704029387551875,-0.30945807491147276,-0.011823964486245425,1.5654545208812343,-1.609411063306529,0.9114266573978106,-0.6340606814605939,-0.5935192026789141,-0.6518735964139912
1.516612046880764,-1.2940876241699937,1.114116601052091,0.3050230420080638,-0.30945807491147276,-0.3313905722226089,1.5654545208812343,-0.9696451747871635,0.5941880018468845,-0.6340606814605939,-0.5935192026789141,0.9192847463529197
-1.536456995657261,-0.5463575149931145,0.3627734959253576,0.8927360323896893,0.3250023554554625,-1.6096570031680628,1.5654545208812343,0.3098866022515677,-0.9920052759077457,1.5771361152633603,-0.5935192026789141,0.29082140924615535
-1.536456995657261,1.2355180196707443,1.3645643027610024,0.8927360323896893,-1.2611487204618759,-1.6096570031680628,-0.34567567399895416,-0.3298792862677979,-0.9920052759077457,-0.6340606814605939,-0.5935192026789141,1.2335164149063018
1.0077672064577599,1.3377431713911836,0.3627734959253576,-0.8704029387551875,0.6422325706389302,-0.6509571799589724,-0.9827190722923503,-1.609411063306529,-0.6747666203568196,-0.6340606814605939,-0.5935192026789141,-0.9661052649673734
-0.13713368449399954,1.1140466338924668,0.11232579421644646,0.3050230420080638,0.9594627858223979,-1.6096570031680628,-0.9827190722923503,0.6297695465112505,1.2286653129487366,-0.6340606814605939,-0.5935192026789141,1.2335164149063018
1.0077672064577599,2.6488187482073463e-05,0.6132211976342689,0.8927360323896893,0.9594627858223979,-0.3313905722226089,0.9284111225878381,-0.9696451747871635,-1.6264825870095976,1.5771361152633603,-0.5935192026789141,0.9192847463529197
0.49892236603475565,1.3693964147594686,1.114116601052091,0.3050230420080638,0.9594627858223979,-0.3313905722226089,-1.6197624705857465,0.6297695465112505,0.2769493462959585,-0.6340606814605939,-0.5935192026789141,1.5477480834596842
-0.2643448945997506,0.10534213109853241,0.86366889934318,-0.8704029387551875,-1.5783789356453435,0.6273092509864816,-0.6641973731456523,-0.3298792862677979,-0.9920052759077457,1.5771361152633603,1.684865452518453,-0.023410259307226837
0.7533447862462577,0.1845498119780144,1.6150120044699134,-0.8704029387551875,0.6422325706389302,-0.9705237876953359,-0.34567567399895416,0.9496524907709334,-1.6264825870095976,1.5771361152633603,1.684865452518453,0.9192847463529197
-0.9004009451285058,-1.3489338671007503,-0.3885696092013759,-0.8704029387551875,1.2766930010058655,-0.3313905722226089,0.29136772429444197,-0.9696451747871635,1.5459039684996627,-0.6340606814605939,-0.5935192026789141,1.2335164149063018
-0.2643448945997506,1.4991634032408934,-0.8894650126191982,0.3050230420080638,1.593923216189333,-1.2900903954316993,0.9284111225878381,-0.3298792862677979,-0.35752796480589355,-0.6340606814605939,-0.5935192026789141,-0.9661052649673734
-0.6459785249170037,-0.31084456985729936,1.3645643027610024,-1.458115929136813,-1.2611487204618759,-1.2900903954316993,1.2469328217345361,0.9496524907709334,-0.35752796480589355,-0.6340606814605939,-0.5935192026789141,0.6050530777995375
-0.3915561047055016,-0.1746943411558708,-0.639017310910287,-1.458115929136813,0.6422325706389302,1.2664424664592087,-0.6641973731456523,1.269535435030616,-0.35752796480589355,1.5771361152633603,-0.5935192026789141,0.6050530777995375
-1.1548233653400077,-1.3197652684501933,0.11232579421644646,-0.2826899483735619,-0.9439185052784081,-0.011823964486245425,-0.6641973731456523,-0.3298792862677979,0.5941880018468845,-0.6340606814605939,-0.5935192026789141,1.2335164149063018
1.516612046880764,-1.0224487748057953,-0.639017310910287,0.8927360323896893,0.6422325706389302,0.3077426432501181,0.60988942344114,-1.609411063306529,-1.3092439314586717,-0.6340606814605939,-0.5935192026789141,1.5477480834596842
-0.13713368449399954,-1.725099322801088,-1.3903604160370207,0.3050230420080638,-1.2611487204618759,-0.011823964486245425,1.2469328217345361,1.269535435030616,0.2769493462959585,-0.6340606814605939,-0.5935192026789141,-0.33764192786060904
-0.7731897350227547,0.30782612745724575,-0.8894650126191982,1.480449022771315,0.9594627858223979,-0.3313905722226089,1.5654545208812343,0.3098866022515677,1.2286653129487366,-0.6340606814605939,-0.5935192026789141,-1.5945686020741379
-1.40924578555151,0.8632082879986712,0.3627734959253576,-0.2826899483735619,0.9594627858223979,-0.6509571799589724,0.60988942344114,-0.009996342008115089,-1.6264825870095976,1.5771361152633603,-0.5935192026789141,-0.33764192786060904
0.3717111559290046,1.3536710696908925,1.114116601052091,-0.2826899483735619,-0.6266882900949404,-1.6096570031680628,-0.6641973731456523,-0.3298792862677979,1.5459039684996627,-0.6340606814605939,-0.5935192026789141,-0.9661052649673734
-1.40924578555151,0.41058370110434844,0.86366889934318,1.480449022771315,1.2766930010058655,0.9468758587228451,-1.3012407714390484,-0.6497622305274807,-1.6264825870095976,-0.6340606814605939,-0.5935192026789141,0.29082140924615535
-0.2643448945997506,0.16716790667355375,-0.1381219074924647,-1.458115929136813,0.3250023554554625,-1.2900903954316993,-0.9827190722923503,0.9496524907709334,1.2286653129487366,-0.6340606814605939,1.684865452518453,-0.023410259307226837
1.3894008367750128,-1.5275575765622367,-0.3885696092013759,-0.2826899483735619,-1.2611487204618759,-1.6096570031680628,-0.9827190722923503,0.9496524907709334,-0.6747666203568196,-0.6340606814605939,1.684865452518453,-1.2803369335207555
1.2621896266692618,0.5303494591513036,-0.8894650126191982,-0.2826899483735619,-1.5783789356453435,-1.2900903954316993,-1.6197624705857465,-0.9696451747871635,-0.040289309254967536,-0.6340606814605939,-0.5935192026789141,-1.5945686020741379
-1.282034575445759,0.652630782934115,-0.8894650126191982,-0.8704029387551875,0.9594627858223979,-0.3313905722226089,-0.027153974852256096,0.9496524907709334,1.2286653129487366,1.5771361152633603,-0.5935192026789141,-0.6518735964139912
-0.3915561047055016,-0.8143692226807469,1.114116601052091,-0.8704029387551875,0.3250023554554625,-0.011823964486245425,-1.6197624705857465,-0.009996342008115089,-1.3092439314586717,-0.6340606814605939,-0.5935192026789141,1.2335164149063018
0.8805559963520088,-0.8253214418686905,1.3645643027610024,0.8927360323896893,-1.5783789356453435,0.6273092509864816,-0.34567567399895416,1.269535435030616,-1.3092439314586717,-0.6340606814605939,1.684865452518453,0.9192847463529197
0.3717111559290046,-0.6888881160331403,-0.8894650126191982,-1.458115929136813,-0.9439185052784081,-1.6096570031680628,1.5654545208812343,-0.9696451747871635,-0.040289309254967536,-0.6340606814605939,1.684865452518453,-0.9661052649673734
0.6261335761405067,0.25784964240166725,-1.3903604160370207,0.3050230420080638,1.593923216189333,-0.011823964486245425,0.60988942344114,-0.3298792862677979,-1.3092439314586717,1.5771361152633603,-0.5935192026789141,0.6050530777995375
0.8805559963520088,-1.3855222372060287,0.6132211976342689,-0.8704029387551875,0.9594627858223979,0.3077426432501181,-0.027153974852256096,-1.2895281190468464,1.5459039684996627,-0.6340606814605939,-0.5935192026789141,0.9192847463529197
0.11728873571750253,-0.13330146784695115,0.11232579421644646,0.8927360323896893,0.007772140271994877,-0.6509571799589724,-0.34567567399895416,-0.3298792862677979,0.9114266573978106,-0.6340606814605939,1.684865452518453,-0.9661052649673734
0.11728873571750253,-0.7494838617367325,-0.3885696092013759,0.8927360323896893,1.2766930010058655,-0.3313905722226089,1.2469328217345361,1.589418379290299,0.9114266573978106,1.5771361152633603,1.684865452518453,0.29082140924615535
-1.40924578555151,-1.073109591049296,1.114116601052091,-0.2826899483735619,0.6422325706389302,0.3077426432501181,1.2469328217345361,1.589418379290299,-0.040289309254967536,-0.6340606814605939,-0.5935192026789141,1.5477480834596842
-1.536456995657261,1.3958340905403575,-1.1399127143281094,-1.458115929136813,1.593923216189333,0.9468758587228451,0.29136772429444197,1.269535435030616,0.9114266573978106,1.5771361152633603,-0.5935192026789141,0.9192847463529197
-0.009922474388248505,-0.41734891423574344,1.3645643027610024,1.480449022771315,0.007772140271994877,0.6273092509864816,-0.027153974852256096,-1.2895281190468464,0.2769493462959585,-0.6340606814605939,-0.5935192026789141,0.29082140924615535
-0.009922474388248505,0.3415783193432857,0.6132211976342689,-0.8704029387551875,0.3250023554554625,-0.6509571799589724,-0.027153974852256096,1.589418379290299,1.2286653129487366,-0.6340606814605939,-0.5935192026789141,-0.9661052649673734
1.3894008367750128,0.7881443415221272,1.6150120044699134,-0.8704029387551875,0.9594627858223979,-0.3313905722226089,-0.9827190722923503,-1.609411063306529,-1.6264825870095976,-0.6340606814605939,-0.5935192026789141,1.2335164149063018
0.49892236603475565,0.3687124546322568,-1.1399127143281094,-0.8704029387551875,1.2766930010058655,-0.011823964486245425,-0.34567567399895416,0.3098866022515677,0.5941880018468845,-0.6340606814605939,-0.5935192026789141,0.6050530777995375
-1.0276121552342568,-1.3749879669575882,-0.1381219074924647,0.3050230420080638,-0.9439185052784081,-1.6096570031680628,1.2469328217345361,-1.2895281190468464,-0.6747666203568196,1.5771361152633603,-0.5935192026789141,-1.5945686020741379
-0.13713368449399954,0.9079039874174399,-0.639017310910287,-0.8704029387551875,-1.2611487204618759,1.5860090741955721,-0.027153974852256096,1.269535435030616,0.9114266573978106,-0.6340606814605939,-0.5935192026789141,0.6050530777995375
-1.536456995657261,0.44681029496696156,1.3645643027610024,-0.2826899483735619,-0.9439185052784081,-0.3313905722226089,0.9284111225878381,1.269535435030616,-0.040289309254967536,1.5771361152633603,-0.5935192026789141,-1.5945686020741379
-0.2643448945997506,0.3544171931187536,0.11232579421644646,0.8927360323896893,1.2766930010058655,0.9468758587228451,0.29136772429444197,-1.2895281190468464,-0.040289309254967536,-0.6340606814605939,-0.5935192026789141,-0.9661052649673734
-0.5187673148112526,1.4391632135612882,-0.1381219074924647,-1.458115929136813,-1.5783789356453435,1.2664424664592087,0.29136772429444197,0.6297695465112505,-0.6747666203568196,-0.6340606814605939,1.684865452518453,-1.5945686020741379
-1.282034575445759,1.615485011268521,-0.8894650126191982,0.3050230420080638,0.9594627858223979,0.9468758587228451,1.2469328217345361,-1.609411063306529,-1.6264825870095976,-0.6340606814605939,-0.5935192026789141,-1.2803369335207555
-0.5187673148112526,0.73402803184595,-0.1381219074924647,0.3050230420080638,1.2766930010058655,0.6273092509864816,0.60988942344114,-0.9696451747871635,0.9114266573978106,-0.6340606814605939,-0.5935192026789141,0.9192847463529197
0.24449994582325357,-1.2134714170680843,1.6150120044699134,-0.8704029387551875,0.007772140271994877,-0.9705237876953359,0.9284111225878381,0.6297695465112505,0.9114266573978106,-0.6340606814605939,-0.5935192026789141,-0.9661052649673734
0.7533447862462577,-0.48227337742256016,0.6132211976342689,1.480449022771315,0.3250023554554625,-0.3313905722226089,0.9284111225878381,-0.009996342008115089,-0.040289309254967536,1.5771361152633603,-0.5935192026789141,0.6050530777995375
-1.6636682057630119,-1.3412688069037921,0.6132211976342689,1.480449022771315,1.2766930010058655,0.9468758587228451,1.5654545208812343,-1.2895281190468464,-0.35752796480589355,1.5771361152633603,1.684865452518453,1.2335164149063018
-1.40924578555151,0.7735875284844704,0.11232579421644646,-0.2826899483735619,-0.9439185052784081,-0.3313905722226089,-0.34567567399895416,-0.009996342008115089,-0.9920052759077457,-0.6340606814605939,-0.5935192026789141,0.29082140924615535
-0.7731897350227547,1.354066654322636,0.11232579421644646,0.3050230420080638,0.007772140271994877,-0.6509571799589724,-0.9827190722923503,-1.609411063306529,-0.9920052759077457,-0.6340606814605939,1.684865452518453,1.2335164149063018
0.7533447862462577,0.20972944392218967,-0.8894650126191982,-1.458115929136813,0.3250023554554625,-0.6509571799589724,-0.6641973731456523,0.9496524907709334,0.5941880018468845,-0.6340606814605939,-0.5935192026789141,1.2335164149063018
1.0077672064577599,-1.4237062321915874,0.11232579421644646,-0.2826899483735619,0.6422325706389302,-1.2900903954316993,0.9284111225878381,-0.3298792862677979,-0.9920052759077457,1.5771361152633603,1.684865452518453,0.9192847463529197
-0.2643448945997506,-1.3363434978320945,-0.8894650126191982,-0.8704029387551875,0.3250023554554625,-0.3313905722226089,-1.6197624705857465,0.3098866022515677,-0.040289309254967536,-0.6340606814605939,1.684865452518453,0.9192847463529197
-0.3915561047055016,0.6929114652969828,0.11232579421644646,-0.2826899483735619,1.2766930010058655,-0.9705237876953359,1.2469328217345361,1.269535435030616,0.9114266573978106,-0.6340606814605939,-0.5935192026789141,0.6050530777995375
-1.0276121552342568,-0.8957905065710223,-0.1381219074924647,-0.8704029387551875,0.007772140271994877,1.5860090741955721,-0.027153974852256096,0.9496524907709334,-0.040289309254967536,-0.6340606814605939,-0.5935192026789141,0.6050530777995375
-0.9004009451285058,0.4498478431467596,0.86366889934318,1.480449022771315,0.6422325706389302,0.9468758587228451,-1.6197624705857465,0.9496524907709334,-1.6264825870095976,1.5771361152633603,-0.5935192026789141,-0.33764192786060904
1.643823256986515,1.3785298855794594,-0.639017310910287,0.3050230420080638,-0.30945807491147276,0.6273092509864816,1.5654545208812343,1.269535435030616,-0.35752796480589355,-0.6340606814605939,1.684865452518453,0.9192847463529197
-0.5187673148112526,1.429169318746111,-1.1399127143281094,0.3050230420080638,0.9594627858223979,-0.9705237876953359,1.2469328217345361,0.9496524907709334,0.9114266573978106,-0.6340606814605939,-0.5935192026789141,0.29082140924615535
1.3894008367750128,-1.598385080846,1.3645643027610024,-0.8704029387551875,0.6422325706389302,1.2664424664592087,-0.9827190722923503,1.269535435030616,0.5941880018468845,-0.6340606814605939,-0.5935192026789141,0.9192847463529197
-1.40924578555151,0.003118378398353874,0.6132211976342689,-0.2826899483735619,-0.6266882900949404,0.3077426432501181,0.29136772429444197,-0.3298792862677979,-0.040289309254967536,-0.6340606814605939,-0.5935192026789141,-1.2803369335207555
1.0077672064577599,-1.4315489919995135,-1.6408081177459317,0.3050230420080638,-0.6266882900949404,-0.3313905722226089,-0.6641973731456523,-0.3298792862677979,0.2769493462959585,-0.6340606814605939,1.684865452518453,1.2335164149063018
0.6261335761405067,0.5650266182868888,-1.1399127143281094,1.480449022771315,0.9594627858223979,-0.9705237876953359,0.29136772429444197,1.269535435030616,0.2769493462959585,1.5771361152633603,-0.5935192026789141,-0.023410259307226837
1.0077672064577599,0.02148490117222411,1.6150120044699134,1.480449022771315,0.007772140271994877,0.3077426432501181,-0.6641973731456523,0.3098866022515677,-0.35752796480589355,-0.6340606814605939,-0.5935192026789141,-0.6518735964139912
-1.40924578555151,-1.470524729680505,1.6150120044699134,-0.8704029387551875,1.2766930010058655,0.3077426432501181,-1.6197624705857465,0.3098866022515677,-0.9920052759077457,-0.6340606814605939,-0.5935192026789141,1.2335164149063018
-0.6459785249170037,-1.620217118446925,-0.3885696092013759,0.3050230420080638,-1.2611487204618759,0.3077426432501181,1.2469328217345361,-0.6497622305274807,-0.9920052759077457,1.5771361152633603,1.684865452518453,-1.5945686020741379
1.2621896266692618,0.16990269332286706,-0.3885696092013759,0.3050230420080638,-0.30945807491147276,-0.9705237876953359,-1.6197624705857465,0.3098866022515677,1.5459039684996627,-0.6340606814605939,1.684865452518453,1.5477480834596842
-0.2643448945997506,-1.5602292037117633,0.11232579421644646,0.8927360323896893,0.6422325706389302,0.6273092509864816,-0.34567567399895416,-0.6497622305274807,-0.040289309254967536,-0.6340606814605939,-0.5935192026789141,-0.6518735964139912
1.3894008367750128,0.9112502426668855,-0.8894650126191982,0.8927360323896893,0.3250023554554625,0.3077426432501181,1.2469328217345361,-0.3298792862677979,1.5459039684996627,-0.6340606814605939,1.684865452518453,0.6050530777995375
0.8805559963520088,0.5371539958473378,0.3627734959253576,-0.8704029387551875,0.9594627858223979,0.9468758587228451,-1.6197624705857465,0.3098866022515677,-0.35752796480589355,-0.6340606814605939,1.684865452518453,1.5477480834596842
-0.6459785249170037,0.9009299649780171,0.86366889934318,0.8927360323896893,1.593923216189333,1.5860090741955721,0.60988942344114,-0.9696451747871635,-0.35752796480589355,-0.6340606814605939,-0.5935192026789141,-0.023410259307226837
-1.1548233653400077,1.3986112023725004,0.11232579421644646,-0.2826899483735619,1.593923216189333,0.6273092509864816,-1.6197624705857465,-1.2895281190468464,-0.6747666203568196,-0.6340606814605939,-0.5935192026789141,-0.023410259307226837
-0.2643448945997506,1.445941641736397,-1.1399127143281094,-0.8704029387551875,-1.2611487204618759,-0.6509571799589724,1.2469328217345361,-1.2895281190468464,1.5459039684996627,-0.6340606814605939,-0.5935192026789141,-0.33764192786060904
-1.40924578555151,-0.5036214335150923,-0.8894650126191982,0.3050230420080638,-1.2611487204618759,-0.011823964486245425,1.5654545208812343,-0.9696451747871635,0.9114266573978106,-0.6340606814605939,1.684865452518453,-0.33764192786060904
0.3717111559290046,0.7779146343784716,1.114116601052091,-0.2826899483735619,-1.5783789356453435,-0.3313905722226089,-1.6197624705857465,-0.009996342008115089,1.5459039684996627,1.5771361152633603,-0.5935192026789141,-0.023410259307226837
-0.2643448945997506,0.19871853672829182,0.11232579421644646,0.8927360323896893,1.593923216189333,1.5860090741955721,-1.3012407714390484,-0.9696451747871635,0.2769493462959585,1.5771361152633603,-0.5935192026789141,-1.5945686020741379
-1.1548233653400077,-0.6010762282959711,1.6150120044699134,-0.8704029387551875,1.2766930010058655,1.2664424664592087,0.29136772429444197,0.6297695465112505,-0.9920052759077457,-0.6340606814605939,-0.5935192026789141,0.6050530777995375
0.3717111559290046,0.7628167553251858,-1.3903604160370207,1.480449022771315,0.6422325706389302,-0.3313905722226089,-0.34567567399895416,-0.009996342008115089,-0.9920052759077457,-0.6340606814605939,-0.5935192026789141,-0.33764192786060904
1.1349784165635108,0.8515437445723023,-0.639017310910287,-0.8704029387551875,-1.5783789356453435,-1.2900903954316993,-0.9827190722923503,1.589418379290299,-0.35752796480589355,-0.6340606814605939,-0.5935192026789141,-1.5945686020741379
-0.13713368449399954,-0.9548359289701326,0.3627734959253576,-1.458115929136813,0.3250023554554625,-1.6096570031680628,-0.027153974852256096,1.589418379290299,-1.6264825870095976,-0.6340606814605939,-0.5935192026789141,-0.023410259307226837
-0.6459785249170037,-1.7189499501546353,-0.1381219074924647,0.3050230420080638,-0.30945807491147276,1.2664424664592087,-0.027153974852256096,-0.6497622305274807,-0.040289309254967536,-0.6340606814605939,-0.5935192026789141,1.2335164149063018
-0.6459785249170037,0.18104126991707398,-1.3903604160370207,0.3050230420080638,-1.2611487204618759,0.3077426432501181,1.2469328217345361,-0.009996342008115089,0.2769493462959585,1.5771361152633603,-0.5935192026789141,0.9192847463529197
-1.0276121552342568,1.3196592613419635,-0.639017310910287,0.3050230420080638,-1.5783789356453435,1.5860090741955721,-0.34567567399895416,-0.3298792862677979,-1.6264825870095976,-0.6340606814605939,-0.5935192026789141,0.29082140924615535
1.2621896266692618,-0.927857663848469,-1.6408081177459317,-0.2826899483735619,0.007772140271994877,0.3077426432501181,-0.027153974852256096,-1.2895281190468464,-0.35752796480589355,1.5771361152633603,1.684865452518453,-0.33764192786060904
-0.6459785249170037,-1.473617205820187,-0.3885696092013759,0.8927360323896893,1.2766930010058655,-0.6509571799589724,-1.6197624705857465,-1.609411063306529,-1.3092439314586717,-0.6340606814605939,-0.5935192026789141,0.6050530777995375
1.3894008367750128,0.6588658979684102,1.3645643027610024,1.480449022771315,-0.6266882900949404,-0.3313905722226089,-0.9827190722923503,0.6297695465112505,-1.3092439314586717,-0.6340606814605939,-0.5935192026789141,0.9192847463529197
-1.6636682057630119,1.166929560981845,-1.1399127143281094,-0.8704029387551875,0.3250023554554625,-0.3313905722226089,0.60988942344114,-1.609411063306529,0.5941880018468845,1.5771361152633603,-0.5935192026789141,-1.2803369335207555
1.2621896266692618,1.3451675821267397,0.11232579421644646,1.480449022771315,-0.30945807491147276,-0.011823964486245425,0.9284111225878381,0.6297695465112505,0.2769493462959585,-0.6340606814605939,-0.5935192026789141,-0.023410259307226837
1.516612046880764,-0.9295745952245329,0.11232579421644646,-0.8704029387551875,0.9594627858223979,1.2664424664592087,-0.34567567399895416,1.269535435030616,-1.3092439314586717,-0.6340606814605939,1.684865452518453,1.2335164149063018
-1.0276121552342568,-1.3723792102653023,-1.3903604160370207,-1.458115929136813,-1.2611487204618759,0.9468758587228451,-0.34567567399895416,-1.2895281190468464,-0.35752796480589355,-0.6340606814605939,-0.5935192026789141,1.2335164149063018
-1.536456995657261,0.8173416585852771,-1.6408081177459317,1.480449022771315,0.3250023554554625,-0.3313905722226089,1.5654545208812343,0.3098866022515677,-1.3092439314586717,1.5771361152633603,1.684865452518453,-1.5945686020741379
1.516612046880764,0.8617179441218475,-1.6408081177459317,-0.2826899483735619,1.2766930010058655,0.9468758587228451,0.9284111225878381,0.9496524907709334,0.2769493462959585,-0.6340606814605939,-0.5935192026789141,0.6050530777995375
-0.13713368449399954,1.0891850045825948,0.11232579421644646,-1.458115929136813,0.9594627858223979,1.5860090741955721,1.2469328217345361,-0.009996342008115089,0.9114266573978106,-0.6340606814605939,1.684865452518453,0.9192847463529197
0.3717111559290046,1.1357953860793608,0.11232579421644646,0.8927360323896893,-0.6266882900949404,-1.6096570031680628,-1.3012407714390484,1.589418379290299,-1.6264825870095976,1.5771361152633603,-0.5935192026789141,-1.5945686020741379
-0.13713368449399954,0.8083133356308341,1.6150120044699134,-0.2826899483735619,0.3250023554554625,1.5860090741955721,1.2469328217345361,0.3098866022515677,-0.040289309254967536,-0.6340606814605939,1.684865452518453,-0.023410259307226837
1.2621896266692618,-1.1381826330843214,-1.3903604160370207,-0.8704029387551875,-0.30945807491147276,0.9468758587228451,-0.34567567399895416,-0.009996342008115089,0.5941880018468845,-0.6340606814605939,1.684865452518453,0.9192847463529197
-1.40924578555151,-1.2463589502243941,0.86366889934318,-1.458115929136813,0.007772140271994877,-0.6509571799589724,1.2469328217345361,-1.2895281190468464,-0.35752796480589355,-0.6340606814605939,-0.5935192026789141,0.29082140924615535
-1.282034575445759,0.9839074400588702,1.3645643027610024,-0.8704029387551875,1.593923216189333,-0.011823964486245425,-1.6197624705857465,0.3098866022515677,-0.040289309254967536,1.5771361152633603,1.684865452518453,-1.5945686020741379
0.6261335761405067,0.6539305389758674,0.86366889934318,0.8927360323896893,-1.2611487204618759,0.3077426432501181,-0.027153974852256096,-1.609411063306529,-0.9920052759077457,-0.6340606814605939,-0.5935192026789141,0.29082140924615535
-0.9004009451285058,-0.6125559309079899,1.3645643027610024,0.3050230420080638,1.2766930010058655,1.2664424664592087,0.60988942344114,0.3098866022515677,-1.6264825870095976,-0.6340606814605939,-0.5935192026789141,0.29082140924615535
-0.5187673148112526,1.1380970854733274,0.11232579421644646,0.3050230420080638,-0.6266882900949404,-0.6509571799589724,0.9284111225878381,1.269535435030616,0.5941880018468845,-0.6340606814605939,-0.5935192026789141,0.6050530777995375
0.11728873571750253,-0.7455046499055169,-1.1399127143281094,0.8927360323896893,-0.6266882900949404,-1.2900903954316993,0.29136772429444197,1.269535435030616,0.9114266573978106,-0.6340606814605939,-0.5935192026789141,-1.2803369335207555
-0.009922474388248505,1.4451990319447827,-1.3903604160370207,-0.8704029387551875,0.9594627858223979,0.3077426432501181,1.5654545208812343,1.269535435030616,0.9114266573978106,-0.6340606814605939,-0.5935192026789141,-0.6518735964139912
-0.009922474388248505,1.54668524504494,-0.639017310910287,-0.8704029387551875,0.3250023554554625,0.9468758587228451,1.2469328217345361,0.3098866022515677,-0.040289309254967536,1.5771361152633603,-0.5935192026789141,0.29082140924615535
1.2621896266692618,-0.9531910516598151,-0.3885696092013759,0.3050230420080638,0.007772140271994877,0.3077426432501181,1.5654545208812343,-1.2895281190468464,-0.9920052759077457,1.5771361152633603,-0.5935192026789141,0.29082140924615535
-0.7731897350227547,-0.8306295026691475,0.6132211976342689,-0.8704029387551875,-1.5783789356453435,1.2664424664592087,-0.34567567399895416,-0.9696451747871635,-0.35752796480589355,-0.6340606814605939,-0.5935192026789141,-0.33764192786060904
-0.5187673148112526,-1.0189582297925899,0.6132211976342689,0.3050230420080638,0.007772140271994877,-0.9705237876953359,0.60988942344114,0.9496524907709334,1.2286653129487366,-0.6340606814605939,-0.5935192026789141,-0.9661052649673734
-0.7731897350227547,-1.5671525295116053,-1.1399127143281094,-0.8704029387551875,-1.2611487204618759,1.2664424664592087,0.9284111225878381,-0.6497622305274807,-1.6264825870095976,-0.6340606814605939,-0.5935192026789141,-1.5945686020741379
1.3894008367750128,0.7968491930799932,0.86366889934318,-0.2826899483735619,1.593923216189333,0.3077426432501181,0.9284111225878381,-0.9696451747871635,1.5459039684996627,-0.6340606814605939,-0.5935192026789141,0.29082140924615535
0.6261335761405067,-0.687703408074437,1.114116601052091,-0.2826899483735619,-1.5783789356453435,-1.2900903954316993,-1.3012407714390484,0.3098866022515677,-0.040289309254967536,-0.6340606814605939,-0.5935192026789141,-0.9661052649673734
-0.2643448945997506,0.8479214005537306,-0.8894650126191982,-0.8704029387551875,0.007772140271994877,1.2664424664592087,1.2469328217345361,0.9496524907709334,-0.6747666203568196,-0.6340606814605939,-0.5935192026789141,-1.2803369335207555
0.11728873571750253,0.9256645963926894,-0.639017310910287,0.8927360323896893,-1.5783789356453435,0.3077426432501181,-0.34567567399895416,-0.6497622305274807,0.5941880018468845,-0.6340606814605939,1.684865452518453,0.29082140924615535
-1.6636682057630119,-0.06941141175819524,-0.639017310910287,1.480449022771315,-1.5783789356453435,-0.011823964486245425,-0.027153974852256096,-0.009996342008115089,0.2769493462959585,1.5771361152633603,-0.5935192026789141,-0.6518735964139912
0.11728873571750253,-1.0113774708601377,-0.8894650126191982,1.480449022771315,0.6422325706389302,0.3077426432501181,-0.9827190722923503,1.269535435030616,-1.6264825870095976,-0.6340606814605939,1.684865452518453,1.5477480834596842
0.8805559963520088,-0.4269615222899217,1.114116601052091,0.8927360323896893,0.9594627858223979,-1.6096570031680628,-0.9827190722923503,-0.9696451747871635,-0.6747666203568196,-0.6340606814605939,-0.5935192026789141,-0.6518735964139912
0.6261335761405067,0.3142397957484368,1.3645643027610024,-1.458115929136813,1.593923216189333,0.3077426432501181,-0.34567567399895416,-0.3298792862677979,1.5459039684996627,-0.6340606814605939,1.684865452518453,-1.2803369335207555
1.0077672064577599,-0.7939568836090332,0.86366889934318,-0.2826899483735619,-1.5783789356453435,-0.6509571799589724,-0.027153974852256096,1.589418379290299,-0.6747666203568196,-0.6340606814605939,1.684865452518453,0.9192847463529197
1.3894008367750128,-1.3034672548818707,1.6150120044699134,-0.2826899483735619,1.593923216189333,-1.2900903954316993,0.29136772429444197,1.589418379290299,-0.040289309254967536,1.5771361152633603,-0.5935192026789141,1.5477480834596842
1.0077672064577599,-1.1256857175038322,0.3627734959253576,0.3050230420080638,0.6422325706389302,-0.9705237876953359,1.2469328217345361,-1.2895281190468464,1.2286653129487366,-0.6340606814605939,-0.5935192026789141,0.29082140924615535
0.8805559963520088,1.2122843559427496,-0.3885696092013759,-1.458115929136813,-0.9439185052784081,1.2664424664592087,0.9284111225878381,0.9496524907709334,0.9114266573978106,1.5771361152633603,-0.5935192026789141,-0.6518735964139912
-0.13713368449399954,-1.5302710683181404,1.6150120044699134,1.480449022771315,1.2766930010058655,-0.9705237876953359,0.9284111225878381,-0.6497622305274807,0.5941880018468845,-0.6340606814605939,-0.5935192026789141,0.29082140924615535
0.8805559963520088,-0.16152541808351456,-0.3885696092013759,-1.458115929136813,1.2766930010058655,-0.011823964486245425,-1.3012407714390484,-1.2895281190468464,1.5459039684996627,-0.6340606814605939,1.684865452518453,-0.33764192786060904
-1.40924578555151,0.3551667401384052,1.114116601052091,1.480449022771315,-0.6266882900949404,0.9468758587228451,-1.3012407714390484,-0.3298792862677979,-0.9920052759077457,-0.6340606814605939,-0.5935192026789141,-1.2803369335207555
0.24449994582325357,-0.6600909200129722,1.114116601052091,-0.2826899483735619,-1.2611487204618759,-0.6509571799589724,1.5654545208812343,-1.2895281190468464,1.5459039684996627,-0.6340606814605939,-0.5935192026789141,-0.33764192786060904
0.24449994582325357,0.5827691485214426,-0.3885696092013759,0.8927360323896893,-0.6266882900949404,-1.2900903954316993,-0.9827190722923503,1.589418379290299,-1.6264825870095976,-0.6340606814605939,-0.5935192026789141,0.6050530777995375
-0.13713368449399954,-0.7460989247686158,-1.3903604160370207,-1.458115929136813,-0.9439185052784081,-0.3313905722226089,-0.9827190722923503,-0.6497622305274807,-0.9920052759077457,-0.6340606814605939,-0.5935192026789141,-0.6518735964139912
0.24449994582325357,-1.446320913700068,0.3627734959253576,-0.2826899483735619,1.593923216189333,0.3077426432501181,-0.34567567399895416,-1.609411063306529,-1.3092439314586717,1.5771361152633603,1.684865452518453,0.29082140924615535
-1.1548233653400077,-1.2390338265066034,-0.639017310910287,1.480449022771315,1.593923216189333,0.9468758587228451,-0.9827190722923503,1.269535435030616,0.2769493462959585,-0.6340606814605939,-0.5935192026789141,-0.023410259307226837
0.6261335761405067,-0.19847273205659746,-0.3885696092013759,0.3050230420080638,0.9594627858223979,1.5860090741955721,-1.6197624705857465,0.3098866022515677,-0.6747666203568196,1.5771361152633603,1.684865452518453,-1.5945686020741379
-0.13713368449399954,1.4712636787728453,-1.1399127143281094,1.480449022771315,0.3250023554554625,0.6273092509864816,1.2469328217345361,-0.9696451747871635,-1.6264825870095976,1.5771361152633603,1.684865452518453,0.9192847463529197
-0.7731897350227547,-0.9770947402676894,-0.8894650126191982,0.8927360323896893,1.593923216189333,0.9468758587228451,-0.9827190722923503,-0.6497622305274807,-0.040289309254967536,-0.6340606814605939,1.684865452518453,-0.023410259307226837
1.643823256986515,-0.12316763879323987,1.114116601052091,-0.8704029387551875,-0.9439185052784081,-0.6509571799589724,-0.027153974852256096,-1.609411063306529,-1.6264825870095976,1.5771361152633603,-0.5935192026789141,-0.6518735964139912
-1.282034575445759,0.15010114683628184,0.11232579421644646,0.8927360323896893,0.6422325706389302,-0.3313905722226089,0.29136772429444197,0.9496524907709334,-0.35752796480589355,-0.6340606814605939,-0.5935192026789141,0.6050530777995375
1.1349784165635108,1.439096008420778,0.3627734959253576,1.480449022771315,0.6422325706389302,-0.6509571799589724,0.29136772429444197,1.589418379290299,-0.6747666203568196,1.5771361152633603,-0.5935192026789141,1.5477480834596842
-0.13713368449399954,-1.3290553665134226,-1.6408081177459317,0.3050230420080638,0.9594627858223979,-1.2900903954316993,-0.6641973731456523,-0.9696451747871635,0.5941880018468845,-0.6340606814605939,1.684865452518453,0.9192847463529197
-0.9004009451285058,0.743668050427269,-1.6408081177459317,-0.2826899483735619,1.2766930010058655,-0.6509571799589724,-0.6641973731456523,-0.009996342008115089,-0.35752796480589355,-0.6340606814605939,1.684865452518453,-0.9661052649673734
-0.2643448945997506,0.20977411026493525,1.114116601052091,-0.2826899483735619,0.007772140271994877,1.5860090741955721,0.9284111225878381,-1.609411063306529,-0.6747666203568196,-0.6340606814605939,1.684865452518453,1.2335164149063018
0.3717111559290046,-0.44486781723230107,-0.8894650126191982,1.480449022771315,-1.5783789356453435,0.9468758587228451,-1.3012407714390484,0.6297695465112505,0.5941880018468845,1.5771361152633603,-0.5935192026789141,0.9192847463529197
0.6261335761405067,-0.811668052426454,0.6132211976342689,-0.8704029387551875,0.9594627858223979,0.6273092509864816,1.2469328217345361,0.9496524907709334,1.5459039684996627,-0.6340606814605939,1.684865452518453,0.9192847463529197
-0.2643448945997506,0.35202565664514324,1.3645643027610024,-0.2826899483735619,0.3250023554554625,1.2664424664592087,0.60988942344114,1.269535435030616,-1.3092439314586717,1.5771361152633603,-0.5935192026789141,0.9192847463529197
0.8805559963520088,0.11368539960028161,0.6132211976342689,-1.458115929136813,-0.9439185052784081,-0.6509571799589724,-1.3012407714390484,1.589418379290299,-1.6264825870095976,1.5771361152633603,1.684865452518453,0.29082140924615535
1.2621896266692618,1.5983115062953266,-0.639017310910287,1.480449022771315,-0.9439185052784081,1.5860090741955721,-0.9827190722923503,0.9496524907709334,-0.9920052759077457,-0.6340606814605939,-0.5935192026789141,-0.023410259307226837
-0.7731897350227547,-0.5206062531401779,0.11232579421644646,0.3050230420080638,0.3250023554554625,-1.2900903954316993,-1.6197624705857465,-0.6497622305274807,1.2286653129487366,-0.6340606814605939,-0.5935192026789141,-1.5945686020741379
-0.6459785249170037,0.8569700277612939,-1.6408081177459317,-1.458115929136813,0.007772140271994877,-0.011823964486245425,-0.6641973731456523,1.269535435030616,0.5941880018468845,1.5771361152633603,-0.5935192026789141,-0.6518735964139912
0.11728873571750253,0.582620405218351,0.86366889934318,0.3050230420080638,-0.30945807491147276,-0.6509571799589724,1.5654545208812343,-1.2895281190468464,-0.9920052759077457,-0.6340606814605939,-0.5935192026789141,1.5477480834596842
1.0077672064577599,-0.9812684323871773,0.86366889934318,-1.458115929136813,-0.6266882900949404,-0.3313905722226089,0.9284111225878381,0.3098866022515677,-1.6264825870095976,1.5771361152633603,1.684865452518453,-1.2803369335207555
1.516612046880764,-0.5048687454651711,-0.1381219074924647,-0.8704029387551875,-0.6266882900949404,1.2664424664592087,0.9284111225878381,0.6297695465112505,-0.35752796480589355,-0.6340606814605939,-0.5935192026789141,-0.33764192786060904
-1.1548233653400077,1.1778873777571286,1.114116601052091,-0.2826899483735619,1.2766930010058655,-0.6509571799589724,1.2469328217345361,0.9496524907709334,1.2286653129487366,-0.6340606814605939,-0.5935192026789141,-0.33764192786060904
-1.40924578555151,-0.03737497987909912,0.6132211976342689,1.480449022771315,1.593923216189333,1.2664424664592087,-0.34567567399895416,-0.9696451747871635,0.2769493462959585,1.5771361152633603,-0.5935192026789141,-1.5945686020741379
-0.6459785249170037,0.5265843365512229,-0.3885696092013759,-1.458115929136813,0.3250023554554625,1.2664424664592087,1.2469328217345361,0.6297695465112505,-0.040289309254967536,-0.6340606814605939,-0.5935192026789141,1.2335164149063018
0.24449994582325357,-0.5094501901019705,-0.8894650126191982,-1.458115929136813,0.6422325706389302,1.5860090741955721,0.29136772429444197,0.9496524907709334,-0.35752796480589355,-0.6340606814605939,-0.5935192026789141,-1.2803369335207555
1.2621896266692618,-0.8360716342698488,-0.3885696092013759,1.480449022771315,0.9594627858223979,-0.9705237876953359,-0.027153974852256096,1.269535435030616,-1.3092439314586717,-0.6340606814605939,-0.5935192026789141,-0.33764192786060904
-0.009922474388248505,1.5692022268637302,-0.8894650126191982,1.480449022771315,0.3250023554554625,0.9468758587228451,0.29136772429444197,-0.6497622305274807,-1.6264825870095976,1.5771361152633603,-0.5935192026789141,-0.023410259307226837
1.516612046880764,-1.1678551105273738,-0.639017310910287,0.3050230420080638,-1.5783789356453435,1.5860090741955721,-0.9827190722923503,1.269535435030616,0.5941880018468845,1.5771361152633603,1.684865452518453,0.29082140924615535
-0.13713368449399954,1.6584287058027574,1.6150120044699134,-0.2826899483735619,-1.2611487204618759,0.3077426432501181,0.29136772429444197,-1.2895281190468464,-0.040289309254967536,-0.6340606814605939,1.684865452518453,1.2335164149063018
0.3717111559290046,-0.8146827897426195,-0.8894650126191982,-0.8704029387551875,-0.9439185052784081,0.3077426432501181,0.29136772429444197,-0.9696451747871635,-0.35752796480589355,-0.6340606814605939,1.684865452518453,0.9192847463529197
0.24449994582325357,-0.008078168503519419,1.114116601052091,1.480449022771315,-0.30945807491147276,1.2664424664592087,-0.34567567399895416,-0.3298792862677979,-0.9920052759077457,-0.6340606814605939,-0.5935192026789141,0.6050530777995375
-0.3915561047055016,-0.9745093596368053,1.114116601052091,1.480449022771315,-0.30945807491147276,-0.3313905722226089,-0.9827190722923503,-0.009996342008115089,-0.35752796480589355,-0.6340606814605939,-0.5935192026789141,0.9192847463529197
1.1349784165635108,0.39839886465785895,0.11232579421644646,0.3050230420080638,-0.6266882900949404,-0.3313905722226089,0.9284111225878381,-0.6497622305274807,1.2286653129487366,-0.6340606814605939,-0.5935192026789141,-0.33764192786060904
-1.40924578555151,-0.5580317317930464,-0.1381219074924647,-0.2826899483735619,-0.9439185052784081,1.5860090741955721,1.2469328217345361,-1.2895281190468464,0.9114266573978106,-0.6340606814605939,1.684865452518453,1.5477480834596842
-0.2643448945997506,0.4457586987693734,1.6150120044699134,-1.458115929136813,-0.30945807491147276,-0.011823964486245425,-0.9827190722923503,1.589418379290299,-0.6747666203568196,-0.6340606814605939,-0.5935192026789141,0.29082140924615535
-0.3915561047055016,0.5959807372886013,-0.3885696092013759,-1.458115929136813,0.9594627858223979,0.9468758587228451,-0.6641973731456523,0.6297695465112505,-1.6264825870095976,-0.6340606814605939,-0.5935192026789141,0.9192847463529197
0.8805559963520088,-0.8311229861501896,-1.3903604160370207,0.3050230420080638,-0.6266882900949404,0.3077426432501181,1.2469328217345361,1.589418379290299,-1.6264825870095976,-0.6340606814605939,1.684865452518453,-0.9661052649673734
1.1349784165635108,-1.1154009250745873,1.114116601052091,-0.2826899483735619,0.9594627858223979,0.6273092509864816,-0.34567567399895416,0.9496524907709334,-0.040289309254967536,-0.6340606814605939,-0.5935192026789141,1.5477480834596842
-1.40924578555151,-0.05531394251958304,-1.1399127143281094,-0.8704029387551875,-0.6266882900949404,-1.6096570031680628,0.29136772429444197,0.6297695465112505,0.9114266573978106,-0.6340606814605939,1.684865452518453,-0.023410259307226837
1.643823256986515,1.6454365452798299,0.11232579421644646,0.3050230420080638,1.593923216189333,1.5860090741955721,-0.9827190722923503,1.589418379290299,0.9114266573978106,1.5771361152633603,-0.5935192026789141,-1.5945686020741379
-1.6636682057630119,-0.25293707310729385,0.11232579421644646,1.480449022771315,1.593923216189333,-1.6096570031680628,0.9284111225878381,-0.009996342008115089,0.9114266573978106,-0.6340606814605939,-0.5935192026789141,-0.9661052649673734
-0.6459785249170037,-1.3379576424884903,1.6150120044699134,0.8927360323896893,1.2766930010058655,-0.3313905722226089,0.29136772429444197,1.269535435030616,0.9114266573978106,-0.6340606814605939,-0.5935192026789141,0.6050530777995375
-0.5187673148112526,0.8085988749188658,0.11232579421644646,-0.8704029387551875,0.007772140271994877,1.2664424664592087,-0.9827190722923503,1.269535435030616,0.5941880018468845,-0.6340606814605939,1.684865452518453,-0.6518735964139912
0.7533447862462577,0.06450523150710805,0.3627734959253576,-0.2826899483735619,-0.30945807491147276,0.3077426432501181,0.9284111225878381,0.6297695465112505,0.2769493462959585,1.5771361152633603,-0.5935192026789141,-0.9661052649673734
-1.536456995657261,1.0196514821227523,0.11232579421644646,0.8927360323896893,0.007772140271994877,-0.6509571799589724,-1.6197624705857465,0.9496524907709334,1.5459039684996627,1.5771361152633603,-0.5935192026789141,-1.5945686020741379
-1.6636682057630119,0.3411806135573238,-0.1381219074924647,0.3050230420080638,-1.2611487204618759,-1.2900903954316993,-0.6641973731456523,-1.609411063306529,-0.9920052759077457,-0.6340606814605939,-0.5935192026789141,0.9192847463529197
0.11728873571750253,-0.49892329637148425,-1.6408081177459317,0.8927360323896893,-1.2611487204618759,0.9468758587228451,0.60988942344114,1.269535435030616,0.2769493462959585,1.5771361152633603,1.684865452518453,0.9192847463529197
0.8805559963520088,-1.3995269815189906,0.86366889934318,0.8927360323896893,0.6422325706389302,-0.3313905722226089,-0.9827190722923503,0.9496524907709334,0.2769493462959585,-0.6340606814605939,-0.5935192026789141,-0.6518735964139912
0.8805559963520088,0.7419867311327569,-1.3903604160370207,0.8927360323896893,-1.2611487204618759,0.6273092509864816,-0.34567567399895416,-0.9696451747871635,0.9114266573978106,-0.6340606814605939,-0.5935192026789141,0.6050530777995375
1.516612046880764,1.1542220648759134,0.6132211976342689,1.480449022771315,-1.2611487204618759,-1.2900903954316993,-0.6641973731456523,-1.2895281190468464,1.2286653129487366,1.5771361152633603,-0.5935192026789141,1.2335164149063018
-1.40924578555151,0.4127495276928539,-1.6408081177459317,-0.2826899483735619,-1.5783789356453435,1.2664424664592087,-0.6641973731456523,1.269535435030616,-1.3092439314586717,-0.6340606814605939,-0.5935192026789141,-0.33764192786060904
0.8805559963520088,1.3503238186508357,0.11232579421644646,-1.458115929136813,-0.6266882900949404,0.3077426432501181,-0.34567567399895416,-1.2895281190468464,-1.6264825870095976,-0.6340606814605939,-0.5935192026789141,1.2335164149063018
-0.6459785249170037,-0.29897140936378147,0.3627734959253576,-1.458115929136813,0.6422325706389302,1.5860090741955721,-0.34567567399895416,0.9496524907709334,-0.040289309254967536,1.5771361152633603,-0.5935192026789141,-0.33764192786060904
0.6261335761405067,-0.9421466089123512,0.6132211976342689,-1.458115929136813,-1.5783789356453435,-1.2900903954316993,-0.027153974852256096,-0.009996342008115089,-0.040289309254967536,1.5771361152633603,-0.5935192026789141,0.29082140924615535
-0.3915561047055016,0.5921883169469203,-0.8894650126191982,-0.8704029387551875,-1.5783789356453435,-0.6509571799589724,0.9284111225878381,-0.9696451747871635,0.9114266573978106,1.5771361152633603,-0.5935192026789141,-0.33764192786060904
1.1349784165635108,-0.491866356702607,1.3645643027610024,0.3050230420080638,-1.2611487204618759,-0.9705237876953359,-1.3012407714390484,1.589418379290299,0.5941880018468845,-0.6340606814605939,-0.5935192026789141,-0.6518735964139912
0.8805559963520088,-0.04673023920818969,-0.3885696092013759,-1.458115929136813,-0.30945807491147276,1.5860090741955721,1.5654545208812343,-1.2895281190468464,0.5941880018468845,-0.6340606814605939,-0.5935192026789141,-1.2803369335207555
1.2621896266692618,-1.2422624392782486,1.6150120044699134,0.3050230420080638,1.593923216189333,-0.6509571799589724,1.5654545208812343,-0.009996342008115089,1.2286653129487366,-0.6340606814605939,-0.5935192026789141,-0.33764192786060904
-0.13713368449399954,-0.2973192570875143,0.86366889934318,1.480449022771315,1.593923216189333,1.2664424664592087,-1.3012407714390484,-1.2895281190468464,-1.6264825870095976,-0.6340606814605939,-0.5935192026789141,0.29082140924615535
-0.2643448945997506,0.33796377251348314,0.3627734959253576,-0.8704029387551875,0.007772140271994877,0.6273092509864816,-1.6197624705857465,-1.609411063306529,0.2769493462959585,-0.6340606814605939,1.684865452518453,-0.33764192786060904
-0.13713368449399954,-0.30733271762539505,-0.3885696092013759,1.480449022771315,0.007772140271994877,-0.6509571799589724,0.9284111225878381,-0.6497622305274807,0.5941880018468845,-0.6340606814605939,-0.5935192026789141,0.9192847463529197
-0.3915561047055016,0.8020113039503195,-1.1399127143281094,1.480449022771315,1.2766930010058655,1.5860090741955721,-0.34567567399895416,1.269535435030616,-1.6264825870095976,-0.6340606814605939,-0.5935192026789141,-1.2803369335207555
-1.1548233653400077,-0.5363373700575357,-0.639017310910287,-1.458115929136813,0.9594627858223979,-0.9705237876953359,-1.3012407714390484,-0.9696451747871635,-0.35752796480589355,1.5771361152633603,-0.5935192026789141,-1.2803369335207555
-0.9004009451285058,0.1640245820592466,0.11232579421644646,-1.458115929136813,1.593923216189333,1.5860090741955721,-0.34567567399895416,-1.2895281190468464,-1.6264825870095976,-0.6340606814605939,-0.5935192026789141,-1.5945686020741379
-0.9004009451285058,-1.6280942578622501,-1.3903604160370207,-0.2826899483735619,-1.2611487204618759,1.5860090741955721,0.60988942344114,-0.009996342008115089,0.9114266573978106,-0.6340606814605939,-0.5935192026789141,-0.33764192786060904
-1.1548233653400077,1.4882471684709095,-1.1399127143281094,1.480449022771315,-0.6266882900949404,-1.6096570031680628,-0.6641973731456523,1.269535435030616,-0.040289309254967536,-0.6340606814605939,-0.5935192026789141,0.9192847463529197
1.2621896266692618,-1.382504924858539,-0.8894650126191982,0.8927360323896893,1.593923216189333,0.9468758587228451,1.5654545208812343,-1.609411063306529,-0.9920052759077457,-0.6340606814605939,-0.5935192026789141,0.29082140924615535
-0.6459785249170037,-0.03777783537259243,0.11232579421644646,0.3050230420080638,0.6422325706389302,0.6273092509864816,1.2469328217345361,-0.009996342008115089,-1.6264825870095976,-0.6340606814605939,-0.5935192026789141,-1.5945686020741379
-1.0276121552342568,0.42331285097267035,-0.1381219074924647,0.8927360323896893,-0.6266882900949404,0.6273092509864816,0.60988942344114,-1.2895281190468464,1.5459039684996627,1.5771361152633603,1.684865452518453,0.9192847463529197
-0.5187673148112526,0.7614018914909689,-0.3885696092013759,-1.458115929136813,1.2766930010058655,0.9468758587228451,-0.027153974852256096,1.269535435030616,-0.9920052759077457,-0.6340606814605939,1.684865452518453,-0.6518735964139912
0.6261335761405067,1.4664611197114483,1.6150120044699134,-1.458115929136813,0.3250023554554625,-1.2900903954316993,1.2469328217345361,0.3098866022515677,0.2769493462959585,-0.6340606814605939,-0.5935192026789141,-1.5945686020741379
-0.6459785249170037,0.8712590871685238,-0.3885696092013759,-1.458115929136813,0.6422325706389302,0.9468758587228451,1.2469328217345361,0.6297695465112505,-0.6747666203568196,-0.6340606814605939,-0.5935192026789141,-0.6518735964139912
-1.0276121552342568,0.5030581689546678,-1.3903604160370207,0.8927360323896893,0.007772140271994877,0.3077426432501181,1.5654545208812343,-1.2895281190468464,0.2769493462959585,-0.6340606814605939,-0.5935192026789141,-1.2803369335207555
-0.9004009451285058,0.09729443127139491,0.3627734959253576,-0.2826899483735619,-1.2611487204618759,0.6273092509864816,-0.6641973731456523,0.6297695465112505,1.2286653129487366,-0.6340606814605939,-0.5935192026789141,-0.023410259307226837
-0.7731897350227547,0.24693010479693525,0.6132211976342689,0.8927360323896893,1.2766930010058655,-0.6509571799589724,-1.6197624705857465,0.9496524907709334,1.5459039684996627,-0.6340606814605939,1.684865452518453,-0.33764192786060904
-0.009922474388248505,0.07005903464225127,0.11232579421644646,0.8927360323896893,0.3250023554554625,1.5860090741955721,-0.6641973731456523,0.9496524907709334,-0.35752796480589355,1.5771361152633603,-0.5935192026789141,1.5477480834596842
-0.7731897350227547,-1.2585943944482842,0.6132211976342689,-0.8704029387551875,-1.5783789356453435,0.3077426432501181,0.60988942344114,-0.9696451747871635,-0.35752796480589355,-0.6340606814605939,1.684865452518453,0.29082140924615535
0.3717111559290046,0.4672850962608904,1.114116601052091,-0.2826899483735619,0.3250023554554625,-0.3313905722226089,0.29136772429444197,-0.9696451747871635,1.5459039684996627,1.5771361152633603,1.684865452518453,-1.2803369335207555
0.3717111559290046,0.4071936260737716,1.114116601052091,-1.458115929136813,-0.6266882900949404,0.3077426432501181,-0.027153974852256096,1.269535435030616,1.5459039684996627,1.5771361152633603,-0.5935192026789141,-0.6518735964139912
1.2621896266692618,1.496540725152707,-0.1381219074924647,0.3050230420080638,1.2766930010058655,0.3077426432501181,-0.027153974852256096,-0.6497622305274807,0.5941880018468845,-0.6340606814605939,-0.5935192026789141,0.6050530777995375
-0.7731897350227547,-0.17475883364553202,-0.1381219074924647,0.8927360323896893,1.593923216189333,-1.2900903954316993,-1.3012407714390484,1.269535435030616,-1.6264825870095976,-0.6340606814605939,1.684865452518453,0.9192847463529197
-1.282034575445759,-1.6203579706476194,1.114116601052091,-1.458115929136813,1.2766930010058655,1.5860090741955721,-0.9827190722923503,0.3098866022515677,-0.6747666203568196,-0.6340606814605939,-0.5935192026789141,-0.33764192786060904
-1.536456995657261,-0.4145824594445501,0.3627734959253576,-0.8704029387551875,-0.6266882900949404,-0.011823964486245425,1.5654545208812343,0.6297695465112505,0.5941880018468845,-0.6340606814605939,1.684865452518453,0.29082140924615535
-1.1548233653400077,0.3007223414984158,1.3645643027610024,1.480449022771315,-1.5783789356453435,1.5860090741955721,0.29136772429444197,0.3098866022515677,-0.6747666203568196,1.5771361152633603,-0.5935192026789141,0.9192847463529197
0.3717111559290046,-0.15225554207913683,0.11232579421644646,-0.2826899483735619,1.2766930010058655,1.5860090741955721,-0.9827190722923503,0.3098866022515677,-0.35752796480589355,1.5771361152633603,-0.5935192026789141,-0.023410259307226837
0.11728873571750253,0.6235618258437778,0.11232579421644646,-0.2826899483735619,0.007772140271994877,1.5860090741955721,-0.9827190722923503,0.9496524907709334,-0.35752796480589355,-0.6340606814605939,-0.5935192026789141,-1.2803369335207555
-0.13713368449399954,-0.6483469036475764,1.6150120044699134,-1.458115929136813,1.593923216189333,-0.011823964486245425,-0.027153974852256096,0.6297695465112505,-0.35752796480589355,-0.6340606814605939,-0.5935192026789141,0.6050530777995375
-0.7731897350227547,1.4976418321367895,-1.6408081177459317,-1.458115929136813,0.3250023554554625,-0.6509571799589724,0.29136772429444197,1.269535435030616,1.5459039684996627,-0.6340606814605939,1.684865452518453,-1.5945686020741379
0.3717111559290046,1.5068742667132724,1.6150120044699134,0.3050230420080638,0.9594627858223979,-0.011823964486245425,-1.3012407714390484,-0.6497622305274807,0.9114266573978106,-0.6340606814605939,-0.5935192026789141,0.6050530777995375
-0.5187673148112526,-0.020419109509721933,0.3627734959253576,-0.2826899483735619,1.2766930010058655,-0.3313905722226089,-0.6641973731456523,-0.6497622305274807,0.5941880018468845,1.5771361152633603,-0.5935192026789141,-1.5945686020741379
-1.1548233653400077,-0.7527086282626253,-0.8894650126191982,1.480449022771315,0.3250023554554625,-0.9705237876953359,-0.9827190722923503,-0.009996342008115089,-1.6264825870095976,-0.6340606814605939,-0.5935192026789141,-0.33764192786060904
0.49892236603475565,-0.45109777917792243,0.11232579421644646,0.3050230420080638,0.007772140271994877,0.9468758587228451,1.5654545208812343,1.269535435030616,0.2769493462959585,1.5771361152633603,-0.5935192026789141,1.5477480834596842
-1.282034575445759,0.5943582560301458,1.114116601052091,-0.8704029387551875,-1.5783789356453435,0.3077426432501181,-0.6641973731456523,0.9496524907709334,-1.6264825870095976,-0.6340606814605939,-0.5935192026789141,-1.5945686020741379
1.516612046880764,0.26846100055073496,-0.8894650126191982,-1.458115929136813,0.3250023554554625,-0.6509571799589724,-1.6197624705857465,-1.2895281190468464,-0.9920052759077457,-0.6340606814605939,1.684865452518453,-0.023410259307226837
-1.536456995657261,1.4577027346675635,0.3627734959253576,-0.8704029387551875,-1.2611487204618759,1.5860090741955721,0.9284111225878381,-1.609411063306529,-0.35752796480589355,-0.6340606814605939,-0.5935192026789141,-0.9661052649673734
-0.009922474388248505,-1.107249345543571,-1.6408081177459317,0.8927360323896893,-1.2611487204618759,-0.6509571799589724,-0.9827190722923503,-0.009996342008115089,1.2286653129487366,-0.6340606814605939,-0.5935192026789141,0.9192847463529197
0.6261335761405067,0.2951139465343572,1.114116601052091,1.480449022771315,1.593923216189333,0.3077426432501181,1.2469328217345361,0.6297695465112505,0.5941880018468845,-0.6340606814605939,-0.5935192026789141,-0.023410259307226837
1.3894008367750128,1.3225246277883171,-0.1381219074924647,-1.458115929136813,-1.5783789356453435,-0.3313905722226089,0.60988942344114,0.3098866022515677,0.2769493462959585,-0.6340606814605939,-0.5935192026789141,1.2335164149063018
-0.13713368449399954,-0.22903263772275784,-0.3885696092013759,-0.2826899483735619,1.593923216189333,0.3077426432501181,-0.9827190722923503,-0.009996342008115089,1.2286653129487366,-0.6340606814605939,-0.5935192026789141,0.9192847463529197
-1.536456995657261,-1.3061452232939628,-0.8894650126191982,-0.8704029387551875,0.6422325706389302,-0.9705237876953359,-0.6641973731456523,1.589418379290299,0.2769493462959585,1.5771361152633603,1.684865452518453,0.29082140924615535
-1.6636682057630119,-0.3381343893976134,1.6150120044699134,0.3050230420080638,0.3250023554554625,-0.011823964486245425,-1.3012407714390484,0.3098866022515677,-0.6747666203568196,1.5771361152633603,-0.5935192026789141,1.5477480834596842
0.11728873571750253,-1.481568473312763,-0.639017310910287,0.8927360323896893,-1.5783789356453435,-0.011823964486245425,0.60988942344114,-0.009996342008115089,-0.35752796480589355,-0.6340606814605939,-0.5935192026789141,-0.6518735964139912
0.11728873571750253,-0.0037895503404820692,1.114116601052091,-1.458115929136813,0.3250023554554625,-0.6509571799589724,1.2469328217345361,-1.609411063306529,0.9114266573978106,-0.6340606814605939,1.684865452518453,-1.5945686020741379
-1.282034575445759,-1.158481721150768,1.3645643027610024,-0.8704029387551875,0.007772140271994877,-1.6096570031680628,0.60988942344114,-1.2895281190468464,0.9114266573978106,1.5771361152633603,1.684865452518453,0.6050530777995375
-0.6459785249170037,-1.2004584663099815,1.6150120044699134,0.8927360323896893,-0.30945807491147276,0.6273092509864816,0.29136772429444197,1.269535435030616,-1.3092439314586717,-0.6340606814605939,-0.5935192026789141,1.2335164149063018
-0.2643448945997506,1.2573648025824484,1.3645643027610024,0.3050230420080638,0.9594627858223979,1.2664424664592087,-1.6197624705857465,-0.3298792862677979,0.9114266573978106,-0.6340606814605939,1.684865452518453,-0.023410259307226837
-1.1548233653400077,-1.0841300265278173,0.6132211976342689,0.8927360323896893,0.9594627858223979,-0.011823964486245425,-1.6197624705857465,0.6297695465112505,1.5459039684996627,-0.6340606814605939,-0.5935192026789141,-0.023410259307226837
0.3717111559290046,0.2715391300909047,0.6132211976342689,-0.8704029387551875,-1.2611487204618759,-0.011823964486245425,0.9284111225878381,-1.2895281190468464,-0.9920052759077457,-0.6340606814605939,-0.5935192026789141,1.5477480834596842
0.11728873571750253,-0.6388183574032738,-1.6408081177459317,0.3050230420080638,-0.30945807491147276,-0.6509571799589724,0.60988942344114,-0.9696451747871635,-1.6264825870095976,-0.6340606814605939,-0.5935192026789141,1.5477480834596842
1.1349784165635108,1.6421974450556172,1.114116601052091,0.8927360323896893,0.6422325706389302,-0.9705237876953359,0.60988942344114,-1.609411063306529,1.2286653129487366,-0.6340606814605939,-0.5935192026789141,1.2335164149063018
0.11728873571750253,-0.6708698115591873,-0.1381219074924647,0.8927360323896893,-0.6266882900949404,-1.6096570031680628,0.60988942344114,0.6297695465112505,-1.3092439314586717,1.5771361152633603,1.684865452518453,1.5477480834596842
-1.282034575445759,0.3610231702816195,0.11232579421644646,1.480449022771315,0.3250023554554625,-0.3313905722226089,0.9284111225878381,1.589418379290299,1.2286653129487366,-0.6340606814605939,1.684865452518453,-0.023410259307226837
0.6261335761405067,-0.9117265797873895,1.3645643027610024,-1.458115929136813,0.007772140271994877,-0.6509571799589724,-1.6197624705857465,-0.9696451747871635,1.2286653129487366,-0.6340606814605939,-0.5935192026789141,-1.5945686020741379
0.8805559963520088,-0.8480216070383033,0.86366889934318,0.8927360323896893,0.9594627858223979,0.9468758587228451,-1.6197624705857465,-0.6497622305274807,1.2286653129487366,-0.6340606814605939,-0.5935192026789141,-0.33764192786060904
-1.6636682057630119,-0.9888068813992859,-0.8894650126191982,0.8927360323896893,0.6422325706389302,0.3077426432501181,0.9284111225878381,-0.009996342008115089,0.9114266573978106,-0.6340606814605939,-0.5935192026789141,1.5477480834596842
-1.0276121552342568,0.7246012122015927,1.3645643027610024,0.3050230420080638,0.9594627858223979,1.5860090741955721,0.9284111225878381,1.589418379290299,-0.35752796480589355,-0.6340606814605939,-0.5935192026789141,1.5477480834596842
-1.1548233653400077,-1.343731823526378,-1.1399127143281094,1.480449022771315,0.6422325706389302,0.6273092509864816,0.29136772429444197,0.3098866022515677,-1.3092439314586717,-0.6340606814605939,-0.5935192026789141,1.5477480834596842
0.49892236603475565,-0.31350679697725486,-0.1381219074924647,0.8927360323896893,0.6422325706389302,1.2664424664592087,-1.3012407714390484,-1.609411063306529,-1.6264825870095976,-0.6340606814605939,-0.5935192026789141,1.2335164149063018
-1.1548233653400077,1.2189763798716735,0.86366889934318,-0.8704029387551875,-1.5783789356453435,0.3077426432501181,0.29136772429444197,0.9496524907709334,1.5459039684996627,-0.6340606814605939,-0.5935192026789141,0.6050530777995375
-0.9004009451285058,-1.1846233312327632,1.6150120044699134,-0.8704029387551875,1.2766930010058655,-0.9705237876953359,-0.027153974852256096,-1.609411063306529,1.5459039684996627,-0.6340606814605939,-0.5935192026789141,1.2335164149063018
0.11728873571750253,0.9685450247247294,-0.1381219074924647,-0.8704029387551875,0.007772140271994877,-0.9705237876953359,1.2469328217345361,-0.3298792862677979,-0.9920052759077457,-0.6340606814605939,-0.5935192026789141,0.29082140924615535
1.2621896266692618,-0.9299510477779945,-0.639017310910287,0.3050230420080638,-1.2611487204618759,1.2664424664592087,0.29136772429444197,-0.3298792862677979,-0.040289309254967536,1.5771361152633603,-0.5935192026789141,-1.2803369335207555
-0.009922474388248505,1.0129480265794488,-1.3903604160370207,-0.8704029387551875,0.9594627858223979,-0.011823964486245425,0.9284111225878381,0.3098866022515677,0.2769493462959585,1.5771361152633603,-0.5935192026789141,1.2335164149063018
1.2621896266692618,1.3640315199824522,-1.1399127143281094,-0.8704029387551875,0.3250023554554625,-0.3313905722226089,0.29136772429444197,-0.3298792862677979,-0.35752796480589355,-0.6340606814605939,1.684865452518453,-1.5945686020741379
-0.7731897350227547,1.048094608554714,-1.3903604160370207,1.480449022771315,0.6422325706389302,1.2664424664592087,-0.027153974852256096,-0.6497622305274807,-1.3092439314586717,-0.6340606814605939,-0.5935192026789141,-1.2803369335207555
-0.13713368449399954,-1.1925786048855367,-1.6408081177459317,-0.2826899483735619,-1.5783789356453435,1.2664424664592087,0.29136772429444197,-0.009996342008115089,-0.040289309254967536,-0.6340606814605939,-0.5935192026789141,-1.5945686020741379
1.0077672064577599,-1.3792873077326215,0.11232579421644646,-0.8704029387551875,-0.30945807491147276,-0.3313905722226089,-0.34567567399895416,0.9496524907709334,-0.6747666203568196,-0.6340606814605939,1.684865452518453,0.29082140924615535
-0.009922474388248505,-0.34980608842944066,-1.1399127143281094,0.8927360323896893,0.9594627858223979,1.5860090741955721,-1.3012407714390484,-0.6497622305274807,0.9114266573978106,-0.6340606814605939,-0.5935192026789141,1.2335164149063018
0.6261335761405067,-1.6959751979949231,-0.1381219074924647,0.8927360323896893,-1.5783789356453435,-1.6096570031680628,-0.027153974852256096,1.269535435030616,-1.6264825870095976,-0.6340606814605939,1.684865452518453,1.2335164149063018
0.11728873571750253,-1.1025404699619696,-0.639017310910287,-0.2826899483735619,-0.6266882900949404,1.2664424664592087,-0.027153974852256096,-0.009996342008115089,1.5459039684996627,-0.6340606814605939,-0.5935192026789141,-0.33764192786060904
-0.7731897350227547,-0.8253509593150918,-1.6408081177459317,0.3050230420080638,-0.30945807491147276,0.6273092509864816,-0.9827190722923503,-0.9696451747871635,0.5941880018468845,1.5771361152633603,-0.5935192026789141,1.5477480834596842
0.24449994582325357,-1.393550115419856,1.3645643027610024,1.480449022771315,-0.9439185052784081,-0.9705237876953359,0.9284111225878381,1.269535435030616,0.9114266573978106,-0.6340606814605939,-0.5935192026789141,-0.6518735964139912
0.49892236603475565,0.07861554901602635,-0.3885696092013759,0.8927360323896893,0.9594627858223979,0.6273092509864816,-0.9827190722923503,0.3098866022515677,1.5459039684996627,1.5771361152633603,-0.5935192026789141,0.29082140924615535
1.0077672064577599,-0.8601613396673633,-1.1399127143281094,1.480449022771315,0.3250023554554625,-0.011823964486245425,0.9284111225878381,-0.9696451747871635,-0.040289309254967536,1.5771361152633603,-0.5935192026789141,1.5477480834596842
-0.009922474388248505,1.0114333836193825,-0.8894650126191982,0.8927360323896893,-0.30945807491147276,-1.6096570031680628,-0.6641973731456523,0.3098866022515677,-0.9920052759077457,1.5771361152633603,-0.5935192026789141,-0.023410259307226837
-0.009922474388248505,-1.5003414191965356,1.6150120044699134,-1.458115929136813,-0.6266882900949404,0.9468758587228451,-0.027153974852256096,-1.2895281190468464,1.5459039684996627,-0.6340606814605939,-0.5935192026789141,-0.33764192786060904
1.1349784165635108,-1.248732741622645,-0.1381219074924647,0.8927360323896893,-1.2611487204618759,-0.6509571799589724,0.60988942344114,1.269535435030616,0.2769493462959585,-0.6340606814605939,-0.5935192026789141,1.5477480834596842
-1.536456995657261,1.1014182180672667,-0.1381219074924647,-0.8704029387551875,0.6422325706389302,0.3077426432501181,-1.3012407714390484,0.9496524907709334,-0.6747666203568196,1.5771361152633603,-0.5935192026789141,0.9192847463529197
1.0077672064577599,0.9174893912463016,-0.3885696092013759,-0.2826899483735619,1.593923216189333,0.3077426432501181,-0.6641973731456523,-0.9696451747871635,-0.35752796480589355,-0.6340606814605939,-0.5935192026789141,0.29082140924615535
-0.3915561047055016,-1.4000237152151973,-1.1399127143281094,-0.8704029387551875,0.3250023554554625,-0.9705237876953359,-0.9827190722923503,-0.9696451747871635,0.2769493462959585,-0.6340606814605939,1.684865452518453,-1.2803369335207555
0.6261335761405067,-0.18028159738978664,1.6150120044699134,0.8927360323896893,-0.30945807491147276,-0.9705237876953359,-1.6197624705857465,1.589418379290299,0.9114266573978106,-0.6340606814605939,-0.5935192026789141,1.2335164149063018
-0.6459785249170037,0.6879963541228288,1.6150120044699134,0.8927360323896893,-0.6266882900949404,-1.2900903954316993,-0.9827190722923503,0.6297695465112505,-1.6264825870095976,-0.6340606814605939,-0.5935192026789141,-0.6518735964139912
-1.40924578555151,-1.5711109998677044,-0.639017310910287,-0.2826899483735619,-1.2611487204618759,-0.3313905722226089,-0.027153974852256096,1.269535435030616,-0.040289309254967536,1.5771361152633603,-0.5935192026789141,-0.023410259307226837
-0.5187673148112526,-1.0355986805338642,1.114116601052091,1.480449022771315,-0.30945807491147276,0.9468758587228451,-0.34567567399895416,-0.9696451747871635,1.5459039684996627,-0.6340606814605939,-0.5935192026789141,-0.6518735964139912
-1.40924578555151,0.4667373678145684,-1.6408081177459317,-0.8704029387551875,-1.2611487204618759,-0.6509571799589724,0.9284111225878381,0.3098866022515677,1.2286653129487366,1.5771361152633603,-0.5935192026789141,1.5477480834596842
1.0077672064577599,0.7164414201487355,0.6132211976342689,-1.458115929136813,-1.5783789356453435,-1.6096570031680628,0.60988942344114,0.9496524907709334,0.2769493462959585,-0.6340606814605939,-0.5935192026789141,0.29082140924615535
1.516612046880764,1.1244111599059425,-0.1381219074924647,-0.8704029387551875,1.593923216189333,-0.9705237876953359,-1.3012407714390484,-0.9696451747871635,0.9114266573978106,-0.6340606814605939,1.684865452518453,0.9192847463529197
1.1349784165635108,-0.024482725320913192,0.6132211976342689,0.8927360323896893,-0.9439185052784081,-0.6509571799589724,-1.6197624705857465,0.6297695465112505,-0.35752796480589355,1.5771361152633603,-0.5935192026789141,-0.023410259307226837
-0.3915561047055016,-0.5763547103212568,-0.639017310910287,-0.8704029387551875,-0.9439185052784081,0.6273092509864816,-0.9827190722923503,1.589418379290299,-1.3092439314586717,1.5771361152633603,-0.5935192026789141,0.29082140924615535
1.1349784165635108,-1.6516826306871852,-0.639017310910287,-1.458115929136813,0.6422325706389302,-0.011823964486245425,0.9284111225878381,0.9496524907709334,1.2286653129487366,-0.6340606814605939,-0.5935192026789141,-0.6518735964139912
-1.536456995657261,1.393643602322509,0.3627734959253576,0.8927360323896893,-1.5783789356453435,0.3077426432501181,1.5654545208812343,0.9496524907709334,0.9114266573978106,1.5771361152633603,-0.5935192026789141,-1.2803369335207555
-0.13713368449399954,0.9929531640914074,0.6132211976342689,0.8927360323896893,1.593923216189333,-1.6096570031680628,0.29136772429444197,-0.9696451747871635,1.5459039684996627,1.5771361152633603,-0.5935192026789141,0.29082140924615535
1.516612046880764,-0.6320180469297365,1.114116601052091,0.8927360323896893,0.3250023554554625,-0.3313905722226089,0.60988942344114,-0.3298792862677979,-0.6747666203568196,-0.6340606814605939,-0.5935192026789141,-1.2803369335207555
-0.7731897350227547,1.6254996541875892,0.6132211976342689,-0.2826899483735619,-0.6266882900949404,1.2664424664592087,-0.6641973731456523,1.269535435030616,-0.6747666203568196,1.5771361152633603,-0.5935192026789141,0.6050530777995375
-1.536456995657261,-0.8448473015602831,1.114116601052091,1.480449022771315,0.3250023554554625,0.6273092509864816,0.60988942344114,-0.3298792862677979,-1.6264825870095976,-0.6340606814605939,-0.5935192026789141,0.29082140924615535
0.3717111559290046,1.2272289304817279,-0.639017310910287,0.3050230420080638,0.9594627858223979,-0.6509571799589724,-0.9827190722923503,0.6297695465112505,-0.6747666203568196,-0.6340606814605939,1.684865452518453,0.29082140924615535
-0.6459785249170037,0.8057387413799565,0.11232579421644646,-0.2826899483735619,0.6422325706389302,0.3077426432501181,-1.6197624705857465,0.3098866022515677,-0.040289309254967536,1.5771361152633603,1.684865452518453,-1.5945686020741379
1.2621896266692618,1.7059497845068448,0.86366889934318,0.8927360323896893,-0.30945807491147276,0.9468758587228451,0.60988942344114,-1.609411063306529,-0.9920052759077457,-0.6340606814605939,-0.5935192026789141,1.5477480834596842
-0.2643448945997506,0.38951365552213957,-1.3903604160370207,-1.458115929136813,0.9594627858223979,1.5860090741955721,1.5654545208812343,-0.9696451747871635,0.2769493462959585,1.5771361152633603,-0.5935192026789141,-0.9661052649673734
1.0077672064577599,0.47365493735738834,0.3627734959253576,-1.458115929136813,-0.30945807491147276,0.9468758587228451,-0.9827190722923503,-1.2895281190468464,0.2769493462959585,-0.6340606814605939,-0.5935192026789141,-1.5945686020741379
0.3717111559290046,0.9531321953709498,0.11232579421644646,1.480449022771315,-1.5783789356453435,-1.6096570031680628,-0.9827190722923503,0.9496524907709334,0.9114266573978106,1.5771361152633603,-0.5935192026789141,1.5477480834596842
0.3717111559290046,0.21982619199456319,-1.3903604160370207,-0.2826899483735619,0.3250023554554625,1.5860090741955721,-0.9827190722923503,-0.9696451747871635,-1.6264825870095976,-0.6340606814605939,-0.5935192026789141,-1.2803369335207555
-0.9004009451285058,0.3799358981447906,-0.3885696092013759,1.480449022771315,0.3250023554554625,-1.2900903954316993,-0.34567567399895416,-0.009996342008115089,1.2286653129487366,-0.6340606814605939,-0.5935192026789141,-0.6518735964139912
-1.1548233653400077,-0.13028843135708343,-0.1381219074924647,0.3050230420080638,1.2766930010058655,1.2664424664592087,-1.3012407714390484,-0.6497622305274807,-1.3092439314586717,-0.6340606814605939,1.684865452518453,-0.9661052649673734
1.516612046880764,-0.9548117569869521,1.114116601052091,1.480449022771315,-0.30945807491147276,0.3077426432501181,-1.3012407714390484,-1.609411063306529,1.2286653129487366,-0.6340606814605939,-0.5935192026789141,-0.9661052649673734
1.0077672064577599,-0.6254525271218392,1.6150120044699134,0.3050230420080638,-1.5783789356453435,0.6273092509864816,0.60988942344114,1.269535435030616,0.2769493462959585,-0.6340606814605939,-0.5935192026789141,0.29082140924615535
-1.282034575445759,-1.7353484221423718,1.114116601052091,-0.2826899483735619,1.2766930010058655,0.3077426432501181,-1.6197624705857465,-0.9696451747871635,-1.3092439314586717,-0.6340606814605939,-0.5935192026789141,-0.33764192786060904
-0.5187673148112526,-0.49257164408907045,-1.6408081177459317,-1.458115929136813,0.007772140271994877,0.6273092509864816,-0.027153974852256096,-0.6497622305274807,1.2286653129487366,-0.6340606814605939,1.684865452518453,1.2335164149063018
0.11728873571750253,-1.665831420925427,-0.8894650126191982,0.8927360323896893,0.9594627858223979,0.9468758587228451,-1.6197624705857465,0.3098866022515677,-0.35752796480589355,-0.6340606814605939,-0.5935192026789141,1.2335164149063018
0.8805559963520088,-0.7301195821777422,-1.1399127143281094,1.480449022771315,-0.9439185052784081,-1.2900903954316993,-1.3012407714390484,1.269535435030616,1.5459039684996627,-0.6340606814605939,-0.5935192026789141,1.2335164149063018
1.516612046880764,0.8040602476655762,1.6150120044699134,0.3050230420080638,-0.30945807491147276,-0.011823964486245425,1.5654545208812343,-0.009996342008115089,0.5941880018468845,1.5771361152633603,1.684865452518453,1.5477480834596842
-0.2643448945997506,-0.9882962265851628,-0.639017310910287,0.8927360323896893,-0.30945807491147276,1.2664424664592087,-0.6641973731456523,-1.2895281190468464,-0.9920052759077457,1.5771361152633603,-0.5935192026789141,1.2335164149063018
0.49892236603475565,0.8537206718148949,-0.1381219074924647,0.3050230420080638,-0.9439185052784081,-1.2900903954316993,1.5654545208812343,-0.9696451747871635,-0.9920052759077457,-0.6340606814605939,-0.5935192026789141,-0.9661052649673734
-1.282034575445759,-1.4966170095650249,1.114116601052091,-0.2826899483735619,1.2766930010058655,1.5860090741955721,-0.34567567399895416,1.269535435030616,-0.35752796480589355,-0.6340606814605939,-0.5935192026789141,0.29082140924615535
0.24449994582325357,0.7025734506846749,1.6150120044699134,1.480449022771315,0.007772140271994877,1.5860090741955721,1.5654545208812343,-0.009996342008115089,1.5459039684996627,1.5771361152633603,-0.5935192026789141,1.2335164149063018
0.11728873571750253,-0.9149684181498707,0.3627734959253576,1.480449022771315,-1.2611487204618759,-0.9705237876953359,-0.027153974852256096,0.3098866022515677,-0.6747666203568196,-0.6340606814605939,-0.5935192026789141,-0.023410259307226837
0.49892236603475565,-0.8870539359465546,-1.3903604160370207,0.8927360323896893,0.007772140271994877,0.3077426432501181,0.9284111225878381,-1.2895281190468464,-0.6747666203568196,-0.6340606814605939,-0.5935192026789141,-0.6518735964139912
0.7533447862462577,1.3853288295061634,0.6132211976342689,-0.2826899483735619,0.007772140271994877,-0.011823964486245425,0.29136772429444197,-0.6497622305274807,-1.3092439314586717,-0.6340606814605939,1.684865452518453,0.6050530777995375
-1.282034575445759,1.7232683832337372,-0.1381219074924647,-1.458115929136813,-1.2611487204618759,-1.2900903954316993,1.2469328217345361,-1.609411063306529,1.2286653129487366,-0.6340606814605939,-0.5935192026789141,0.6050530777995375
-0.3915561047055016,0.43049175292772324,0.86366889934318,-0.8704029387551875,-1.5783789356453435,1.2664424664592087,-0.34567567399895416,-0.3298792862677979,1.5459039684996627,1.5771361152633603,1.684865452518453,0.9192847463529197
-0.009922474388248505,-0.8781082597619907,-1.6408081177459317,-0.8704029387551875,1.2766930010058655,-0.011823964486245425,-0.027153974852256096,1.269535435030616,-0.040289309254967536,1.5771361152633603,-0.5935192026789141,-0.023410259307226837
-0.7731897350227547,0.9777599625996041,0.6132211976342689,0.3050230420080638,-0.6266882900949404,0.6273092509864816,1.5654545208812343,-0.3298792862677979,-1.6264825870095976,-0.6340606814605939,-0.5935192026789141,-1.2803369335207555
1.1349784165635108,-0.15128833562289917,1.3645643027610024,-0.8704029387551875,-0.9439185052784081,0.9468758587228451,1.5654545208812343,-0.009996342008115089,0.5941880018468845,-0.6340606814605939,-0.5935192026789141,0.6050530777995375
1.3894008367750128,0.8153035169382036,0.11232579421644646,-0.2826899483735619,1.2766930010058655,0.6273092509864816,1.2469328217345361,-0.3298792862677979,-0.35752796480589355,-0.6340606814605939,-0.5935192026789141,0.9192847463529197
-0.3915561047055016,-1.2840848842941721,1.114116601052091,-1.458115929136813,0.6422325706389302,0.9468758587228451,1.2469328217345361,1.269535435030616,-1.3092439314586717,-0.6340606814605939,-0.5935192026789141,0.6050530777995375
1.0077672064577599,1.153705041212039,0.3627734959253576,-0.8704029387551875,0.9594627858223979,0.3077426432501181,0.60988942344114,-0.9696451747871635,1.5459039684996627,-0.6340606814605939,-0.5935192026789141,0.6050530777995375
1.2621896266692618,0.061128946529599354,-0.8894650126191982,1.480449022771315,1.2766930010058655,-0.9705237876953359,-1.6197624705857465,-0.6497622305274807,-0.9920052759077457,-0.6340606814605939,-0.5935192026789141,-1.5945686020741379
1.516612046880764,-1.5605433244727764,-1.1399127143281094,1.480449022771315,-0.30945807491147276,0.9468758587228451,-0.34567567399895416,-0.9696451747871635,-0.040289309254967536,-0.6340606814605939,-0.5935192026789141,-0.6518735964139912
-0.2643448945997506,0.6516022602367533,-0.8894650126191982,-1.458115929136813,0.007772140271994877,-0.6509571799589724,-0.9827190722923503,-0.3298792862677979,-0.35752796480589355,-0.6340606814605939,-0.5935192026789141,-1.5945686020741379
1.643823256986515,-1.319125332514624,-1.6408081177459317,-1.458115929136813,-0.6266882900949404,1.5860090741955721,1.5654545208812343,0.6297695465112505,0.9114266573978106,-0.6340606814605939,-0.5935192026789141,-0.33764192786060904
-1.536456995657261,-1.2302785126936493,0.86366889934318,-0.2826899483735619,1.2766930010058655,-0.011823964486245425,-0.9827190722923503,1.589418379290299,0.2769493462959585,-0.6340606814605939,-0.5935192026789141,0.29082140924615535
-0.3915561047055016,-0.9079852242653836,1.114116601052091,-0.8704029387551875,0.007772140271994877,-0.6509571799589724,0.9284111225878381,1.589418379290299,0.5941880018468845,-0.6340606814605939,-0.5935192026789141,0.9192847463529197
1.2621896266692618,-0.8298098079818581,-1.1399127143281094,0.8927360323896893,-0.9439185052784081,1.2664424664592087,-1.3012407714390484,-0.9696451747871635,-0.9920052759077457,1.5771361152633603,-0.5935192026789141,1.2335164149063018
0.3717111559290046,-0.7718077489236707,1.6150120044699134,0.8927360323896893,-0.6266882900949404,0.3077426432501181,-0.027153974852256096,-0.3298792862677979,-0.040289309254967536,1.5771361152633603,-0.5935192026789141,1.5477480834596842
-0.13713368449399954,-0.14614628487713982,0.3627734959253576,0.8927360323896893,1.593923216189333,-1.6096570031680628,-0.6641973731456523,-1.2895281190468464,1.5459039684996627,-0.6340606814605939,1.684865452518453,-0.9661052649673734
1.0077672064577599,-0.06251351802461845,0.3627734959253576,0.8927360323896893,-0.30945807491147276,1.2664424664592087,-0.6641973731456523,0.3098866022515677,-0.35752796480589355,1.5771361152633603,1.684865452518453,-0.6518735964139912
-1.6636682057630119,0.5601071773309665,1.3645643027610024,1.480449022771315,-1.5783789356453435,-1.2900903954316993,-0.027153974852256096,-1.2895281190468464,0.5941880018468845,-0.6340606814605939,-0.5935192026789141,-0.023410259307226837
1.643823256986515,-1.476993083392696,-0.1381219074924647,-0.2826899483735619,-1.2611487204618759,1.5860090741955721,-0.9827190722923503,-1.609411063306529,-0.35752796480589355,-0.6340606814605939,-0.5935192026789141,-0.023410259307226837
1.643823256986515,0.18154714241325765,0.86366889934318,-0.2826899483735619,0.6422325706389302,-1.2900903954316993,-0.34567567399895416,0.3098866022515677,-0.35752796480589355,-0.6340606814605939,-0.5935192026789141,-1.2803369335207555
1.0077672064577599,-0.8728231212686723,0.6132211976342689,-0.2826899483735619,-0.6266882900949404,-0.011823964486245425,-0.34567567399895416,-0.6497622305274807,0.5941880018468845,-0.6340606814605939,-0.5935192026789141,-0.9661052649673734
1.0077672064577599,0.2861322224703762,-0.639017310910287,0.8927360323896893,1.593923216189333,0.3077426432501181,0.60988942344114,-1.609411063306529,-1.3092439314586717,1.5771361152633603,-0.5935192026789141,-0.9661052649673734
0.8805559963520088,0.7990521452733294,0.11232579421644646,-0.2826899483735619,0.9594627858223979,-0.9705237876953359,-0.9827190722923503,-0.3298792862677979,0.2769493462959585,-0.6340606814605939,-0.5935192026789141,1.5477480834596842
-1.40924578555151,-1.0200745549212111,0.11232579421644646,0.8927360323896893,-1.2611487204618759,-0.6509571799589724,0.60988942344114,1.589418379290299,-0.6747666203568196,-0.6340606814605939,-0.5935192026789141,-0.023410259307226837
-0.5187673148112526,-0.9343295954864531,-0.8894650126191982,-1.458115929136813,0.3250023554554625,1.5860090741955721,-0.34567567399895416,0.6297695465112505,0.9114266573978106,1.5771361152633603,-0.5935192026789141,-1.2803369335207555
1.516612046880764,1.6823514343565016,-1.3903604160370207,-0.8704029387551875,-0.30945807491147276,-0.6509571799589724,-1.3012407714390484,-0.9696451747871635,1.2286653129487366,1.5771361152633603,-0.5935192026789141,-1.2803369335207555
-1.536456995657261,-0.17098434567399579,1.6150120044699134,0.3050230420080638,0.9594627858223979,0.6273092509864816,-1.6197624705857465,-0.009996342008115089,0.5941880018468845,-0.6340606814605939,-0.5935192026789141,-0.6518735964139912
-1.536456995657261,0.96578303312459,-1.1399127143281094,-0.2826899483735619,0.9594627858223979,1.5860090741955721,-0.027153974852256096,-0.3298792862677979,-0.040289309254967536,1.5771361152633603,-0.5935192026789141,-1.2803369335207555
-0.2643448945997506,-0.31566444977123237,-0.1381219074924647,1.480449022771315,0.9594627858223979,-0.6509571799589724,0.9284111225878381,-1.2895281190468464,-1.3092439314586717,1.5771361152633603,-0.5935192026789141,-0.6518735964139912
-1.282034575445759,-0.032922028078419555,-0.1381219074924647,1.480449022771315,0.007772140271994877,-0.6509571799589724,0.29136772429444197,-1.2895281190468464,-1.3092439314586717,-0.6340606814605939,-0.5935192026789141,-0.33764192786060904
-1.282034575445759,-1.501782945954147,0.86366889934318,0.3050230420080638,-1.5783789356453435,1.5860090741955721,-0.34567567399895416,0.3098866022515677,-0.9920052759077457,1.5771361152633603,-0.5935192026789141,-1.2803369335207555
-1.6636682057630119,-0.10193963271853969,-0.639017310910287,-1.458115929136813,-1.5783789356453435,-0.011823964486245425,0.29136772429444197,-0.3298792862677979,1.5459039684996627,-0.6340606814605939,1.684865452518453,-1.2803369335207555
0.3717111559290046,-0.9675095450990747,-1.3903604160370207,1.480449022771315,1.2766930010058655,1.2664424664592087,-0.34567567399895416,-0.009996342008115089,1.5459039684996627,-0.6340606814605939,-0.5935192026789141,-0.023410259307226837
0.3717111559290046,0.7428352782792155,-0.3885696092013759,-0.8704029387551875,-0.30945807491147276,0.3077426432501181,0.9284111225878381,-0.3298792862677979,-1.6264825870095976,-0.6340606814605939,-0.5935192026789141,0.6050530777995375
1.3894008367750128,1.2076802273960028,0.6132211976342689,1.480449022771315,0.007772140271994877,-0.3313905722226089,0.60988942344114,0.6297695465112505,-1.6264825870095976,-0.6340606814605939,-0.5935192026789141,-0.6518735964139912
-1.1548233653400077,1.4792822192107211,1.3645643027610024,1.480449022771315,0.9594627858223979,0.9468758587228451,0.29136772429444197,-1.2895281190468464,0.5941880018468845,-0.6340606814605939,1.684865452518453,0.9192847463529197
1.1349784165635108,-1.620419254264247,-0.1381219074924647,0.3050230420080638,-1.5783789356453435,-0.3313905722226089,0.29136772429444197,-1.2895281190468464,0.5941880018468845,-0.6340606814605939,-0.5935192026789141,-0.023410259307226837
-0.6459785249170037,1.5573621447167638,0.3627734959253576,-0.2826899483735619,0.007772140271994877,1.2664424664592087,-0.9827190722923503,-0.9696451747871635,0.2769493462959585,-0.6340606814605939,1.684865452518453,-0.6518735964139912
-0.9004009451285058,-0.8839709264019959,-1.3903604160370207,0.8927360323896893,1.2766930010058655,1.5860090741955721,0.60988942344114,-1.2895281190468464,1.5459039684996627,1.5771361152633603,1.684865452518453,-0.33764192786060904
-1.6636682057630119,-1.2411994055761912,1.3645643027610024,0.3050230420080638,-1.2611487204618759,-0.6509571799589724,-1.3012407714390484,-1.609411063306529,1.2286653129487366,-0.6340606814605939,1.684865452518453,-0.33764192786060904
-0.2643448945997506,0.9294942682944467,1.6150120044699134,-0.2826899483735619,-0.30945807491147276,0.9468758587228451,-0.6641973731456523,-0.009996342008115089,-0.35752796480589355,-0.6340606814605939,-0.5935192026789141,-0.33764192786060904
1.643823256986515,0.8099836378591347,-0.639017310910287,-0.2826899483735619,0.3250023554554625,-0.6509571799589724,0.29136772429444197,-0.3298792862677979,0.5941880018468845,-0.6340606814605939,-0.5935192026789141,1.2335164149063018
0.7533447862462577,-0.15330045591707142,0.6132211976342689,0.8927360323896893,-1.2611487204618759,0.6273092509864816,-0.027153974852256096,-0.9696451747871635,0.2769493462959585,-0.6340606814605939,-0.5935192026789141,0.9192847463529197
1.0077672064577599,-0.9913404173495277,0.3627734959253576,0.8927360323896893,0.6422325706389302,0.3077426432501181,1.5654545208812343,0.9496524907709334,0.5941880018468845,-0.6340606814605939,-0.5935192026789141,0.9192847463529197
0.7533447862462577,0.33505833411666086,-0.639017310910287,0.3050230420080638,-0.30945807491147276,-0.011823964486245425,1.5654545208812343,-1.2895281190468464,1.2286653129487366,1.5771361152633603,-0.5935192026789141,1.2335164149063018
0.6261335761405067,-1.3978163082789987,-0.639017310910287,-0.8704029387551875,-0.6266882900949404,-0.9705237876953359,-1.6197624705857465,1.269535435030616,-0.040289309254967536,-0.6340606814605939,1.684865452518453,-0.023410259307226837
0.3717111559290046,0.9902089597529321,0.11232579421644646,-1.458115929136813,-0.6266882900949404,-1.2900903954316993,-1.6197624705857465,-0.009996342008115089,0.2769493462959585,1.5771361152633603,-0.5935192026789141,-1.2803369335207555
1.2621896266692618,-0.20607671318858392,-0.639017310910287,1.480449022771315,-1.2611487204618759,-0.011823964486245425,-1.6197624705857465,0.6297695465112505,0.2769493462959585,1.5771361152633603,1.684865452518453,0.29082140924615535
0.7533447862462577,-0.0708045387757099,-0.1381219074924647,1.480449022771315,-1.5783789356453435,-0.011823964486245425,-0.9827190722923503,-1.2895281190468464,-0.6747666203568196,1.5771361152633603,-0.5935192026789141,1.5477480834596842
0.11728873571750253,-0.16780743261403155,-1.1399127143281094,-0.8704029387551875,1.2766930010058655,-0.6509571799589724,0.29136772429444197,0.3098866022515677,-0.6747666203568196,-0.6340606814605939,-0.5935192026789141,-0.6518735964139912
1.2621896266692618,0.7522876872964772,-0.8894650126191982,-1.458115929136813,-1.2611487204618759,-1.2900903954316993,-0.027153974852256096,0.9496524907709334,0.9114266573978106,-0.6340606814605939,1.684865452518453,-1.5945686020741379
0.8805559963520088,1.3353060218446986,1.114116601052091,0.3050230420080638,-0.9439185052784081,0.3077426432501181,-0.6641973731456523,1.589418379290299,-1.6264825870095976,-0.6340606814605939,-0.5935192026789141,-1.2803369335207555
1.1349784165635108,1.718681335410186,0.86366889934318,0.8927360323896893,-0.30945807491147276,-1.6096570031680628,1.2469328217345361,-1.2895281190468464,-1.6264825870095976,1.5771361152633603,1.684865452518453,0.6050530777995375
-1.536456995657261,1.2330921238315413,-1.3903604160370207,1.480449022771315,-1.2611487204618759,-0.011823964486245425,-0.027153974852256096,-1.609411063306529,0.9114266573978106,-0.6340606814605939,-0.5935192026789141,-0.023410259307226837
1.1349784165635108,-0.12003536407191248,-1.3903604160370207,0.3050230420080638,-1.2611487204618759,0.6273092509864816,0.60988942344114,-1.2895281190468464,0.2769493462959585,-0.6340606814605939,1.684865452518453,-1.2803369335207555
-1.1548233653400077,-0.6589091053401077,-1.1399127143281094,-1.458115929136813,-1.5783789356453435,0.3077426432501181,-1.6197624705857465,-0.6497622305274807,0.5941880018468845,-0.6340606814605939,-0.5935192026789141,0.29082140924615535
0.6261335761405067,-0.715390922449949,-0.1381219074924647,-0.2826899483735619,0.6422325706389302,-0.6509571799589724,1.5654545208812343,1.269535435030616,1.5459039684996627,-0.6340606814605939,-0.5935192026789141,-0.33764192786060904
-0.13713368449399954,0.037286375553089994,-0.3885696092013759,-1.458115929136813,-0.30945807491147276,-0.9705237876953359,-0.6641973731456523,-0.3298792862677979,1.2286653129487366,-0.6340606814605939,1.684865452518453,0.9192847463529197
-0.13713368449399954,-0.5200339675913251,1.6150120044699134,-0.2826899483735619,1.2766930010058655,-0.9705237876953359,-0.34567567399895416,-0.6497622305274807,0.2769493462959585,1.5771361152633603,-0.5935192026789141,-1.2803369335207555
-1.0276121552342568,-1.555711822336007,-0.1381219074924647,0.8927360323896893,0.6422325706389302,0.6273092509864816,0.9284111225878381,-0.9696451747871635,-1.3092439314586717,-0.6340606814605939,-0.5935192026789141,1.5477480834596842
1.2621896266692618,1.3953295361878368,-1.3903604160370207,0.3050230420080638,1.2766930010058655,-0.011823964486245425,0.9284111225878381,0.3098866022515677,0.2769493462959585,1.5771361152633603,-0.5935192026789141,0.29082140924615535
-0.7731897350227547,0.5298529601999877,0.86366889934318,1.480449022771315,-0.9439185052784081,1.2664424664592087,0.60988942344114,1.269535435030616,-1.6264825870095976,-0.6340606814605939,1.684865452518453,-0.6518735964139912
-1.0276121552342568,0.031101949276895722,-1.6408081177459317,-0.2826899483735619,-1.5783789356453435,-0.6509571799589724,-0.34567567399895416,1.269535435030616,0.5941880018468845,-0.6340606814605939,1.684865452518453,0.6050530777995375
-0.3915561047055016,-0.22372658873629364,1.114116601052091,-0.8704029387551875,-1.5783789356453435,-0.9705237876953359,-0.9827190722923503,0.3098866022515677,-0.9920052759077457,1.5771361152633603,-0.5935192026789141,-0.6518735964139912
0.24449994582325357,1.557606948531549,-1.1399127143281094,-0.8704029387551875,0.3250023554554625,-0.011823964486245425,0.60988942344114,0.3098866022515677,0.2769493462959585,-0.6340606814605939,1.684865452518453,1.5477480834596842
1.516612046880764,-1.359903127257693,0.11232579421644646,1.480449022771315,-1.5783789356453435,-0.9705237876953359,-0.027153974852256096,-1.609411063306529,-0.35752796480589355,1.5771361152633603,1.684865452518453,-1.2803369335207555
-1.6636682057630119,-1.5735148195433486,1.114116601052091,-0.2826899483735619,-0.6266882900949404,-0.6509571799589724,-1.6197624705857465,-1.609411063306529,-0.040289309254967536,-0.6340606814605939,-0.5935192026789141,-1.5945686020741379
0.7533447862462577,-1.5966956958982184,0.86366889934318,0.8927360323896893,1.593923216189333,-0.6509571799589724,-1.3012407714390484,-0.6497622305274807,1.5459039684996627,-0.6340606814605939,-0.5935192026789141,-0.6518735964139912
-1.1548233653400077,0.0888718593025982,-0.639017310910287,0.3050230420080638,-0.6266882900949404,-0.011823964486245425,-0.027153974852256096,-1.2895281190468464,-0.35752796480589355,-0.6340606814605939,-0.5935192026789141,0.9192847463529197
1.3894008367750128,-0.8758876110750561,1.114116601052091,-0.8704029387551875,1.2766930010058655,-0.9705237876953359,0.60988942344114,0.6297695465112505,0.2769493462959585,-0.6340606814605939,-0.5935192026789141,0.29082140924615535
-0.3915561047055016,-0.20327271166819336,0.11232579421644646,-0.2826899483735619,0.6422325706389302,1.5860090741955721,1.5654545208812343,0.3098866022515677,0.9114266573978106,1.5771361152633603,-0.5935192026789141,-0.33764192786060904
0.24449994582325357,-1.4980877486543211,0.6132211976342689,-0.2826899483735619,1.2766930010058655,-0.6509571799589724,0.9284111225878381,-0.3298792862677979,0.9114266573978106,-0.6340606814605939,-0.5935192026789141,-0.33764192786060904
-0.6459785249170037,-1.3990540145445731,0.6132211976342689,-0.8704029387551875,-0.6266882900949404,-1.2900903954316993,0.60988942344114,0.3098866022515677,-1.6264825870095976,1.5771361152633603,1.684865452518453,1.5477480834596842
0.6261335761405067,0.9473636360668702,-1.6408081177459317,-0.8704029387551875,0.9594627858223979,-1.2900903954316993,-0.34567567399895416,-0.009996342008115089,-1.3092439314586717,1.5771361152633603,-0.5935192026789141,-1.2803369335207555
1.0077672064577599,-0.39421855603449024,-1.6408081177459317,1.480449022771315,0.6422325706389302,-0.6509571799589724,-0.6641973731456523,0.3098866022515677,-0.35752796480589355,-0.6340606814605939,-0.5935192026789141,0.6050530777995375
0.8805559963520088,0.025617946123498794,-1.6408081177459317,-0.2826899483735619,0.6422325706389302,-0.9705237876953359,1.2469328217345361,-1.2895281190468464,-0.040289309254967536,-0.6340606814605939,-0.5935192026789141,-1.2803369335207555
0.8805559963520088,-1.699687092180427,-0.3885696092013759,0.8927360323896893,0.007772140271994877,-0.011823964486245425,-0.6641973731456523,-0.6497622305274807,0.5941880018468845,-0.6340606814605939,1.684865452518453,0.9192847463529197
-1.282034575445759,-0.6045712502703559,1.3645643027610024,0.3050230420080638,-0.6266882900949404,0.6273092509864816,-0.6641973731456523,-1.609411063306529,-0.35752796480589355,1.5771361152633603,-0.5935192026789141,0.29082140924615535
0.11728873571750253,-1.040487124900836,0.86366889934318,-0.2826899483735619,0.3250023554554625,1.5860090741955721,-1.3012407714390484,1.269535435030616,-0.6747666203568196,-0.6340606814605939,-0.5935192026789141,-0.6518735964139912
0.49892236603475565,1.1213382753453274,-1.3903604160370207,-1.458115929136813,0.3250023554554625,-0.9705237876953359,-1.3012407714390484,-1.609411063306529,1.2286653129487366,1.5771361152633603,-0.5935192026789141,0.6050530777995375
-0.6459785249170037,-0.30167518034215696,-0.8894650126191982,0.8927360323896893,-0.6266882900949404,1.5860090741955721,-0.027153974852256096,-1.2895281190468464,-0.040289309254967536,1.5771361152633603,-0.5935192026789141,0.6050530777995375
0.24449994582325357,1.1144322695010167,-0.1381219074924647,0.8927360323896893,0.9594627858223979,0.6273092509864816,1.2469328217345361,-0.9696451747871635,-0.040289309254967536,-0.6340606814605939,-0.5935192026789141,-0.6518735964139912
0.7533447862462577,1.1662813115958526,0.3627734959253576,-0.8704029387551875,1.2766930010058655,0.9468758587228451,-0.027153974852256096,-1.609411063306529,0.9114266573978106,-0.6340606814605939,-0.5935192026789141,1.2335164149063018
1.516612046880764,-0.21133404072943873,0.6132211976342689,-0.8704029387551875,-0.6266882900949404,-1.6096570031680628,-0.34567567399895416,1.269535435030616,-0.9920052759077457,-0.6340606814605939,-0.5935192026789141,0.29082140924615535
0.6261335761405067,-0.883039164402596,0.6132211976342689,1.480449022771315,-0.30945807491147276,-0.6509571799589724,-0.9827190722923503,0.6297695465112505,-0.040289309254967536,1.5771361152633603,1.684865452518453,1.2335164149063018
0.3717111559290046,0.35632587147141376,0.11232579421644646,1.480449022771315,1.593923216189333,-1.6096570031680628,-0.6641973731456523,0.6297695465112505,-0.35752796480589355,-0.6340606814605939,-0.5935192026789141,0.29082140924615535
1.1349784165635108,-0.5683371698101457,0.6132211976342689,0.8927360323896893,0.3250023554554625,-0.011823964486245425,0.29136772429444197,0.6297695465112505,-0.6747666203568196,1.5771361152633603,1.684865452518453,-1.2803369335207555
-1.6636682057630119,0.38456274972250754,-1.1399127143281094,0.3050230420080638,-0.6266882900949404,0.3077426432501181,0.29136772429444197,0.3098866022515677,-0.6747666203568196,-0.6340606814605939,1.684865452518453,-0.33764192786060904
-1.536456995657261,0.0068751733113299645,-0.1381219074924647,-0.2826899483735619,0.6422325706389302,1.5860090741955721,0.60988942344114,1.589418379290299,-1.3092439314586717,-0.6340606814605939,-0.5935192026789141,-0.6518735964139912
-0.5187673148112526,-1.6382617165804025,-1.1399127143281094,-0.8704029387551875,1.593923216189333,-1.2900903954316993,-0.027153974852256096,1.589418379290299,0.9114266573978106,-0.6340606814605939,-0.5935192026789141,0.29082140924615535
-1.1548233653400077,-1.6800678197953136,1.114116601052091,1.480449022771315,1.2766930010058655,0.9468758587228451,1.2469328217345361,-0.3298792862677979,1.5459039684996627,-0.6340606814605939,-0.5935192026789141,-1.5945686020741379
0.24449994582325357,-1.5340804744699428,1.6150120044699134,-0.2826899483735619,-0.9439185052784081,-1.6096570031680628,0.9284111225878381,-0.009996342008115089,-0.6747666203568196,-0.6340606814605939,-0.5935192026789141,1.2335164149063018
0.3717111559290046,1.1700678638471762,-0.3885696092013759,0.3050230420080638,-1.5783789356453435,1.2664424664592087,-0.9827190722923503,-1.609411063306529,0.9114266573978106,1.5771361152633603,1.684865452518453,-1.5945686020741379
0.7533447862462577,1.600385979533436,-1.6408081177459317,1.480449022771315,-0.6266882900949404,-1.6096570031680628,-0.9827190722923503,0.3098866022515677,-1.3092439314586717,1.5771361152633603,-0.5935192026789141,-0.6518735964139912
-1.0276121552342568,0.32162260330030196,0.86366889934318,0.8927360323896893,-1.2611487204618759,-0.3313905722226089,0.60988942344114,-0.009996342008115089,1.5459039684996627,-0.6340606814605939,-0.5935192026789141,1.5477480834596842
-0.2643448945997506,-1.2462832220739881,0.11232579421644646,-0.8704029387551875,0.007772140271994877,1.2664424664592087,1.2469328217345361,-0.3298792862677979,-0.35752796480589355,-0.6340606814605939,1.684865452518453,-0.023410259307226837
-0.009922474388248505,-1.5851131349278635,-0.1381219074924647,-1.458115929136813,-0.30945807491147276,0.6273092509864816,-0.34567567399895416,-0.009996342008115089,0.2769493462959585,1.5771361152633603,-0.5935192026789141,-0.9661052649673734
-1.282034575445759,1.1633372126377535,0.86366889934318,1.480449022771315,0.3250023554554625,0.6273092509864816,0.60988942344114,-0.9696451747871635,-0.6747666203568196,-0.6340606814605939,-0.5935192026789141,1.2335164149063018
-0.7731897350227547,-0.7069794338822409,1.3645643027610024,-0.8704029387551875,1.2766930010058655,-0.9705237876953359,0.9284111225878381,-0.009996342008115089,-0.040289309254967536,-0.6340606814605939,-0.5935192026789141,-0.6518735964139912
0.8805559963520088,-1.456170596771335,-0.3885696092013759,-0.8704029387551875,0.6422325706389302,1.2664424664592087,-0.9827190722923503,-0.009996342008115089,1.5459039684996627,-0.6340606814605939,1.684865452518453,1.5477480834596842
1.2621896266692618,-0.8613745332626299,0.86366889934318,1.480449022771315,0.007772140271994877,-1.6096570031680628,-0.9827190722923503,0.6297695465112505,-0.9920052759077457,1.5771361152633603,1.684865452518453,0.9192847463529197
1.643823256986515,-0.6909856093645638,0.11232579421644646,-0.8704029387551875,-0.9439185052784081,-0.6509571799589724,-1.3012407714390484,0.6297695465112505,0.9114266573978106,-0.6340606814605939,1.684865452518453,0.29082140924615535
-1.1548233653400077,-1.144696310914873,0.86366889934318,0.3050230420080638,-1.5783789356453435,1.5860090741955721,0.60988942344114,-0.009996342008115089,0.2769493462959585,-0.6340606814605939,-0.5935192026789141,-1.2803369335207555
-0.6459785249170037,1.5423036347030037,1.3645643027610024,-1.458115929136813,-0.6266882900949404,0.6273092509864816,1.5654545208812343,-0.6497622305274807,-1.6264825870095976,-0.6340606814605939,1.684865452518453,1.2335164149063018
1.643823256986515,-0.39435843228678996,-0.8894650126191982,0.8927360323896893,-1.2611487204618759,1.5860090741955721,1.2469328217345361,0.3098866022515677,-1.3092439314586717,1.5771361152633603,-0.5935192026789141,-0.9661052649673734
0.3717111559290046,-0.733756844274372,-1.3903604160370207,-0.2826899483735619,-1.2611487204618759,1.2664424664592087,1.5654545208812343,-0.9696451747871635,-1.3092439314586717,1.5771361152633603,-0.5935192026789141,-1.5945686020741379
1.1349784165635108,-0.9099782100741364,1.114116601052091,0.3050230420080638,-1.2611487204618759,0.9468758587228451,-1.6197624705857465,-1.2895281190468464,0.9114266573978106,1.5771361152633603,-0.5935192026789141,1.2335164149063018
1.0077672064577599,-1.1912758605110356,-0.639017310910287,0.8927360323896893,0.9594627858223979,-1.2900903954316993,-1.3012407714390484,-0.6497622305274807,0.5941880018468845,-0.6340606814605939,1.684865452518453,-0.023410259307226837
0.3717111559290046,-1.5940755112122669,0.3627734959253576,0.3050230420080638,-1.5783789356453435,-0.9705237876953359,0.29136772429444197,-0.6497622305274807,1.5459039684996627,-0.6340606814605939,-0.5935192026789141,-0.6518735964139912
1.0077672064577599,-1.554218667782363,-0.8894650126191982,0.3050230420080638,0.007772140271994877,0.3077426432501181,0.9284111225878381,-0.3298792862677979,1.5459039684996627,-0.6340606814605939,-0.5935192026789141,-1.2803369335207555
0.11728873571750253,-1.4204501690117264,-1.6408081177459317,-1.458115929136813,-1.5783789356453435,1.5860090741955721,0.60988942344114,-0.3298792862677979,0.5941880018468845,1.5771361152633603,-0.5935192026789141,-0.33764192786060904
0.24449994582325357,-1.144309118534658,-0.8894650126191982,1.480449022771315,0.6422325706389302,-0.9705237876953359,-0.027153974852256096,0.9496524907709334,0.5941880018468845,-0.6340606814605939,-0.5935192026789141,0.29082140924615535
-1.0276121552342568,1.1340177255870396,0.11232579421644646,-1.458115929136813,-0.6266882900949404,-0.6509571799589724,0.60988942344114,-1.2895281190468464,1.5459039684996627,-0.6340606814605939,1.684865452518453,-0.6518735964139912
0.24449994582325357,1.671493521009534,-0.1381219074924647,-1.458115929136813,-0.30945807491147276,-1.6096570031680628,-1.3012407714390484,-0.009996342008115089,1.2286653129487366,-0.6340606814605939,1.684865452518453,-0.9661052649673734
-1.1548233653400077,0.853507286291319,-1.6408081177459317,1.480449022771315,1.2766930010058655,0.6273092509864816,-0.027153974852256096,-1.2895281190468464,-0.040289309254967536,1.5771361152633603,-0.5935192026789141,0.9192847463529197
0.8805559963520088,1.3124124733816327,-1.6408081177459317,-1.458115929136813,-0.6266882900949404,0.3077426432501181,0.60988942344114,0.9496524907709334,0.5941880018468845,-0.6340606814605939,-0.5935192026789141,-0.9661052649673734
-0.7731897350227547,0.4801633057792526,-0.639017310910287,-0.2826899483735619,1.2766930010058655,0.3077426432501181,1.2469328217345361,0.9496524907709334,1.2286653129487366,-0.6340606814605939,1.684865452518453,1.2335164149063018
-1.1548233653400077,-1.0063931384655347,-0.3885696092013759,-0.8704029387551875,-1.5783789356453435,-0.011823964486245425,0.60988942344114,-1.2895281190468464,1.2286653129487366,-0.6340606814605939,-0.5935192026789141,-0.023410259307226837
-0.7731897350227547,0.6160839401404886,-0.639017310910287,-0.2826899483735619,0.3250023554554625,-0.011823964486245425,-0.027153974852256096,0.9496524907709334,-0.6747666203568196,-0.6340606814605939,-0.5935192026789141,1.2335164149063018
0.8805559963520088,-1.3104281908758486,0.86366889934318,1.480449022771315,0.3250023554554625,-0.011823964486245425,-0.34567567399895416,0.3098866022515677,1.5459039684996627,-0.6340606814605939,-0.5935192026789141,0.9192847463529197
-1.536456995657261,0.5625958954588124,1.3645643027610024,-1.458115929136813,0.6422325706389302,1.5860090741955721,-0.6641973731456523,-1.2895281190468464,0.9114266573978106,-0.6340606814605939,-0.5935192026789141,-1.5945686020741379
-0.009922474388248505,0.18736244549553635,0.6132211976342689,-1.458115929136813,-1.2611487204618759,1.5860090741955721,0.60988942344114,-0.3298792862677979,0.9114266573978106,-0.6340606814605939,-0.5935192026789141,1.5477480834596842
0.11728873571750253,0.4463405568475965,-0.1381219074924647,0.8927360323896893,0.3250023554554625,-1.2900903954316993,-0.6641973731456523,1.269535435030616,0.9114266573978106,1.5771361152633603,-0.5935192026789141,-1.2803369335207555
1.3894008367750128,0.41834143236357885,0.86366889934318,-0.2826899483735619,1.2766930010058655,0.3077426432501181,-0.34567567399895416,-0.009996342008115089,-1.6264825870095976,-0.6340606814605939,-0.5935192026789141,-1.5945686020741379
-1.0276121552342568,1.5000380963380195,-0.8894650126191982,-1.458115929136813,0.3250023554554625,-1.6096570031680628,-0.6641973731456523,0.9496524907709334,0.2769493462959585,-0.6340606814605939,-0.5935192026789141,-0.33764192786060904
1.516612046880764,0.4491587136107224,-1.3903604160370207,-0.8704029387551875,1.593923216189333,-1.6096570031680628,1.2469328217345361,1.269535435030616,1.5459039684996627,1.5771361152633603,-0.5935192026789141,0.6050530777995375
1.3894008367750128,-1.644202850046436,0.3627734959253576,-0.8704029387551875,1.593923216189333,0.3077426432501181,-0.6641973731456523,0.6297695465112505,-0.9920052759077457,1.5771361152633603,-0.5935192026789141,-0.6518735964139912
-1.40924578555151,-0.07455783087888289,1.6150120044699134,-1.458115929136813,1.2766930010058655,0.6273092509864816,0.60988942344114,0.6297695465112505,-0.35752796480589355,1.5771361152633603,-0.5935192026789141,-0.33764192786060904
0.6261335761405067,-1.5401009360032951,-0.8894650126191982,1.480449022771315,-1.5783789356453435,-1.6096570031680628,-0.6641973731456523,-0.3298792862677979,-1.6264825870095976,-0.6340606814605939,-0.5935192026789141,-0.023410259307226837
-1.40924578555151,1.2875254839601462,-1.3903604160370207,-0.8704029387551875,-1.2611487204618759,-0.011823964486245425,-1.3012407714390484,0.3098866022515677,-1.3092439314586717,-0.6340606814605939,1.684865452518453,1.5477480834596842
0.3717111559290046,-1.0910500679225095,-0.639017310910287,-0.2826899483735619,0.007772140271994877,-0.011823964486245425,0.9284111225878381,0.9496524907709334,0.2769493462959585,-0.6340606814605939,-0.5935192026789141,0.29082140924615535
-1.536456995657261,-1.0585290233298525,-0.3885696092013759,0.3050230420080638,0.3250023554554625,-1.6096570031680628,-0.34567567399895416,1.269535435030616,-1.3092439314586717,1.5771361152633603,-0.5935192026789141,-0.9661052649673734
-0.3915561047055016,-1.7324467446582323,0.11232579421644646,-0.2826899483735619,1.2766930010058655,-0.9705237876953359,0.9284111225878381,-1.2895281190468464,1.5459039684996627,-0.6340606814605939,-0.5935192026789141,0.29082140924615535
-0.3915561047055016,-0.15961466178938363,-0.8894650126191982,-0.8704029387551875,-0.30945807491147276,-1.6096570031680628,1.2469328217345361,-0.6497622305274807,-0.6747666203568196,-0.6340606814605939,1.684865452518453,0.6050530777995375
-0.9004009451285058,-0.7128287987076019,0.86366889934318,0.3050230420080638,0.007772140271994877,0.6273092509864816,-0.027153974852256096,-0.3298792862677979,-1.3092439314586717,-0.6340606814605939,-0.5935192026789141,-0.33764192786060904
0.49892236603475565,1.5125399196077662,-1.6408081177459317,0.3050230420080638,1.2766930010058655,1.2664424664592087,-1.3012407714390484,0.3098866022515677,-0.9920052759077457,1.5771361152633603,-0.5935192026789141,-1.5945686020741379
-1.6636682057630119,0.785065965285022,0.6132211976342689,1.480449022771315,0.6422325706389302,-1.6096570031680628,-1.3012407714390484,-1.2895281190468464,0.5941880018468845,-0.6340606814605939,-0.5935192026789141,-0.6518735964139912
0.49892236603475565,0.4299772170014762,-0.3885696092013759,-1.458115929136813,-1.2611487204618759,0.6273092509864816,-0.027153974852256096,-0.3298792862677979,0.9114266573978106,-0.6340606814605939,-0.5935192026789141,-1.5945686020741379
-1.1548233653400077,-1.714892549563132,1.3645643027610024,0.3050230420080638,-0.9439185052784081,1.2664424664592087,0.9284111225878381,-1.2895281190468464,1.5459039684996627,-0.6340606814605939,-0.5935192026789141,-0.6518735964139912
-1.536456995657261,-1.2846355140169163,-0.3885696092013759,-1.458115929136813,0.3250023554554625,-0.9705237876953359,1.2469328217345361,0.3098866022515677,-0.040289309254967536,-0.6340606814605939,1.684865452518453,-0.9661052649673734
1.1349784165635108,-0.9463667146737019,-0.3885696092013759,0.3050230420080638,1.593923216189333,0.3077426432501181,1.2469328217345361,1.589418379290299,-0.9920052759077457,-0.6340606814605939,1.684865452518453,-0.6518735964139912
1.1349784165635108,-0.4017201976681986,-0.1381219074924647,-0.8704029387551875,0.6422325706389302,-0.6509571799589724,-1.3012407714390484,0.3098866022515677,-0.35752796480589355,1.5771361152633603,1.684865452518453,0.9192847463529197
1.0077672064577599,0.400636639078273,0.86366889934318,-0.8704029387551875,-0.6266882900949404,1.5860090741955721,-0.9827190722923503,-0.9696451747871635,0.9114266573978106,1.5771361152633603,-0.5935192026789141,-1.5945686020741379
-0.9004009451285058,1.653483841882813,-0.3885696092013759,-1.458115929136813,0.3250023554554625,1.5860090741955721,-1.3012407714390484,-1.2895281190468464,0.5941880018468845,-0.6340606814605939,-0.5935192026789141,0.6050530777995375
1.2621896266692618,0.7497550992656744,-1.1399127143281094,-0.8704029387551875,0.9594627858223979,-0.6509571799589724,-0.9827190722923503,-1.2895281190468464,0.2769493462959585,-0.6340606814605939,-0.5935192026789141,-1.5945686020741379
0.24449994582325357,1.1616692121408285,1.114116601052091,-1.458115929136813,1.593923216189333,-0.011823964486245425,0.29136772429444197,-1.609411063306529,-0.9920052759077457,1.5771361152633603,-0.5935192026789141,-0.33764192786060904
-0.13713368449399954,-0.9407290726641543,-0.3885696092013759,0.3050230420080638,-1.5783789356453435,-0.3313905722226089,0.29136772429444197,-0.009996342008115089,0.2769493462959585,1.5771361152633603,-0.5935192026789141,-1.2803369335207555
-1.6636682057630119,-0.6204223608979158,1.6150120044699134,-0.8704029387551875,0.007772140271994877,-1.2900903954316993,0.9284111225878381,-0.9696451747871635,0.5941880018468845,1.5771361152633603,-0.5935192026789141,-1.2803369335207555
-1.1548233653400077,-0.3892945628887068,0.86366889934318,-0.2826899483735619,-0.9439185052784081,0.9468758587228451,0.29136772429444197,-0.9696451747871635,1.2286653129487366,1.5771361152633603,-0.5935192026789141,-0.33764192786060904
1.3894008367750128,0.6207395079208923,-0.1381219074924647,-0.2826899483735619,0.3250023554554625,0.9468758587228451,1.5654545208812343,0.9496524907709334,-0.6747666203568196,-0.6340606814605939,-0.5935192026789141,-1.5945686020741379
-1.536456995657261,-0.17111985254105153,-0.8894650126191982,-0.2826899483735619,0.3250023554554625,-0.011823964486245425,0.9284111225878381,-1.609411063306529,0.5941880018468845,-0.6340606814605939,1.684865452518453,0.29082140924615535
-1.536456995657261,1.0673594900053325,1.3645643027610024,-0.2826899483735619,1.593923216189333,-0.9705237876953359,0.29136772429444197,-1.2895281190468464,0.2769493462959585,-0.6340606814605939,1.684865452518453,-0.9661052649673734
-0.009922474388248505,0.3525352304243254,-1.6408081177459317,-1.458115929136813,-1.2611487204618759,-0.011823964486245425,1.2469328217345361,-0.9696451747871635,-0.35752796480589355,-0.6340606814605939,-0.5935192026789141,-0.6518735964139912
0.3717111559290046,-0.09426690800137164,1.114116601052091,0.3050230420080638,-0.9439185052784081,-1.2900903954316993,-1.3012407714390484,0.6297695465112505,-1.6264825870095976,-0.6340606814605939,-0.5935192026789141,1.5477480834596842
-0.13713368449399954,-0.5342867563808322,-0.3885696092013759,-0.8704029387551875,1.593923216189333,1.2664424664592087,-0.6641973731456523,0.3098866022515677,0.2769493462959585,-0.6340606814605939,-0.5935192026789141,0.29082140924615535
-0.9004009451285058,-0.6614007107998875,1.114116601052091,0.3050230420080638,-0.6266882900949404,-0.9705237876953359,-0.6641973731456523,0.6297695465112505,-0.040289309254967536,-0.6340606814605939,-0.5935192026789141,1.2335164149063018
-0.9004009451285058,1.3949923588644104,-0.639017310910287,-1.458115929136813,-1.5783789356453435,0.6273092509864816,1.5654545208812343,1.269535435030616,-0.6747666203568196,1.5771361152633603,-0.5935192026789141,-1.5945686020741379
0.49892236603475565,0.4113504996777368,-1.6408081177459317,-0.2826899483735619,1.2766930010058655,0.3077426432501181,0.29136772429444197,0.3098866022515677,0.5941880018468845,-0.6340606814605939,-0.5935192026789141,0.9192847463529197
-0.6459785249170037,-0.11453238012375094,1.6150120044699134,1.480449022771315,0.6422325706389302,-0.3313905722226089,0.60988942344114,-0.6497622305274807,-0.040289309254967536,1.5771361152633603,-0.5935192026789141,0.9192847463529197
1.3894008367750128,-0.8648123700656037,-0.1381219074924647,0.8927360323896893,-0.9439185052784081,-1.2900903954316993,-0.9827190722923503,1.589418379290299,0.9114266573978106,-0.6340606814605939,-0.5935192026789141,1.2335164149063018
-1.536456995657261,0.5947461284877995,1.3645643027610024,0.8927360323896893,1.2766930010058655,-0.3313905722226089,0.60988942344114,0.6297695465112505,1.2286653129487366,-0.6340606814605939,-0.5935192026789141,0.9192847463529197
1.2621896266692618,-0.21872582978088198,-1.1399127143281094,-1.458115929136813,0.6422325706389302,-0.9705237876953359,0.9284111225878381,1.269535435030616,-0.35752796480589355,-0.6340606814605939,-0.5935192026789141,-1.2803369335207555
0.24449994582325357,0.7176152113787102,-0.8894650126191982,1.480449022771315,0.6422325706389302,-0.011823964486245425,1.5654545208812343,0.9496524907709334,-0.35752796480589355,-0.6340606814605939,-0.5935192026789141,-0.023410259307226837
0.3717111559290046,-0.2893233065257661,1.114116601052091,0.8927360323896893,1.593923216189333,1.2664424664592087,-0.9827190722923503,1.269535435030616,1.2286653129487366,-0.6340606814605939,1.684865452518453,-0.023410259307226837
0.3717111559290046,-1.245883789851026,1.114116601052091,0.3050230420080638,1.593923216189333,0.3077426432501181,-0.6641973731456523,-0.009996342008115089,-0.9920052759077457,1.5771361152633603,1.684865452518453,1.2335164149063018
0.11728873571750253,0.907746142015785,0.86366889934318,-1.458115929136813,0.9594627858223979,0.9468758587228451,-1.6197624705857465,-0.3298792862677979,-1.3092439314586717,-0.6340606814605939,1.684865452518453,-1.2803369335207555
-1.40924578555151,-0.7045223872918014,0.86366889934318,-0.8704029387551875,0.3250023554554625,-0.3313905722226089,-0.34567567399895416,0.9496524907709334,1.2286653129487366,-0.6340606814605939,-0.5935192026789141,-0.9661052649673734
-0.3915561047055016,0.3006096796546928,1.6150120044699134,0.3050230420080638,-1.2611487204618759,-1.2900903954316993,0.9284111225878381,1.589418379290299,0.5941880018468845,-0.6340606814605939,1.684865452518453,-0.023410259307226837
-0.13713368449399954,-0.5395549446377488,0.3627734959253576,0.8927360323896893,0.3250023554554625,0.6273092509864816,-1.3012407714390484,0.6297695465112505,1.5459039684996627,1.5771361152633603,-0.5935192026789141,0.29082140924615535
-0.6459785249170037,-0.43938121490652843,1.3645643027610024,0.3050230420080638,-0.9439185052784081,0.9468758587228451,-0.9827190722923503,1.589418379290299,0.2769493462959585,-0.6340606814605939,1.684865452518453,-0.33764192786060904
1.1349784165635108,-0.40924903749102387,-1.6408081177459317,1.480449022771315,-1.5783789356453435,0.9468758587228451,-0.027153974852256096,0.9496524907709334,1.5459039684996627,1.5771361152633603,-0.5935192026789141,0.9192847463529197
0.3717111559290046,1.4685089594477467,-0.639017310910287,-0.2826899483735619,-1.5783789356453435,-1.6096570031680628,1.5654545208812343,1.589418379290299,0.9114266573978106,-0.6340606814605939,-0.5935192026789141,0.9192847463529197
-0.5187673148112526,-0.5751970068146396,0.3627734959253576,-0.8704029387551875,-0.30945807491147276,0.9468758587228451,1.2469328217345361,-0.9696451747871635,-0.35752796480589355,-0.6340606814605939,-0.5935192026789141,-1.5945686020741379
1.643823256986515,0.20502031827550973,-1.1399127143281094,-0.8704029387551875,0.007772140271994877,-1.2900903954316993,1.2469328217345361,-0.6497622305274807,-1.3092439314586717,-0.6340606814605939,-0.5935192026789141,1.5477480834596842
-1.282034575445759,-1.5253992466743578,-1.1399127143281094,0.8927360323896893,-0.9439185052784081,-1.6096570031680628,-0.027153974852256096,1.589418379290299,0.9114266573978106,-0.6340606814605939,-0.5935192026789141,0.29082140924615535
1.3894008367750128,1.5908640637449496,-1.3903604160370207,0.3050230420080638,0.9594627858223979,-0.3313905722226089,1.2469328217345361,1.589418379290299,0.2769493462959585,-0.6340606814605939,-0.5935192026789141,-0.6518735964139912
1.3894008367750128,-1.5490243750191321,0.3627734959253576,1.480449022771315,-0.30945807491147276,1.5860090741955721,-0.6641973731456523,0.9496524907709334,1.2286653129487366,-0.6340606814605939,1.684865452518453,-0.6518735964139912
1.2621896266692618,1.1292993116526686,1.114116601052091,1.480449022771315,-1.5783789356453435,-1.2900903954316993,-0.9827190722923503,-0.009996342008115089,-0.6747666203568196,-0.6340606814605939,1.684865452518453,-0.9661052649673734
0.11728873571750253,0.9227645982454411,0.6132211976342689,1.480449022771315,-1.5783789356453435,1.5860090741955721,-0.6641973731456523,0.9496524907709334,1.2286653129487366,1.5771361152633603,-0.5935192026789141,0.29082140924615535
-0.2643448945997506,-0.16674658052544744,-0.1381219074924647,0.3050230420080638,-0.6266882900949404,1.5860090741955721,-1.6197624705857465,1.589418379290299,0.5941880018468845,-0.6340606814605939,-0.5935192026789141,1.5477480834596842
0.6261335761405067,-0.27456384360340425,-0.8894650126191982,1.480449022771315,-0.9439185052784081,-1.6096570031680628,0.9284111225878381,-1.609411063306529,1.5459039684996627,-0.6340606814605939,1.684865452518453,1.5477480834596842
-1.0276121552342568,-0.1645174794656969,-1.3903604160370207,-0.2826899483735619,1.2766930010058655,1.2664424664592087,0.29136772429444197,1.589418379290299,-0.35752796480589355,-0.6340606814605939,1.684865452518453,-1.2803369335207555
-1.6636682057630119,1.6838847894745361,0.3627734959253576,0.3050230420080638,0.3250023554554625,0.9468758587228451,-1.6197624705857465,-1.2895281190468464,-0.040289309254967536,1.5771361152633603,1.684865452518453,0.9192847463529197
-0.2643448945997506,0.008462139210146003,-0.639017310910287,-1.458115929136813,-1.2611487204618759,-0.9705237876953359,1.5654545208812343,0.9496524907709334,-0.9920052759077457,-0.6340606814605939,-0.5935192026789141,0.6050530777995375
0.8805559963520088,0.28439398176753733,0.11232579421644646,0.8927360323896893,1.2766930010058655,-0.6509571799589724,1.5654545208812343,-0.6497622305274807,1.2286653129487366,-0.6340606814605939,-0.5935192026789141,-0.9661052649673734
-0.5187673148112526,0.0736261052030965,0.6132211976342689,1.480449022771315,1.2766930010058655,-0.011823964486245425,-0.9827190722923503,-0.9696451747871635,-0.040289309254967536,-0.6340606814605939,-0.5935192026789141,0.29082140924615535
1.0077672064577599,-1.0185347265219424,-0.3885696092013759,1.480449022771315,-0.6266882900949404,-1.6096570031680628,1.5654545208812343,1.589418379290299,-1.6264825870095976,-0.6340606814605939,-0.5935192026789141,-1.5945686020741379
0.7533447862462577,1.0228028586150473,-1.6408081177459317,-0.2826899483735619,0.3250023554554625,0.9468758587228451,-0.027153974852256096,1.269535435030616,-1.6264825870095976,1.5771361152633603,-0.5935192026789141,-0.33764192786060904
1.3894008367750128,0.6379845417849301,-1.1399127143281094,-0.8704029387551875,1.593923216189333,0.9468758587228451,-0.9827190722923503,0.3098866022515677,1.5459039684996627,-0.6340606814605939,1.684865452518453,-0.9661052649673734
-1.0276121552342568,0.4396688293830514,-1.6408081177459317,-0.8704029387551875,0.9594627858223979,-0.3313905722226089,1.5654545208812343,-1.2895281190468464,-1.6264825870095976,-0.6340606814605939,-0.5935192026789141,0.6050530777995375
0.3717111559290046,-1.3903458583910464,1.114116601052091,-1.458115929136813,0.007772140271994877,-0.3313905722226089,-0.9827190722923503,-0.9696451747871635,-1.3092439314586717,-0.6340606814605939,-0.5935192026789141,0.9192847463529197
1.2621896266692618,-1.1990996690688438,0.6132211976342689,-0.8704029387551875,-0.9439185052784081,-0.011823964486245425,0.29136772429444197,1.589418379290299,0.2769493462959585,-0.6340606814605939,-0.5935192026789141,0.6050530777995375
1.516612046880764,-0.761551701620215,-0.639017310910287,-1.458115929136813,-0.6266882900949404,1.5860090741955721,-0.027153974852256096,-1.2895281190468464,1.5459039684996627,-0.6340606814605939,1.684865452518453,-0.9661052649673734
-1.6636682057630119,1.0071634442428343,0.6132211976342689,1.480449022771315,-1.2611487204618759,-0.6509571799589724,0.9284111225878381,-1.2895281190468464,-0.9920052759077457,-0.6340606814605939,-0.5935192026789141,-1.2803369335207555
0.3717111559290046,0.4822671084787933,-0.8894650126191982,-0.8704029387551875,1.593923216189333,1.2664424664592087,1.2469328217345361,-0.009996342008115089,0.9114266573978106,-0.6340606814605939,-0.5935192026789141,0.6050530777995375
1.516612046880764,1.6238542344933322,-0.3885696092013759,-0.2826899483735619,-1.2611487204618759,-0.9705237876953359,-0.6641973731456523,-1.2895281190468464,-1.3092439314586717,-0.6340606814605939,-0.5935192026789141,1.5477480834596842
1.516612046880764,0.41572096118797497,-1.1399127143281094,1.480449022771315,-0.6266882900949404,-0.011823964486245425,0.9284111225878381,0.6297695465112505,1.5459039684996627,1.5771361152633603,-0.5935192026789141,1.5477480834596842
1.1349784165635108,0.9435994611791467,-1.3903604160370207,1.480449022771315,1.593923216189333,-0.3313905722226089,-0.027153974852256096,0.6297695465112505,0.9114266573978106,-0.6340606814605939,-0.5935192026789141,-0.023410259307226837
-1.40924578555151,0.973008351378052,1.6150120044699134,-0.8704029387551875,0.6422325706389302,0.3077426432501181,0.60988942344114,1.269535435030616,-0.9920052759077457,-0.6340606814605939,-0.5935192026789141,-0.33764192786060904
-0.13713368449399954,-0.7462687091566775,1.6150120044699134,0.3050230420080638,1.2766930010058655,1.2664424664592087,1.5654545208812343,-0.9696451747871635,-1.3092439314586717,1.5771361152633603,1.684865452518453,-1.2803369335207555
1.1349784165635108,0.3553543159250225,1.3645643027610024,-0.2826899483735619,1.2766930010058655,-0.6509571799589724,-0.6641973731456523,1.269535435030616,-0.35752796480589355,-0.6340606814605939,-0.5935192026789141,0.9192847463529197
1.2621896266692618,-1.3042778834177642,-0.1381219074924647,1.480449022771315,-1.5783789356453435,0.6273092509864816,-1.3012407714390484,0.3098866022515677,1.2286653129487366,1.5771361152633603,-0.5935192026789141,-0.6518735964139912
1.643823256986515,0.36256408219204345,1.3645643027610024,-0.8704029387551875,1.593923216189333,-0.011823964486245425,0.29136772429444197,1.589418379290299,-0.35752796480589355,-0.6340606814605939,1.684865452518453,0.6050530777995375
0.8805559963520088,0.7427765570228105,0.86366889934318,0.8927360323896893,0.6422325706389302,0.9468758587228451,-1.6197624705857465,-0.9696451747871635,0.9114266573978106,-0.6340606814605939,-0.5935192026789141,-0.9661052649673734
0.8805559963520088,0.18502955697742235,0.11232579421644646,-0.8704029387551875,1.2766930010058655,-0.6509571799589724,-0.027153974852256096,-0.009996342008115089,-0.040289309254967536,-0.6340606814605939,-0.5935192026789141,1.2335164149063018
-0.6459785249170037,1.3455240889709008,0.3627734959253576,0.8927360323896893,-1.2611487204618759,-0.011823964486245425,1.2469328217345361,0.6297695465112505,-1.6264825870095976,-0.6340606814605939,-0.5935192026789141,-0.33764192786060904
-0.5187673148112526,1.1702302286494703,-1.3903604160370207,0.3050230420080638,0.3250023554554625,-0.011823964486245425,0.29136772429444197,-1.609411063306529,-1.6264825870095976,1.5771361152633603,-0.5935192026789141,0.29082140924615535
-0.9004009451285058,0.020225886255317006,-1.1399127143281094,1.480449022771315,1.2766930010058655,1.5860090741955721,1.2469328217345361,-0.9696451747871635,-0.6747666203568196,-0.6340606814605939,-0.5935192026789141,0.29082140924615535
0.8805559963520088,1.598263626298032,1.6150120044699134,-0.2826899483735619,-0.30945807491147276,1.5860090741955721,1.2469328217345361,1.269535435030616,1.2286653129487366,-0.6340606814605939,1.684865452518453,-0.6518735964139912
0.7533447862462577,0.8755981507020593,0.6132211976342689,0.3050230420080638,-0.6266882900949404,0.6273092509864816,-0.027153974852256096,-0.6497622305274807,0.9114266573978106,-0.6340606814605939,-0.5935192026789141,-0.33764192786060904
-1.0276121552342568,-0.6444362344904457,-0.3885696092013759,0.3050230420080638,-1.5783789356453435,1.5860090741955721,0.60988942344114,-0.6497622305274807,1.5459039684996627,-0.6340606814605939,-0.5935192026789141,0.6050530777995375
0.8805559963520088,1.3054128483473548,1.114116601052091,0.8927360323896893,-0.6266882900949404,0.9468758587228451,-1.6197624705857465,-1.609411063306529,1.5459039684996627,-0.6340606814605939,-0.5935192026789141,-0.023410259307226837
1.643823256986515,1.2103153816715932,-1.6408081177459317,-0.2826899483735619,-1.5783789356453435,-0.9705237876953359,-0.6641973731456523,1.269535435030616,0.9114266573978106,-0.6340606814605939,-0.5935192026789141,-0.6518735964139912
-1.282034575445759,0.4153033394228504,1.114116601052091,0.3050230420080638,0.9594627858223979,-0.3313905722226089,0.9284111225878381,0.3098866022515677,-0.6747666203568196,-0.6340606814605939,-0.5935192026789141,0.6050530777995375
-0.7731897350227547,0.585066708530077,-1.3903604160370207,0.8927360323896893,1.2766930010058655,1.2664424664592087,-0.027153974852256096,0.9496524907709334,-0.35752796480589355,-0.6340606814605939,1.684865452518453,-0.33764192786060904
-0.7731897350227547,1.412090299304309,0.11232579421644646,-1.458115929136813,0.3250023554554625,-0.6509571799589724,-0.9827190722923503,-1.609411063306529,-1.6264825870095976,-0.6340606814605939,-0.5935192026789141,-0.33764192786060904
0.8805559963520088,-0.28074164407078434,1.3645643027610024,0.3050230420080638,0.007772140271994877,-0.011823964486245425,-0.9827190722923503,0.3098866022515677,-0.35752796480589355,1.5771361152633603,1.684865452518453,-1.5945686020741379
0.3717111559290046,0.509557706721774,0.3627734959253576,1.480449022771315,-1.2611487204618759,1.2664424664592087,-1.6197624705857465,-0.9696451747871635,-0.9920052759077457,-0.6340606814605939,1.684865452518453,1.2335164149063018
0.7533447862462577,1.4249892768941084,-0.1381219074924647,-0.2826899483735619,-0.9439185052784081,-1.6096570031680628,-0.34567567399895416,-0.9696451747871635,0.5941880018468845,-0.6340606814605939,1.684865452518453,-1.5945686020741379
1.0077672064577599,0.969326250725614,1.6150120044699134,-1.458115929136813,-0.9439185052784081,-0.9705237876953359,-1.3012407714390484,-1.2895281190468464,0.9114266573978106,-0.6340606814605939,-0.5935192026789141,0.29082140924615535
1.0077672064577599,-0.4713444991433356,0.86366889934318,1.480449022771315,-0.30945807491147276,-1.6096570031680628,-0.6641973731456523,0.9496524907709334,1.5459039684996627,-0.6340606814605939,1.684865452518453,-0.33764192786060904
1.0077672064577599,0.7841350218810104,-1.6408081177459317,-0.8704029387551875,-1.5783789356453435,-0.011823964486245425,1.2469328217345361,0.3098866022515677,-1.6264825870095976,-0.6340606814605939,-0.5935192026789141,0.29082140924615535
-0.2643448945997506,1.3940737001183237,0.3627734959253576,0.3050230420080638,1.2766930010058655,0.3077426432501181,-1.6197624705857465,0.9496524907709334,-0.6747666203568196,-0.6340606814605939,-0.5935192026789141,-0.023410259307226837
0.3717111559290046,-0.037532343571149686,1.3645643027610024,0.8927360323896893,1.2766930010058655,0.6273092509864816,1.2469328217345361,1.589418379290299,1.2286653129487366,-0.6340606814605939,-0.5935192026789141,0.9192847463529197
-1.40924578555151,0.7163345154695966,0.6132211976342689,-0.8704029387551875,0.9594627858223979,0.6273092509864816,-1.3012407714390484,0.3098866022515677,1.2286653129487366,-0.6340606814605939,-0.5935192026789141,-0.33764192786060904
0.3717111559290046,-0.30243868454001754,-1.1399127143281094,-1.458115929136813,0.3250023554554625,-0.6509571799589724,-0.34567567399895416,-0.9696451747871635,-0.6747666203568196,1.5771361152633603,1.684865452518453,-0.33764192786060904
-1.0276121552342568,-0.5409695938664821,0.11232579421644646,-1.458115929136813,0.6422325706389302,-0.011823964486245425,-0.027153974852256096,0.9496524907709334,-1.6264825870095976,1.5771361152633603,-0.5935192026789141,-0.023410259307226837
0.7533447862462577,-0.8702527600547291,0.6132211976342689,1.480449022771315,0.6422325706389302,1.5860090741955721,-1.6197624705857465,1.589418379290299,1.5459039684996627,-0.6340606814605939,-0.5935192026789141,0.6050530777995375
-0.9004009451285058,-1.207810984101487,1.114116601052091,-0.8704029387551875,0.3250023554554625,-1.6096570031680628,0.60988942344114,-0.9696451747871635,-0.040289309254967536,-0.6340606814605939,-0.5935192026789141,-1.5945686020741379
-1.536456995657261,-1.2985150115461197,-0.639017310910287,1.480449022771315,0.3250023554554625,-1.6096570031680628,-0.9827190722923503,1.269535435030616,-0.040289309254967536,-0.6340606814605939,-0.5935192026789141,-0.9661052649673734
0.11728873571750253,-0.855406519790741,1.6150120044699134,-0.8704029387551875,0.9594627858223979,-0.011823964486245425,-0.6641973731456523,0.3098866022515677,-0.9920052759077457,1.5771361152633603,-0.5935192026789141,-0.023410259307226837
-0.13713368449399954,0.4407225551800668,-1.3903604160370207,1.480449022771315,0.6422325706389302,-0.9705237876953359,1.2469328217345361,1.269535435030616,-0.6747666203568196,-0.6340606814605939,-0.5935192026789141,0.9192847463529197
0.6261335761405067,-0.7757969406506149,0.86366889934318,-1.458115929136813,-0.6266882900949404,0.9468758587228451,1.2469328217345361,-0.009996342008115089,-1.3092439314586717,-0.6340606814605939,-0.5935192026789141,-1.5945686020741379
0.7533447862462577,1.6960095933155022,-1.6408081177459317,0.8927360323896893,-0.9439185052784081,0.9468758587228451,0.29136772429444197,0.9496524907709334,0.2769493462959585,1.5771361152633603,1.684865452518453,-1.2803369335207555
1.1349784165635108,1.1149726436661997,-0.3885696092013759,0.8927360323896893,1.593923216189333,-1.6096570031680628,-0.027153974852256096,-0.3298792862677979,-1.3092439314586717,-0.6340606814605939,-0.5935192026789141,-1.2803369335207555
1.643823256986515,-0.8600006064343717,-0.639017310910287,1.480449022771315,0.007772140271994877,-0.3313905722226089,1.2469328217345361,-0.6497622305274807,0.5941880018468845,1.5771361152633603,1.684865452518453,0.29082140924615535
-1.6636682057630119,-1.3018777791908445,0.86366889934318,0.3050230420080638,0.007772140271994877,-0.6509571799589724,-0.6641973731456523,-0.6497622305274807,0.9114266573978106,-0.6340606814605939,-0.5935192026789141,-0.023410259307226837
1.3894008367750128,1.7065517571045867,0.3627734959253576,-0.2826899483735619,0.007772140271994877,-0.6509571799589724,0.9284111225878381,-0.3298792862677979,1.5459039684996627,1.5771361152633603,-0.5935192026789141,-0.33764192786060904
-0.2643448945997506,0.19024858224194519,1.3645643027610024,0.8927360323896893,-0.6266882900949404,-1.2900903954316993,0.9284111225878381,1.589418379290299,1.5459039684996627,-0.6340606814605939,-0.5935192026789141,0.6050530777995375
-0.7731897350227547,1.6928790819052408,0.6132211976342689,-0.2826899483735619,-0.6266882900949404,-1.6096570031680628,-0.9827190722923503,-0.6497622305274807,-0.040289309254967536,-0.6340606814605939,-0.5935192026789141,-1.2803369335207555
0.3717111559290046,0.8712225224498537,-0.3885696092013759,-0.2826899483735619,-0.9439185052784081,1.5860090741955721,-0.34567567399895416,-1.609411063306529,-0.35752796480589355,-0.6340606814605939,-0.5935192026789141,1.5477480834596842
0.49892236603475565,-0.7291526621943567,0.86366889934318,0.3050230420080638,1.2766930010058655,0.6273092509864816,-0.9827190722923503,-0.009996342008115089,-0.040289309254967536,-0.6340606814605939,1.684865452518453,-1.2803369335207555
-1.40924578555151,0.7787758137586995,-0.1381219074924647,1.480449022771315,-0.9439185052784081,0.9468758587228451,0.29136772429444197,0.6297695465112505,0.9114266573978106,-0.6340606814605939,-0.5935192026789141,0.9192847463529197
-0.9004009451285058,1.497118021790062,-0.3885696092013759,-0.2826899483735619,1.2766930010058655,-0.3313905722226089,-1.3012407714390484,0.9496524907709334,-1.3092439314586717,-0.6340606814605939,-0.5935192026789141,-1.2803369335207555
-1.40924578555151,-1.5863563441556658,1.114116601052091,0.8927360323896893,0.3250023554554625,-1.2900903954316993,-0.9827190722923503,-1.609411063306529,0.2769493462959585,-0.6340606814605939,-0.5935192026789141,1.5477480834596842
0.3717111559290046,1.2953628309974945,-1.3903604160370207,-1.458115929136813,-0.6266882900949404,-1.2900903954316993,-1.6197624705857465,1.589418379290299,-0.6747666203568196,1.5771361152633603,1.684865452518453,-0.9661052649673734
1.0077672064577599,1.6365655459483925,-0.639017310910287,0.3050230420080638,-0.30945807491147276,0.3077426432501181,-0.6641973731456523,-0.9696451747871635,-0.9920052759077457,-0.6340606814605939,-0.5935192026789141,0.6050530777995375
1.516612046880764,0.3440826870445105,-0.639017310910287,1.480449022771315,-1.2611487204618759,0.6273092509864816,1.2469328217345361,-1.609411063306529,0.9114266573978106,1.5771361152633603,1.684865452518453,-1.5945686020741379
-0.13713368449399954,1.4212966815475452,1.114116601052091,-1.458115929136813,-0.30945807491147276,0.3077426432501181,1.2469328217345361,1.589418379290299,0.5941880018468845,-0.6340606814605939,-0.5935192026789141,0.9192847463529197
0.7533447862462577,0.578234033491675,0.6132211976342689,1.480449022771315,0.007772140271994877,0.6273092509864816,-0.9827190722923503,-1.609411063306529,1.2286653129487366,1.5771361152633603,-0.5935192026789141,-0.33764192786060904
1.643823256986515,-0.6670825921866862,0.86366889934318,-1.458115929136813,-0.30945807491147276,-0.3313905722226089,-0.027153974852256096,1.589418379290299,1.5459039684996627,1.5771361152633603,1.684865452518453,-0.33764192786060904
-1.6636682057630119,-0.2231167819542888,-1.6408081177459317,0.3050230420080638,0.007772140271994877,-0.011823964486245425,1.2469328217345361,1.589418379290299,-0.35752796480589355,-0.6340606814605939,1.684865452518453,1.5477480834596842
-0.9004009451285058,-0.6660182692201059,0.11232579421644646,-0.8704029387551875,-0.6266882900949404,-0.9705237876953359,-1.6197624705857465,0.9496524907709334,-0.6747666203568196,-0.6340606814605939,-0.5935192026789141,-1.5945686020741379
-1.0276121552342568,1.3778043609770023,0.6132211976342689,1.480449022771315,0.007772140271994877,-0.6509571799589724,-0.6641973731456523,1.269535435030616,0.5941880018468845,-0.6340606814605939,-0.5935192026789141,-1.5945686020741379
-1.1548233653400077,-1.636890963898936,0.11232579421644646,-1.458115929136813,1.2766930010058655,0.3077426432501181,1.2469328217345361,-1.2895281190468464,-0.6747666203568196,-0.6340606814605939,1.684865452518453,-1.2803369335207555
0.24449994582325357,-1.536967978805271,-1.1399127143281094,1.480449022771315,-0.9439185052784081,-0.9705237876953359,-1.6197624705857465,0.3098866022515677,-0.040289309254967536,-0.6340606814605939,-0.5935192026789141,-0.33764192786060904
-1.0276121552342568,-1.0565801704368847,-0.1381219074924647,0.3050230420080638,-1.2611487204618759,0.3077426432501181,0.9284111225878381,-0.6497622305274807,-0.040289309254967536,-0.6340606814605939,1.684865452518453,0.6050530777995375
1.3894008367750128,1.5896137198744957,-0.1381219074924647,-0.2826899483735619,0.9594627858223979,0.9468758587228451,-0.027153974852256096,-0.009996342008115089,0.9114266573978106,-0.6340606814605939,-0.5935192026789141,1.5477480834596842
-1.40924578555151,-1.665638148929778,-1.3903604160370207,0.8927360323896893,-1.5783789356453435,1.2664424664592087,0.60988942344114,0.6297695465112505,-0.35752796480589355,-0.6340606814605939,1.684865452518453,-0.6518735964139912
-0.009922474388248505,-0.30525292494860634,-0.639017310910287,0.3050230420080638,0.6422325706389302,-0.6509571799589724,0.60988942344114,0.9496524907709334,0.9114266573978106,-0.6340606814605939,-0.5935192026789141,-0.6518735964139912
0.7533447862462577,-0.7985883809105846,-0.3885696092013759,0.3050230420080638,-1.5783789356453435,-1.2900903954316993,0.9284111225878381,0.6297695465112505,-0.040289309254967536,-0.6340606814605939,-0.5935192026789141,-1.5945686020741379
-1.536456995657261,0.6330745766103966,-0.3885696092013759,-0.8704029387551875,0.9594627858223979,0.6273092509864816,0.29136772429444197,-1.2895281190468464,1.5459039684996627,-0.6340606814605939,-0.5935192026789141,-0.33764192786060904
0.24449994582325357,1.2182189061835307,-0.8894650126191982,1.480449022771315,0.9594627858223979,0.9468758587228451,0.9284111225878381,-0.009996342008115089,0.2769493462959585,-0.6340606814605939,-0.5935192026789141,-0.023410259307226837
-1.536456995657261,-1.7050466254299506,1.6150120044699134,-1.458115929136813,-0.9439185052784081,0.3077426432501181,-0.027153974852256096,-0.009996342008115089,-0.040289309254967536,-0.6340606814605939,1.684865452518453,1.5477480834596842
-1.536456995657261,-1.4210972666856911,1.3645643027610024,-0.8704029387551875,-0.9439185052784081,1.2664424664592087,-0.9827190722923503,1.269535435030616,0.2769493462959585,1.5771361152633603,-0.5935192026789141,-1.5945686020741379
0.3717111559290046,0.5301399361977986,0.6132211976342689,0.3050230420080638,-0.30945807491147276,0.9468758587228451,1.2469328217345361,1.269535435030616,0.5941880018468845,-0.6340606814605939,-0.5935192026789141,1.5477480834596842
-0.3915561047055016,0.6076569124789427,1.3645643027610024,-0.2826899483735619,-1.2611487204618759,0.3077426432501181,1.5654545208812343,-1.609411063306529,0.9114266573978106,1.5771361152633603,-0.5935192026789141,-0.9661052649673734
-0.5187673148112526,-1.7247064743583638,1.114116601052091,-0.8704029387551875,-1.2611487204618759,-0.6509571799589724,-1.3012407714390484,1.589418379290299,-0.9920052759077457,-0.6340606814605939,1.684865452518453,1.5477480834596842
1.2621896266692618,-0.5558713469964979,-1.6408081177459317,-0.2826899483735619,0.9594627858223979,1.2664424664592087,-0.9827190722923503,1.589418379290299,1.2286653129487366,-0.6340606814605939,1.684865452518453,0.9192847463529197
1.643823256986515,0.7919466819351128,1.3645643027610024,-0.8704029387551875,1.593923216189333,-0.9705237876953359,1.5654545208812343,-1.2895281190468464,0.2769493462959585,-0.6340606814605939,-0.5935192026789141,0.9192847463529197
-0.7731897350227547,-0.601676054994443,-1.1399127143281094,-1.458115929136813,-1.5783789356453435,-1.6096570031680628,0.9284111225878381,0.9496524907709334,-0.040289309254967536,-0.6340606814605939,1.684865452518453,-0.33764192786060904
0.24449994582325357,0.8483558410151671,0.6132211976342689,-0.2826899483735619,-0.9439185052784081,-0.011823964486245425,1.2469328217345361,0.6297695465112505,-0.040289309254967536,-0.6340606814605939,-0.5935192026789141,0.29082140924615535
1.3894008367750128,-1.709406920358293,-0.8894650126191982,0.3050230420080638,0.6422325706389302,0.3077426432501181,0.9284111225878381,0.3098866022515677,-0.9920052759077457,-0.6340606814605939,1.684865452518453,1.2335164149063018
-1.0276121552342568,1.532058406095309,0.86366889934318,-1.458115929136813,0.007772140271994877,1.5860090741955721,-0.34567567399895416,1.589418379290299,-0.6747666203568196,-0.6340606814605939,-0.5935192026789141,-1.2803369335207555
1.1349784165635108,-0.09069292428006574,0.6132211976342689,0.3050230420080638,0.007772140271994877,0.6273092509864816,-0.6641973731456523,-0.6497622305274807,1.2286653129487366,-0.6340606814605939,-0.5935192026789141,-0.023410259307226837
1.3894008367750128,1.4150444957128994,1.3645643027610024,-1.458115929136813,0.007772140271994877,-1.2900903954316993,1.5654545208812343,-0.6497622305274807,-0.35752796480589355,1.5771361152633603,1.684865452518453,0.29082140924615535
-0.9004009451285058,0.4497949738537103,0.6132211976342689,0.3050230420080638,0.9594627858223979,0.9468758587228451,0.29136772429444197,-0.3298792862677979,0.5941880018468845,-0.6340606814605939,1.684865452518453,0.29082140924615535
-1.282034575445759,1.2270025489522423,1.6150120044699134,-0.8704029387551875,0.007772140271994877,-0.3313905722226089,0.60988942344114,-1.2895281190468464,-1.3092439314586717,1.5771361152633603,-0.5935192026789141,-0.33764192786060904
-1.536456995657261,0.1039182780577723,-1.6408081177459317,0.8927360323896893,1.593923216189333,-0.3313905722226089,-0.027153974852256096,0.6297695465112505,-1.6264825870095976,-0.6340606814605939,-0.5935192026789141,1.2335164149063018
0.24449994582325357,-0.8826558662480646,0.86366889934318,-0.8704029387551875,1.593923216189333,1.2664424664592087,0.29136772429444197,0.3098866022515677,0.2769493462959585,-0.6340606814605939,-0.5935192026789141,0.6050530777995375
-0.6459785249170037,-0.26617657067319306,-1.6408081177459317,0.8927360323896893,0.9594627858223979,1.5860090741955721,-0.9827190722923503,1.589418379290299,-0.040289309254967536,1.5771361152633603,1.684865452518453,1.2335164149063018
0.7533447862462577,0.02810087317204091,0.86366889934318,1.480449022771315,-0.9439185052784081,-0.3313905722226089,-0.9827190722923503,-1.2895281190468464,-0.6747666203568196,1.5771361152633603,-0.5935192026789141,0.29082140924615535
0.8805559963520088,-1.265804088510646,-1.3903604160370207,-0.2826899483735619,-1.5783789356453435,-1.6096570031680628,-0.6641973731456523,-0.3298792862677979,-1.6264825870095976,-0.6340606814605939,1.684865452518453,0.29082140924615535
1.1349784165635108,0.09899601984212984,-0.3885696092013759,-0.8704029387551875,-1.2611487204618759,0.9468758587228451,-0.34567567399895416,0.6297695465112505,1.2286653129487366,1.5771361152633603,-0.5935192026789141,-0.9661052649673734
-1.6636682057630119,-1.3686863210475375,-1.6408081177459317,0.3050230420080638,-1.5783789356453435,-1.6096570031680628,-1.3012407714390484,0.3098866022515677,-0.040289309254967536,1.5771361152633603,-0.5935192026789141,0.6050530777995375
-1.6636682057630119,0.8504734022317768,0.3627734959253576,-0.8704029387551875,0.6422325706389302,-0.3313905722226089,0.9284111225878381,-1.609411063306529,0.5941880018468845,-0.6340606814605939,-0.5935192026789141,-1.2803369335207555
-0.7731897350227547,-1.2662824501235217,0.86366889934318,-0.8704029387551875,0.9594627858223979,-0.011823964486245425,-0.027153974852256096,0.3098866022515677,-1.3092439314586717,-0.6340606814605939,-0.5935192026789141,-0.6518735964139912
0.8805559963520088,-1.1391875566117913,-1.3903604160370207,1.480449022771315,-1.5783789356453435,-0.3313905722226089,-1.3012407714390484,0.9496524907709334,1.2286653129487366,1.5771361152633603,-0.5935192026789141,-1.5945686020741379
-0.2643448945997506,-1.3757134328453389,-0.639017310910287,0.8927360323896893,1.2766930010058655,-0.3313905722226089,1.5654545208812343,-0.009996342008115089,-0.9920052759077457,-0.6340606814605939,1.684865452518453,-0.023410259307226837
-1.282034575445759,-0.003429711923902692,1.114116601052091,0.8927360323896893,-0.30945807491147276,1.5860090741955721,1.5654545208812343,-0.009996342008115089,-0.6747666203568196,-0.6340606814605939,-0.5935192026789141,0.6050530777995375
-0.3915561047055016,-0.9172246555765072,1.114116601052091,0.3050230420080638,0.3250023554554625,-0.3313905722226089,1.5654545208812343,-0.3298792862677979,-1.6264825870095976,-0.6340606814605939,-0.5935192026789141,0.29082140924615535
1.516612046880764,0.8705051689343394,0.6132211976342689,-0.2826899483735619,-0.6266882900949404,0.6273092509864816,0.9284111225878381,-0.9696451747871635,-0.9920052759077457,-0.6340606814605939,-0.5935192026789141,-0.6518735964139912
1.1349784165635108,-0.11669108458060518,0.86366889934318,1.480449022771315,0.6422325706389302,-1.6096570031680628,0.60988942344114,0.9496524907709334,-0.9920052759077457,1.5771361152633603,1.684865452518453,1.2335164149063018
-0.13713368449399954,-1.3190955210147695,0.3627734959253576,-1.458115929136813,-1.5783789356453435,-0.6509571799589724,0.60988942344114,-1.2895281190468464,-0.9920052759077457,-0.6340606814605939,-0.5935192026789141,-0.6518735964139912
0.6261335761405067,-1.3075177303937262,0.11232579421644646,0.3050230420080638,1.593923216189333,0.3077426432501181,-1.6197624705857465,-0.6497622305274807,-0.6747666203568196,-0.6340606814605939,-0.5935192026789141,1.2335164149063018
-1.536456995657261,1.163625205569795,0.11232579421644646,0.8927360323896893,0.6422325706389302,-1.6096570031680628,0.9284111225878381,-0.6497622305274807,0.5941880018468845,-0.6340606814605939,1.684865452518453,-1.2803369335207555
0.11728873571750253,1.101951790308019,-0.3885696092013759,0.8927360323896893,1.593923216189333,-0.6509571799589724,1.5654545208812343,-0.9696451747871635,0.5941880018468845,-0.6340606814605939,-0.5935192026789141,1.2335164149063018
-1.282034575445759,-0.4645649011771397,-0.8894650126191982,0.8927360323896893,0.3250023554554625,-1.2900903954316993,-0.6641973731456523,0.9496524907709334,-0.9920052759077457,-0.6340606814605939,-0.5935192026789141,0.6050530777995375
0.8805559963520088,1.0000269630235348,1.3645643027610024,0.3050230420080638,1.593923216189333,-0.011823964486245425,-0.34567567399895416,0.3098866022515677,1.2286653129487366,-0.6340606814605939,-0.5935192026789141,0.6050530777995375
1.0077672064577599,-1.1777877464072253,0.11232579421644646,0.3050230420080638,0.007772140271994877,0.9468758587228451,-1.6197624705857465,-0.9696451747871635,-0.040289309254967536,-0.6340606814605939,-0.5935192026789141,0.29082140924615535
-0.13713368449399954,-0.6697126749916913,1.6150120044699134,0.8927360323896893,0.6422325706389302,-1.2900903954316993,0.9284111225878381,-0.009996342008115089,-1.6264825870095976,-0.6340606814605939,-0.5935192026789141,-1.5945686020741379
-0.7731897350227547,-0.5087537919190697,-0.3885696092013759,1.480449022771315,1.593923216189333,0.6273092509864816,0.9284111225878381,-0.3298792862677979,1.2286653129487366,-0.6340606814605939,1.684865452518453,-0.023410259307226837
1.2621896266692618,-1.0035003707948236,-0.3885696092013759,1.480449022771315,-1.2611487204618759,-0.3313905722226089,-0.9827190722923503,1.589418379290299,0.9114266573978106,-0.6340606814605939,-0.5935192026789141,-0.6518735964139912
-1.282034575445759,1.2698723848424704,0.3627734959253576,0.8927360323896893,-0.9439185052784081,0.6273092509864816,-0.9827190722923503,1.589418379290299,-0.6747666203568196,-0.6340606814605939,1.684865452518453,-1.2803369335207555
0.11728873571750253,0.4042734762456441,-0.639017310910287,-0.8704029387551875,0.9594627858223979,0.6273092509864816,-1.3012407714390484,-1.2895281190468464,1.2286653129487366,-0.6340606814605939,-0.5935192026789141,0.6050530777995375
0.8805559963520088,-0.3291673840756333,1.3645643027610024,-1.458115929136813,0.007772140271994877,0.6273092509864816,0.9284111225878381,0.9496524907709334,-0.9920052759077457,-0.6340606814605939,-0.5935192026789141,0.29082140924615535
0.8805559963520088,-0.2907377157421928,-1.1399127143281094,-1.458115929136813,-0.30945807491147276,-0.011823964486245425,-0.027153974852256096,-1.609411063306529,0.2769493462959585,-0.6340606814605939,-0.5935192026789141,0.6050530777995375
0.3717111559290046,-1.1271823306057636,1.6150120044699134,-1.458115929136813,-0.6266882900949404,-0.011823964486245425,-0.027153974852256096,0.6297695465112505,-0.040289309254967536,1.5771361152633603,-0.5935192026789141,0.6050530777995375
-1.282034575445759,-1.4609431744392662,-0.1381219074924647,0.3050230420080638,0.9594627858223979,-1.2900903954316993,0.9284111225878381,-0.6497622305274807,0.2769493462959585,-0.6340606814605939,-0.5935192026789141,0.6050530777995375
0.11728873571750253,-1.3063190547074468,-0.639017310910287,0.3050230420080638,-0.30945807491147276,1.2664424664592087,1.5654545208812343,-0.6497622305274807,-0.6747666203568196,-0.6340606814605939,-0.5935192026789141,-1.5945686020741379
-0.6459785249170037,-0.21260150247697832,-0.8894650126191982,0.3050230420080638,1.593923216189333,0.9468758587228451,-0.6641973731456523,0.9496524907709334,0.9114266573978106,1.5771361152633603,-0.5935192026789141,1.2335164149063018
1.3894008367750128,0.7044599746845249,-0.1381219074924647,-0.2826899483735619,0.6422325706389302,0.3077426432501181,0.60988942344114,-0.009996342008115089,0.5941880018468845,1.5771361152633603,-0.5935192026789141,-0.9661052649673734
0.11728873571750253,-1.1227042139752799,-1.3903604160370207,-1.458115929136813,0.6422325706389302,0.6273092509864816,0.60988942344114,-0.009996342008115089,-1.6264825870095976,-0.6340606814605939,1.684865452518453,-0.9661052649673734
-0.009922474388248505,-1.7089082652983538,-1.6408081177459317,-1.458115929136813,-0.6266882900949404,-0.6509571799589724,-1.3012407714390484,-0.9696451747871635,-0.6747666203568196,-0.6340606814605939,-0.5935192026789141,0.29082140924615535
-1.40924578555151,-0.8592079845807069,-0.639017310910287,0.8927360323896893,1.2766930010058655,-1.2900903954316993,-0.027153974852256096,-1.609411063306529,-1.3092439314586717,-0.6340606814605939,-0.5935192026789141,-1.2803369335207555
1.1349784165635108,1.621217220405678,-1.1399127143281094,-0.2826899483735619,0.6422325706389302,1.5860090741955721,0.9284111225878381,1.589418379290299,-1.6264825870095976,-0.6340606814605939,-0.5935192026789141,-1.2803369335207555
-0.13713368449399954,-1.7188868952682639,-0.3885696092013759,1.480449022771315,-1.5783789356453435,0.6273092509864816,1.2469328217345361,1.589418379290299,1.2286653129487366,-0.6340606814605939,-0.5935192026789141,-0.33764192786060904
1.1349784165635108,1.609820915289263,0.86366889934318,-1.458115929136813,-0.6266882900949404,-0.3313905722226089,-0.027153974852256096,-1.2895281190468464,-0.35752796480589355,-0.6340606814605939,1.684865452518453,-0.6518735964139912
-1.0276121552342568,-0.34485563675484526,1.3645643027610024,-1.458115929136813,-0.9439185052784081,-1.2900903954316993,-0.027153974852256096,0.6297695465112505,-0.35752796480589355,1.5771361152633603,-0.5935192026789141,0.6050530777995375
-1.6636682057630119,1.2335053260025786,-0.1381219074924647,0.8927360323896893,-0.9439185052784081,-0.3313905722226089,-0.027153974852256096,-1.2895281190468464,0.9114266573978106,1.5771361152633603,1.684865452518453,1.5477480834596842
-0.9004009451285058,-1.3087353875011012,1.114116601052091,-0.8704029387551875,1.593923216189333,-0.011823964486245425,-1.6197624705857465,-0.009996342008115089,-1.6264825870095976,-0.6340606814605939,-0.5935192026789141,-1.5945686020741379
1.643823256986515,0.1916532150671471,-1.6408081177459317,-0.2826899483735619,0.6422325706389302,-1.6096570031680628,-0.9827190722923503,1.269535435030616,-0.9920052759077457,-0.6340606814605939,1.684865452518453,-1.2803369335207555
-0.009922474388248505,1.7205813713480382,1.6150120044699134,-0.2826899483735619,0.6422325706389302,-0.9705237876953359,-1.6197624705857465,-0.3298792862677979,-0.040289309254967536,-0.6340606814605939,-0.5935192026789141,0.9192847463529197
0.24449994582325357,0.8452706534097894,-1.3903604160370207,1.480449022771315,-0.6266882900949404,-1.2900903954316993,-0.027153974852256096,-1.609411063306529,-0.040289309254967536,1.5771361152633603,1.684865452518453,-1.2803369335207555
1.2621896266692618,-0.35276786629377804,0.11232579421644646,0.3050230420080638,-0.9439185052784081,0.9468758587228451,0.60988942344114,-0.6497622305274807,1.2286653129487366,-0.6340606814605939,-0.5935192026789141,1.2335164149063018
0.49892236603475565,-0.17501392070324504,-1.1399127143281094,-1.458115929136813,-0.6266882900949404,-0.011823964486245425,-0.027153974852256096,0.3098866022515677,-0.6747666203568196,1.5771361152633603,-0.5935192026789141,0.29082140924615535
-1.40924578555151,0.5746293559670831,0.3627734959253576,0.3050230420080638,1.2766930010058655,-1.2900903954316993,-0.027153974852256096,-0.3298792862677979,1.5459039684996627,-0.6340606814605939,-0.5935192026789141,1.2335164149063018
1.516612046880764,1.1659302651973942,-0.639017310910287,-1.458115929136813,0.3250023554554625,0.6273092509864816,1.2469328217345361,-0.009996342008115089,1.5459039684996627,-0.6340606814605939,1.684865452518453,-1.2803369335207555
0.7533447862462577,1.4966289129324781,0.6132211976342689,-0.8704029387551875,1.593923216189333,1.2664424664592087,0.29136772429444197,-0.6497622305274807,1.5459039684996627,1.5771361152633603,-0.5935192026789141,0.29082140924615535
0.8805559963520088,-0.7751372346104342,1.3645643027610024,-0.2826899483735619,0.9594627858223979,-1.2900903954316993,-0.9827190722923503,-1.609411063306529,0.5941880018468845,-0.6340606814605939,1.684865452518453,1.2335164149063018
0.3717111559290046,1.2475950145266745,-0.3885696092013759,1.480449022771315,0.6422325706389302,1.5860090741955721,1.5654545208812343,-0.6497622305274807,-0.35752796480589355,-0.6340606814605939,1.684865452518453,0.6050530777995375
-0.3915561047055016,-0.9623915365863637,0.11232579421644646,-0.8704029387551875,0.3250023554554625,-1.6096570031680628,1.5654545208812343,-0.3298792862677979,-1.3092439314586717,1.5771361152633603,-0.5935192026789141,1.2335164149063018
0.11728873571750253,0.27155653263606516,-0.3885696092013759,-0.8704029387551875,1.2766930010058655,1.5860090741955721,-0.6641973731456523,0.9496524907709334,-0.040289309254967536,-0.6340606814605939,-0.5935192026789141,0.6050530777995375
1.0077672064577599,0.23595720550931756,-0.3885696092013759,0.8927360323896893,0.007772140271994877,0.9468758587228451,-1.6197624705857465,0.6297695465112505,-1.6264825870095976,1.5771361152633603,-0.5935192026789141,-0.33764192786060904
-1.40924578555151,0.8989346225427572,0.86366889934318,1.480449022771315,-1.2611487204618759,0.9468758587228451,1.5654545208812343,0.3098866022515677,-0.040289309254967536,1.5771361152633603,-0.5935192026789141,0.9192847463529197
-0.6459785249170037,0.6160478502274794,1.6150120044699134,-1.458115929136813,0.6422325706389302,-0.6509571799589724,-0.9827190722923503,0.3098866022515677,-0.6747666203568196,-0.6340606814605939,-0.5935192026789141,0.29082140924615535
0.8805559963520088,-1.0985351007314712,0.11232579421644646,-1.458115929136813,-1.5783789356453435,-1.2900903954316993,1.2469328217345361,0.3098866022515677,0.2769493462959585,1.5771361152633603,-0.5935192026789141,0.9192847463529197
-0.7731897350227547,-0.2963701923271942,1.114116601052091,1.480449022771315,-1.5783789356453435,1.5860090741955721,-0.027153974852256096,1.589418379290299,0.9114266573978106,-0.6340606814605939,1.684865452518453,0.6050530777995375
0.7533447862462577,-0.6620686073940756,0.3627734959253576,0.8927360323896893,0.9594627858223979,-0.011823964486245425,-0.6641973731456523,1.269535435030616,0.5941880018468845,-0.6340606814605939,-0.5935192026789141,0.9192847463529197
-1.6636682057630119,-1.68117292633317,0.6132211976342689,0.8927360323896893,-1.5783789356453435,-1.2900903954316993,1.5654545208812343,1.269535435030616,0.2769493462959585,-0.6340606814605939,-0.5935192026789141,-0.6518735964139912
-0.2643448945997506,0.6337240109877567,1.6150120044699134,0.3050230420080638,1.2766930010058655,0.9468758587228451,1.5654545208812343,0.6297695465112505,-0.6747666203568196,-0.6340606814605939,1.684865452518453,-0.6518735964139912
-0.7731897350227547,1.5238496752684996,1.3645643027610024,1.480449022771315,-0.9439185052784081,-1.2900903954316993,-0.34567567399895416,-1.609411063306529,-1.6264825870095976,1.5771361152633603,-0.5935192026789141,0.29082140924615535
-0.13713368449399954,0.053635879442170416,-0.1381219074924647,-0.8704029387551875,-1.2611487204618759,1.5860090741955721,1.2469328217345361,1.269535435030616,-0.9920052759077457,1.5771361152633603,-0.5935192026789141,-0.9661052649673734
-0.7731897350227547,-0.6545618145551482,0.11232579421644646,0.8927360323896893,-0.9439185052784081,-0.011823964486245425,1.5654545208812343,0.6297695465112505,1.2286653129487366,-0.6340606814605939,-0.5935192026789141,0.29082140924615535
1.643823256986515,0.6314700443886674,-0.639017310910287,0.8927360323896893,0.3250023554554625,-1.6096570031680628,0.29136772429444197,-0.9696451747871635,-1.3092439314586717,1.5771361152633603,-0.5935192026789141,-1.2803369335207555
1.2621896266692618,-0.34697543324041946,-1.6408081177459317,1.480449022771315,-1.5783789356453435,-0.9705237876953359,-1.6197624705857465,1.269535435030616,1.5459039684996627,-0.6340606814605939,-0.5935192026789141,1.2335164149063018
0.3717111559290046,-0.3951373708863686,0.11232579421644646,0.8927360323896893,1.2766930010058655,0.9468758587228451,1.2469328217345361,1.589418379290299,0.5941880018468845,1.5771361152633603,1.684865452518453,-0.33764192786060904
1.516612046880764,-0.42484508492532475,0.3627734959253576,-1.458115929136813,0.007772140271994877,0.3077426432501181,0.29136772429444197,0.9496524907709334,0.5941880018468845,1.5771361152633603,-0.5935192026789141,-1.2803369335207555
-0.009922474388248505,-1.6767420376392945,0.11232579421644646,1.480449022771315,-1.2611487204618759,1.5860090741955721,-0.027153974852256096,-1.2895281190468464,-0.040289309254967536,1.5771361152633603,-0.5935192026789141,0.29082140924615535
0.6261335761405067,-1.3460142463399392,-0.639017310910287,-1.458115929136813,-1.5783789356453435,-1.2900903954316993,-0.34567567399895416,0.3098866022515677,1.2286653129487366,-0.6340606814605939,-0.5935192026789141,0.6050530777995375
-0.2643448945997506,1.436647002703589,1.114116601052091,-1.458115929136813,0.3250023554554625,0.3077426432501181,-0.9827190722923503,-1.2895281190468464,-1.6264825870095976,-0.6340606814605939,-0.5935192026789141,-0.9661052649673734
0.8805559963520088,1.1950763820151806,-0.8894650126191982,-0.8704029387551875,0.9594627858223979,-0.3313905722226089,-0.34567567399895416,-1.609411063306529,0.9114266573978106,1.5771361152633603,-0.5935192026789141,0.6050530777995375
1.2621896266692618,0.04032540726989611,0.3627734959253576,-0.8704029387551875,-1.5783789356453435,-0.3313905722226089,-1.3012407714390484,0.3098866022515677,-1.6264825870095976,-0.6340606814605939,1.684865452518453,0.6050530777995375
0.6261335761405067,0.5271152252914513,0.6132211976342689,-0.8704029387551875,-0.9439185052784081,0.9468758587228451,0.9284111225878381,0.3098866022515677,0.9114266573978106,-0.6340606814605939,-0.5935192026789141,0.29082140924615535
-1.282034575445759,1.2103466655137982,-0.639017310910287,1.480449022771315,-0.30945807491147276,0.6273092509864816,1.5654545208812343,0.6297695465112505,0.9114266573978106,-0.6340606814605939,-0.5935192026789141,0.29082140924615535
1.3894008367750128,-1.1995972109789816,0.11232579421644646,0.8927360323896893,0.6422325706389302,0.6273092509864816,-1.6197624705857465,-1.2895281190468464,1.5459039684996627,1.5771361152633603,-0.5935192026789141,1.5477480834596842
-1.282034575445759,0.30767545802388774,-1.1399127143281094,1.480449022771315,0.9594627858223979,-0.3313905722226089,-1.6197624705857465,0.9496524907709334,0.9114266573978106,-0.6340606814605939,-0.5935192026789141,-0.33764192786060904
1.2621896266692618,-1.6106254856949787,-1.3903604160370207,-1.458115929136813,-1.2611487204618759,-0.3313905722226089,-0.027153974852256096,-0.9696451747871635,-1.6264825870095976,-0.6340606814605939,-0.5935192026789141,1.5477480834596842
-0.009922474388248505,0.04303657250031814,1.114116601052091,0.3050230420080638,-1.5783789356453435,-1.2900903954316993,0.29136772429444197,-1.2895281190468464,-1.3092439314586717,-0.6340606814605939,-0.5935192026789141,-0.6518735964139912
-0.6459785249170037,0.4099596262150135,-0.8894650126191982,-0.2826899483735619,-0.9439185052784081,1.2664424664592087,0.29136772429444197,1.589418379290299,-0.040289309254967536,-0.6340606814605939,-0.5935192026789141,-0.023410259307226837
1.2621896266692618,-0.9142119272851087,0.3627734959253576,-0.8704029387551875,0.3250023554554625,-0.6509571799589724,-1.3012407714390484,-0.6497622305274807,-0.6747666203568196,-0.6340606814605939,1.684865452518453,-1.2803369335207555
-0.2643448945997506,0.6552501323479938,-0.1381219074924647,-0.8704029387551875,-1.2611487204618759,-0.011823964486245425,-0.34567567399895416,-1.2895281190468464,0.2769493462959585,1.5771361152633603,-0.5935192026789141,1.2335164149063018
-1.536456995657261,1.0967595573873912,-1.6408081177459317,-0.2826899483735619,-1.5783789356453435,0.3077426432501181,0.9284111225878381,-0.009996342008115089,-1.6264825870095976,-0.6340606814605939,-0.5935192026789141,-1.2803369335207555
-0.009922474388248505,-1.2190397737455345,-0.3885696092013759,-0.8704029387551875,-0.6266882900949404,0.6273092509864816,-0.027153974852256096,1.589418379290299,1.2286653129487366,1.5771361152633603,-0.5935192026789141,0.9192847463529197
0.8805559963520088,-1.495507784587317,1.6150120044699134,-0.2826899483735619,0.007772140271994877,-0.9705237876953359,-0.027153974852256096,-1.609411063306529,1.2286653129487366,-0.6340606814605939,-0.5935192026789141,-1.5945686020741379
-0.009922474388248505,-0.7315639901015805,-0.1381219074924647,-0.2826899483735619,-0.6266882900949404,-0.3313905722226089,-1.3012407714390484,-0.009996342008115089,-0.040289309254967536,-0.6340606814605939,1.684865452518453,0.6050530777995375
-1.40924578555151,-1.2006493670382,-0.639017310910287,-0.2826899483735619,0.3250023554554625,1.5860090741955721,-0.6641973731456523,0.6297695465112505,-1.3092439314586717,1.5771361152633603,-0.5935192026789141,-0.9661052649673734
-1.40924578555151,-0.8369173379055177,1.6150120044699134,-1.458115929136813,-1.5783789356453435,-1.2900903954316993,0.60988942344114,1.589418379290299,-0.6747666203568196,-0.6340606814605939,-0.5935192026789141,-1.5945686020741379
1.516612046880764,0.7706766146795925,-1.3903604160370207,-1.458115929136813,-1.2611487204618759,0.3077426432501181,-1.6197624705857465,-0.009996342008115089,-1.6264825870095976,-0.6340606814605939,-0.5935192026789141,-0.6518735964139912
1.516612046880764,0.014203629842815842,-0.8894650126191982,-0.8704029387551875,-0.9439185052784081,0.9468758587228451,0.29136772429444197,-0.009996342008115089,0.2769493462959585,1.5771361152633603,1.684865452518453,0.6050530777995375
-1.0276121552342568,-1.0322892008803048,1.114116601052091,0.8927360323896893,-1.2611487204618759,0.9468758587228451,0.60988942344114,0.9496524907709334,0.2769493462959585,-0.6340606814605939,1.684865452518453,-0.023410259307226837
-0.5187673148112526,0.9965183697940697,0.86366889934318,-0.8704029387551875,-0.30945807491147276,1.5860090741955721,-0.027153974852256096,0.3098866022515677,-0.040289309254967536,-0.6340606814605939,1.684865452518453,0.6050530777995375
1.0077672064577599,-1.2166644975536447,-1.3903604160370207,-0.8704029387551875,-0.6266882900949404,0.9468758587228451,-1.3012407714390484,-1.609411063306529,-0.040289309254967536,-0.6340606814605939,-0.5935192026789141,1.5477480834596842
-1.6636682057630119,0.9942346104412204,0.3627734959253576,-1.458115929136813,0.9594627858223979,0.6273092509864816,-1.6197624705857465,-0.9696451747871635,-0.6747666203568196,1.5771361152633603,-0.5935192026789141,1.2335164149063018
1.643823256986515,-0.3223766065905057,-1.1399127143281094,1.480449022771315,0.6422325706389302,0.9468758587228451,0.29136772429444197,0.3098866022515677,-1.6264825870095976,-0.6340606814605939,-0.5935192026789141,-0.33764192786060904
-0.3915561047055016,1.5063929949792891,0.86366889934318,-1.458115929136813,0.3250023554554625,-0.6509571799589724,0.29136772429444197,0.6297695465112505,1.2286653129487366,1.5771361152633603,-0.5935192026789141,0.29082140924615535
0.7533447862462577,-1.169544021413624,1.6150120044699134,-0.2826899483735619,0.3250023554554625,-1.2900903954316993,0.29136772429444197,1.589418379290299,-0.040289309254967536,-0.6340606814605939,-0.5935192026789141,0.6050530777995375
-1.536456995657261,-1.1100335858611856,0.11232579421644646,-1.458115929136813,-0.6266882900949404,-0.3313905722226089,0.60988942344114,-0.6497622305274807,0.2769493462959585,-0.6340606814605939,-0.5935192026789141,-0.023410259307226837
-1.1548233653400077,-1.6177330141001367,-0.639017310910287,1.480449022771315,-0.30945807491147276,1.5860090741955721,0.9284111225878381,0.6297695465112505,-0.6747666203568196,1.5771361152633603,-0.5935192026789141,0.6050530777995375
-0.6459785249170037,-0.2040717565254494,-1.1399127143281094,-0.2826899483735619,0.007772140271994877,-1.6096570031680628,1.2469328217345361,-1.2895281190468464,1.2286653129487366,1.5771361152633603,-0.5935192026789141,0.9192847463529197
1.0077672064577599,-0.14723383286917072,-0.8894650126191982,0.8927360323896893,-1.2611487204618759,1.2664424664592087,0.9284111225878381,-1.2895281190468464,1.2286653129487366,-0.6340606814605939,-0.5935192026789141,-1.2803369335207555
1.516612046880764,0.27181424763663087,-0.639017310910287,0.8927360323896893,-0.9439185052784081,-0.011823964486245425,-0.027153974852256096,-1.2895281190468464,-0.040289309254967536,-0.6340606814605939,-0.5935192026789141,-0.6518735964139912
1.516612046880764,-0.62004013139073,1.114116601052091,0.8927360323896893,0.007772140271994877,-1.6096570031680628,0.29136772429444197,-0.6497622305274807,-0.35752796480589355,-0.6340606814605939,-0.5935192026789141,0.9192847463529197
1.516612046880764,-0.16571886730556512,-0.8894650126191982,-0.8704029387551875,1.2766930010058655,-0.3313905722226089,-0.9827190722923503,-1.2895281190468464,-0.6747666203568196,1.5771361152633603,-0.5935192026789141,-0.9661052649673734
-1.0276121552342568,-0.8378624984655016,1.3645643027610024,-0.2826899483735619,-0.6266882900949404,-0.3313905722226089,0.9284111225878381,-0.9696451747871635,-0.6747666203568196,1.5771361152633603,1.684865452518453,-0.023410259307226837
1.2621896266692618,0.7695038418976357,0.11232579421644646,-0.8704029387551875,-0.9439185052784081,-0.9705237876953359,-1.6197624705857465,0.9496524907709334,-0.35752796480589355,-0.6340606814605939,-0.5935192026789141,-0.023410259307226837
-1.1548233653400077,0.5875181294957006,-1.1399127143281094,-0.2826899483735619,0.007772140271994877,1.5860090741955721,-0.9827190722923503,0.9496524907709334,0.2769493462959585,-0.6340606814605939,-0.5935192026789141,-1.5945686020741379
-0.5187673148112526,1.3104045781424987,-1.1399127143281094,-1.458115929136813,-1.2611487204618759,-1.6096570031680628,-0.027153974852256096,0.6297695465112505,-1.6264825870095976,-0.6340606814605939,-0.5935192026789141,0.29082140924615535
1.516612046880764,0.5221767909799475,1.3645643027610024,0.3050230420080638,-0.9439185052784081,-1.2900903954316993,-1.3012407714390484,-0.3298792862677979,-1.6264825870095976,-0.6340606814605939,-0.5935192026789141,-1.2803369335207555
1.3894008367750128,1.0271316897233487,-0.639017310910287,0.8927360323896893,0.007772140271994877,0.6273092509864816,-0.34567567399895416,0.6297695465112505,-1.3092439314586717,-0.6340606814605939,-0.5935192026789141,1.5477480834596842
0.7533447862462577,0.05735636948385539,1.3645643027610024,-0.8704029387551875,1.593923216189333,-1.2900903954316993,-0.027153974852256096,0.3098866022515677,-1.3092439314586717,-0.6340606814605939,-0.5935192026789141,1.5477480834596842
-1.6636682057630119,-1.6367452989568763,0.3627734959253576,0.8927360323896893,-0.6266882900949404,-0.6509571799589724,-0.34567567399895416,1.589418379290299,1.5459039684996627,1.5771361152633603,-0.5935192026789141,-0.9661052649673734
1.643823256986515,-0.32543852814007024,-0.1381219074924647,0.3050230420080638,1.2766930010058655,0.6273092509864816,0.9284111225878381,-0.3298792862677979,-1.3092439314586717,-0.6340606814605939,-0.5935192026789141,1.2335164149063018
0.3717111559290046,1.4976465875028249,-0.8894650126191982,-0.2826899483735619,0.3250023554554625,-0.9705237876953359,1.2469328217345361,-0.3298792862677979,-0.9920052759077457,1.5771361152633603,-0.5935192026789141,1.2335164149063018
1.0077672064577599,1.3314633553763735,-0.8894650126191982,0.3050230420080638,0.007772140271994877,0.9468758587228451,-0.34567567399895416,-1.2895281190468464,1.5459039684996627,-0.6340606814605939,-0.5935192026789141,-0.023410259307226837
-0.3915561047055016,-0.7995495424711107,-0.3885696092013759,-0.2826899483735619,-0.30945807491147276,1.5860090741955721,-1.3012407714390484,0.3098866022515677,0.2769493462959585,1.5771361152633603,-0.5935192026789141,0.6050530777995375
-0.5187673148112526,0.8851162854050331,0.86366889934318,-1.458115929136813,-0.9439185052784081,-1.6096570031680628,-0.9827190722923503,0.6297695465112505,0.9114266573978106,-0.6340606814605939,-0.5935192026789141,-0.6518735964139912
1.516612046880764,0.013192278356629363,1.114116601052091,-1.458115929136813,1.2766930010058655,-0.3313905722226089,-0.34567567399895416,0.3098866022515677,1.5459039684996627,-0.6340606814605939,-0.5935192026789141,-0.33764192786060904
1.2621896266692618,0.30475127507022104,1.114116601052091,-0.2826899483735619,-0.9439185052784081,0.6273092509864816,0.29136772429444197,-0.9696451747871635,0.5941880018468845,-0.6340606814605939,-0.5935192026789141,-0.33764192786060904
0.6261335761405067,-0.11300984569135288,0.3627734959253576,-0.8704029387551875,0.3250023554554625,-0.3313905722226089,-1.6197624705857465,-0.3298792862677979,-0.9920052759077457,-0.6340606814605939,-0.5935192026789141,1.5477480834596842
-0.9004009451285058,0.5997547052888474,1.6150120044699134,1.480449022771315,-0.6266882900949404,0.3077426432501181,0.29136772429444197,0.3098866022515677,-1.3092439314586717,-0.6340606814605939,-0.5935192026789141,0.9192847463529197
1.516612046880764,0.5999673946506557,0.6132211976342689,1.480449022771315,0.6422325706389302,0.6273092509864816,0.60988942344114,1.589418379290299,1.2286653129487366,-0.6340606814605939,-0.5935192026789141,1.2335164149063018
-1.40924578555151,-1.4933501850814175,-0.1381219074924647,-0.8704029387551875,0.9594627858223979,-1.6096570031680628,-0.027153974852256096,0.6297695465112505,1.5459039684996627,-0.6340606814605939,-0.5935192026789141,-1.5945686020741379
-1.6636682057630119,-0.21847128352955464,1.3645643027610024,0.3050230420080638,-1.2611487204618759,0.9468758587228451,0.9284111225878381,-0.3298792862677979,0.2769493462959585,1.5771361152633603,1.684865452518453,0.9192847463529197
-1.536456995657261,0.3943131028400151,-0.639017310910287,-0.2826899483735619,-1.2611487204618759,1.2664424664592087,-0.6641973731456523,1.269535435030616,-1.6264825870095976,-0.6340606814605939,-0.5935192026789141,-0.6518735964139912
0.8805559963520088,1.5702372661554203,1.114116601052091,1.480449022771315,-1.5783789356453435,-1.2900903954316993,-1.3012407714390484,-0.009996342008115089,-0.9920052759077457,1.5771361152633603,1.684865452518453,0.6050530777995375
0.3717111559290046,-1.462297416981844,-1.1399127143281094,0.8927360323896893,0.9594627858223979,1.5860090741955721,0.9284111225878381,-1.2895281190468464,0.5941880018468845,1.5771361152633603,-0.5935192026789141,-0.33764192786060904
-0.6459785249170037,-1.393184687589889,1.114116601052091,-1.458115929136813,-0.9439185052784081,-1.6096570031680628,-0.027153974852256096,-1.2895281190468464,-0.6747666203568196,-0.6340606814605939,-0.5935192026789141,-0.023410259307226837
0.24449994582325357,1.668801943393166,-0.1381219074924647,1.480449022771315,0.007772140271994877,1.5860090741955721,0.9284111225878381,0.3098866022515677,-1.6264825870095976,1.5771361152633603,-0.5935192026789141,-0.33764192786060904
1.1349784165635108,0.9562305111272031,-1.3903604160370207,0.8927360323896893,-1.5783789356453435,-0.3313905722226089,-1.3012407714390484,-0.9696451747871635,-0.6747666203568196,-0.6340606814605939,1.684865452518453,1.5477480834596842
-1.6636682057630119,-0.09247395655536048,0.6132211976342689,-0.8704029387551875,0.3250023554554625,-1.2900903954316993,-0.34567567399895416,1.589418379290299,-0.9920052759077457,-0.6340606814605939,1.684865452518453,0.29082140924615535
1.516612046880764,-1.4054991429804622,-1.6408081177459317,-0.2826899483735619,-0.6266882900949404,-1.2900903954316993,-1.3012407714390484,1.589418379290299,-0.9920052759077457,-0.6340606814605939,1.684865452518453,-0.6518735964139912
1.516612046880764,1.2614381968968096,-1.3903604160370207,-0.2826899483735619,-0.6266882900949404,-1.2900903954316993,1.2469328217345361,1.589418379290299,-0.6747666203568196,1.5771361152633603,-0.5935192026789141,0.6050530777995375
-0.13713368449399954,1.1771810971345114,-0.8894650126191982,1.480449022771315,0.3250023554554625,0.3077426432501181,0.60988942344114,-0.6497622305274807,1.5459039684996627,-0.6340606814605939,-0.5935192026789141,1.2335164149063018
-1.40924578555151,1.7159431762159374,0.6132211976342689,0.3050230420080638,-1.5783789356453435,-0.9705237876953359,-0.34567567399895416,0.3098866022515677,-0.35752796480589355,-0.6340606814605939,1.684865452518453,1.5477480834596842
-0.6459785249170037,0.9158964466624421,1.6150120044699134,1.480449022771315,0.007772140271994877,-0.3313905722226089,0.29136772429444197,-1.2895281190468464,0.5941880018468845,-0.6340606814605939,1.684865452518453,-1.5945686020741379
0.6261335761405067,-0.8517249568179713,1.6150120044699134,0.3050230420080638,-0.9439185052784081,-0.3313905722226089,0.60988942344114,0.6297695465112505,0.5941880018468845,-0.6340606814605939,-0.5935192026789141,-1.5945686020741379
-1.1548233653400077,-1.6321569661348023,-1.6408081177459317,1.480449022771315,-0.30945807491147276,-1.2900903954316993,-1.3012407714390484,-0.009996342008115089,-0.6747666203568196,-0.6340606814605939,-0.5935192026789141,-0.6518735964139912
0.7533447862462577,0.35125117558282665,1.6150120044699134,0.3050230420080638,0.3250023554554625,-0.9705237876953359,0.9284111225878381,-1.2895281190468464,-0.9920052759077457,-0.6340606814605939,-0.5935192026789141,-1.2803369335207555
-0.2643448945997506,-0.8570432339827011,0.11232579421644646,-0.8704029387551875,-0.9439185052784081,0.3077426432501181,0.9284111225878381,-1.609411063306529,-1.6264825870095976,-0.6340606814605939,-0.5935192026789141,-0.023410259307226837
-1.0276121552342568,0.4085693071000523,-0.1381219074924647,-1.458115929136813,-0.9439185052784081,-0.3313905722226089,0.60988942344114,0.3098866022515677,-1.3092439314586717,-0.6340606814605939,-0.5935192026789141,1.5477480834596842
0.49892236603475565,-0.7987389105660764,0.6132211976342689,-0.2826899483735619,0.9594627858223979,-1.2900903954316993,-0.6641973731456523,-1.609411063306529,-0.9920052759077457,-0.6340606814605939,-0.5935192026789141,1.2335164149063018
-0.13713368449399954,-1.6694031436057728,1.114116601052091,0.8927360323896893,-0.6266882900949404,1.2664424664592087,-0.027153974852256096,0.6297695465112505,-0.35752796480589355,-0.6340606814605939,1.684865452518453,1.5477480834596842
-0.13713368449399954,-1.2518496661829142,1.3645643027610024,-1.458115929136813,0.007772140271994877,0.3077426432501181,1.5654545208812343,0.6297695465112505,-0.6747666203568196,-0.6340606814605939,-0.5935192026789141,-0.9661052649673734
1.2621896266692618,0.01887043309868291,-0.8894650126191982,-0.8704029387551875,-0.9439185052784081,-0.3313905722226089,0.60988942344114,1.589418379290299,-0.6747666203568196,-0.6340606814605939,-0.5935192026789141,1.2335164149063018
1.516612046880764,0.6503565762628278,-1.6408081177459317,-1.458115929136813,1.2766930010058655,0.6273092509864816,-0.6641973731456523,0.6297695465112505,-0.6747666203568196,-0.6340606814605939,-0.5935192026789141,-0.023410259307226837
-0.2643448945997506,0.36929237508589463,-0.8894650126191982,-0.2826899483735619,-0.9439185052784081,0.6273092509864816,0.9284111225878381,-1.2895281190468464,0.9114266573978106,-0.6340606814605939,-0.5935192026789141,0.29082140924615535
-1.1548233653400077,-1.3038677824916232,-1.3903604160370207,-1.458115929136813,-1.5783789356453435,-0.011823964486245425,0.9284111225878381,1.589418379290299,-0.35752796480589355,-0.6340606814605939,-0.5935192026789141,-0.9661052649673734
0.3717111559290046,1.413244163498663,-0.1381219074924647,0.3050230420080638,-1.5783789356453435,0.9468758587228451,0.9284111225878381,1.589418379290299,1.5459039684996627,-0.6340606814605939,-0.5935192026789141,-1.2803369335207555
0.8805559963520088,1.4280170585505927,1.114116601052091,0.8927360323896893,-1.2611487204618759,0.9468758587228451,-0.6641973731456523,1.589418379290299,0.2769493462959585,-0.6340606814605939,-0.5935192026789141,1.2335164149063018
1.0077672064577599,-0.8287146127242414,0.3627734959253576,-0.2826899483735619,0.9594627858223979,1.2664424664592087,-0.34567567399895416,0.3098866022515677,-0.35752796480589355,1.5771361152633603,-0.5935192026789141,-1.5945686020741379
-0.3915561047055016,0.12338858866108765,1.6150120044699134,-0.2826899483735619,0.3250023554554625,-0.6509571799589724,-0.9827190722923503,0.6297695465112505,0.9114266573978106,-0.6340606814605939,-0.5935192026789141,0.6050530777995375
1.1349784165635108,1.357276772872969,-1.6408081177459317,-1.458115929136813,-0.9439185052784081,-0.6509571799589724,-0.6641973731456523,0.3098866022515677,-0.35752796480589355,-0.6340606814605939,-0.5935192026789141,1.5477480834596842
-0.3915561047055016,0.7517003791276556,-0.8894650126191982,1.480449022771315,-0.9439185052784081,-0.011823964486245425,-0.34567567399895416,-0.009996342008115089,-0.9920052759077457,-0.6340606814605939,-0.5935192026789141,1.5477480834596842
-1.0276121552342568,0.4979781265069981,1.114116601052091,-1.458115929136813,0.3250023554554625,-0.3313905722226089,-0.9827190722923503,-1.2895281190468464,-1.6264825870095976,1.5771361152633603,1.684865452518453,-0.023410259307226837
1.516612046880764,1.6107973025430122,-0.8894650126191982,-0.2826899483735619,0.007772140271994877,-0.6509571799589724,1.5654545208812343,1.589418379290299,-0.040289309254967536,1.5771361152633603,-0.5935192026789141,-0.33764192786060904
-1.40924578555151,-0.10492726651881167,-0.639017310910287,0.3050230420080638,-1.2611487204618759,-1.6096570031680628,-0.027153974852256096,-0.3298792862677979,1.2286653129487366,-0.6340606814605939,-0.5935192026789141,-1.5945686020741379
-0.3915561047055016,0.9853673204178048,0.86366889934318,-0.8704029387551875,0.3250023554554625,-0.6509571799589724,1.5654545208812343,-1.2895281190468464,1.2286653129487366,1.5771361152633603,-0.5935192026789141,-0.33764192786060904
0.6261335761405067,-1.480142791865827,-1.3903604160370207,-1.458115929136813,-1.2611487204618759,0.3077426432501181,-0.6641973731456523,-0.9696451747871635,0.2769493462959585,-0.6340606814605939,-0.5935192026789141,0.29082140924615535
0.6261335761405067,-0.25000377740889385,1.6150120044699134,-1.458115929136813,-0.30945807491147276,1.5860090741955721,-0.9827190722923503,1.269535435030616,-1.6264825870095976,-0.6340606814605939,-0.5935192026789141,-0.9661052649673734
-0.9004009451285058,0.016545093655299093,0.11232579421644646,0.3050230420080638,0.007772140271994877,-0.6509571799589724,-0.34567567399895416,-0.9696451747871635,0.5941880018468845,1.5771361152633603,1.684865452518453,-0.023410259307226837
0.3717111559290046,0.8252106716433475,1.3645643027610024,-0.8704029387551875,0.6422325706389302,-1.6096570031680628,-1.6197624705857465,-1.2895281190468464,-1.3092439314586717,1.5771361152633603,-0.5935192026789141,-1.2803369335207555
-0.3915561047055016,-1.686760112458894,0.86366889934318,0.8927360323896893,-0.9439185052784081,-0.6509571799589724,0.60988942344114,-0.009996342008115089,0.2769493462959585,-0.6340606814605939,-0.5935192026789141,-0.023410259307226837
0.49892236603475565,-0.6487854645853818,1.114116601052091,-0.8704029387551875,0.6422325706389302,1.5860090741955721,-0.6641973731456523,0.3098866022515677,-0.35752796480589355,1.5771361152633603,1.684865452518453,-0.33764192786060904
0.3717111559290046,0.0966619152120269,-0.8894650126191982,1.480449022771315,0.6422325706389302,-0.3313905722226089,0.9284111225878381,-0.9696451747871635,-0.6747666203568196,-0.6340606814605939,1.684865452518453,-0.9661052649673734
-1.40924578555151,-0.13055441122873065,1.6150120044699134,-1.458115929136813,0.9594627858223979,-1.2900903954316993,0.29136772429444197,0.3098866022515677,-1.6264825870095976,-0.6340606814605939,-0.5935192026789141,1.5477480834596842
-1.1548233653400077,-1.080457754306232,0.3627734959253576,-1.458115929136813,1.593923216189333,-0.3313905722226089,-1.6197624705857465,1.269535435030616,-0.9920052759077457,1.5771361152633603,1.684865452518453,0.6050530777995375
1.643823256986515,1.2891745291082233,-0.8894650126191982,1.480449022771315,-0.30945807491147276,0.6273092509864816,-0.34567567399895416,-0.6497622305274807,1.2286653129487366,-0.6340606814605939,-0.5935192026789141,1.2335164149063018
0.49892236603475565,0.3944057171614028,1.114116601052091,-0.8704029387551875,0.6422325706389302,-1.6096570031680628,-0.6641973731456523,1.269535435030616,0.5941880018468845,1.5771361152633603,1.684865452518453,1.5477480834596842
-0.2643448945997506,1.5874789574288042,-1.3903604160370207,-0.2826899483735619,-1.5783789356453435,-0.011823964486245425,-0.6641973731456523,-1.609411063306529,0.5941880018468845,-0.6340606814605939,-0.5935192026789141,1.2335164149063018
0.6261335761405067,1.2855268669243456,1.6150120044699134,-1.458115929136813,0.3250023554554625,-1.6096570031680628,-0.34567567399895416,-0.9696451747871635,-1.3092439314586717,-0.6340606814605939,-0.5935192026789141,-0.023410259307226837
1.2621896266692618,-1.16076909800629,0.6132211976342689,1.480449022771315,0.007772140271994877,-0.011823964486245425,-0.34567567399895416,0.3098866022515677,-0.040289309254967536,-0.6340606814605939,-0.5935192026789141,0.29082140924615535
-1.282034575445759,0.5481963175854445,-1.3903604160370207,-0.2826899483735619,0.9594627858223979,1.5860090741955721,1.2469328217345361,-0.9696451747871635,-1.6264825870095976,-0.6340606814605939,-0.5935192026789141,-0.9661052649673734
1.2621896266692618,-1.7147406009005643,0.86366889934318,1.480449022771315,-1.2611487204618759,-0.3313905722226089,-1.6197624705857465,0.6297695465112505,0.2769493462959585,-0.6340606814605939,-0.5935192026789141,-0.9661052649673734
-1.536456995657261,-0.10512950085382552,0.86366889934318,-0.8704029387551875,0.9594627858223979,-0.6509571799589724,1.2469328217345361,-0.009996342008115089,0.9114266573978106,1.5771361152633603,-0.5935192026789141,0.29082140924615535
0.11728873571750253,1.3769415706060635,1.6150120044699134,0.8927360323896893,-1.2611487204618759,1.2664424664592087,0.29136772429444197,1.269535435030616,-0.040289309254967536,-0.6340606814605939,-0.5935192026789141,-1.2803369335207555
-0.3915561047055016,0.4412213563517574,1.6150120044699134,-0.8704029387551875,-0.9439185052784081,-0.3313905722226089,0.60988942344114,-0.6497622305274807,1.2286653129487366,-0.6340606814605939,-0.5935192026789141,-0.023410259307226837
0.3717111559290046,0.29196068977689227,-1.1399127143281094,-0.2826899483735619,0.3250023554554625,-0.6509571799589724,-1.6197624705857465,-0.009996342008115089,-0.040289309254967536,1.5771361152633603,-0.5935192026789141,-0.9661052649673734
-0.6459785249170037,0.008146893803240116,1.3645643027610024,0.3050230420080638,-0.30945807491147276,1.5860090741955721,1.5654545208812343,0.3098866022515677,-0.35752796480589355,-0.6340606814605939,1.684865452518453,0.29082140924615535
-1.6636682057630119,-0.04235651216195957,-1.3903604160370207,-0.2826899483735619,-0.6266882900949404,-0.011823964486245425,0.29136772429444197,-1.2895281190468464,1.5459039684996627,-0.6340606814605939,-0.5935192026789141,0.6050530777995375
1.643823256986515,-0.39641521255632667,-1.6408081177459317,1.480449022771315,0.007772140271994877,1.5860090741955721,-0.027153974852256096,0.6297695465112505,-0.35752796480589355,-0.6340606814605939,-0.5935192026789141,0.6050530777995375
-1.536456995657261,1.3421118167685773,-1.1399127143281094,-0.8704029387551875,0.3250023554554625,1.5860090741955721,0.29136772429444197,-0.9696451747871635,-0.040289309254967536,1.5771361152633603,-0.5935192026789141,-1.2803369335207555
0.11728873571750253,-0.8306796107179023,-0.639017310910287,0.3050230420080638,0.007772140271994877,-0.9705237876953359,-1.3012407714390484,-0.9696451747871635,-0.9920052759077457,1.5771361152633603,-0.5935192026789141,0.9192847463529197
0.8805559963520088,1.7100711131391007,-1.1399127143281094,0.8927360323896893,0.6422325706389302,-0.9705237876953359,1.5654545208812343,-0.3298792862677979,-0.9920052759077457,-0.6340606814605939,1.684865452518453,1.5477480834596842
1.1349784165635108,0.43498205238709536,-0.639017310910287,0.8927360323896893,0.007772140271994877,-0.011823964486245425,0.9284111225878381,-0.6497622305274807,0.5941880018468845,-0.6340606814605939,-0.5935192026789141,-1.5945686020741379
-0.13713368449399954,-0.3865863269248943,-0.1381219074924647,1.480449022771315,-1.5783789356453435,-1.6096570031680628,0.29136772429444197,1.589418379290299,1.2286653129487366,-0.6340606814605939,-0.5935192026789141,-0.33764192786060904
-0.009922474388248505,0.7039049325677005,-0.1381219074924647,-1.458115929136813,0.007772140271994877,-0.9705237876953359,-0.027153974852256096,1.589418379290299,1.5459039684996627,-0.6340606814605939,1.684865452518453,1.5477480834596842
-1.0276121552342568,1.6367814305139945,-0.3885696092013759,-0.8704029387551875,1.593923216189333,0.6273092509864816,1.5654545208812343,-1.609411063306529,1.5459039684996627,1.5771361152633603,-0.5935192026789141,-1.5945686020741379
-0.13713368449399954,-0.9329121449146537,-0.8894650126191982,-1.458115929136813,-1.5783789356453435,0.6273092509864816,-0.027153974852256096,-0.009996342008115089,-0.040289309254967536,1.5771361152633603,-0.5935192026789141,-1.5945686020741379
-1.0276121552342568,0.856216972372531,-1.3903604160370207,-1.458115929136813,-0.9439185052784081,0.3077426432501181,0.60988942344114,-0.009996342008115089,0.5941880018468845,-0.6340606814605939,-0.5935192026789141,-0.6518735964139912
1.643823256986515,1.0565386349013266,-1.3903604160370207,-0.2826899483735619,1.2766930010058655,-1.2900903954316993,-1.3012407714390484,-0.009996342008115089,-0.040289309254967536,-0.6340606814605939,-0.5935192026789141,-1.2803369335207555
0.49892236603475565,0.07649701291408972,0.11232579421644646,-0.8704029387551875,0.3250023554554625,0.6273092509864816,0.60988942344114,0.6297695465112505,-1.3092439314586717,-0.6340606814605939,1.684865452518453,-1.5945686020741379
-0.009922474388248505,0.13694774275916055,1.3645643027610024,0.8927360323896893,0.007772140271994877,-0.011823964486245425,0.60988942344114,0.6297695465112505,-1.3092439314586717,1.5771361152633603,1.684865452518453,-0.33764192786060904
0.24449994582325357,1.0643996041799781,0.6132211976342689,-1.458115929136813,-0.9439185052784081,1.5860090741955721,1.5654545208812343,-0.009996342008115089,0.9114266573978106,-0.6340606814605939,1.684865452518453,-1.5945686020741379
-0.9004009451285058,1.0955018102685212,1.6150120044699134,1.480449022771315,0.9594627858223979,1.5860090741955721,-1.3012407714390484,1.269535435030616,-0.040289309254967536,-0.6340606814605939,-0.5935192026789141,0.6050530777995375
0.11728873571750253,1.4347112329239935,1.114116601052091,-0.2826899483735619,0.9594627858223979,-0.011823964486245425,1.2469328217345361,1.269535435030616,1.5459039684996627,-0.6340606814605939,-0.5935192026789141,0.29082140924615535
-1.40924578555151,0.5320470141004227,0.11232579421644646,-0.2826899483735619,-0.30945807491147276,-0.6509571799589724,0.29136772429444197,-0.3298792862677979,0.9114266573978106,-0.6340606814605939,1.684865452518453,-0.6518735964139912
0.8805559963520088,-0.16223135626403914,0.11232579421644646,-0.2826899483735619,-0.6266882900949404,-0.6509571799589724,1.2469328217345361,0.3098866022515677,1.5459039684996627,-0.6340606814605939,-0.5935192026789141,-1.5945686020741379
1.516612046880764,-0.4086426074715716,-0.3885696092013759,1.480449022771315,1.593923216189333,-0.3313905722226089,-1.3012407714390484,-1.609411063306529,1.5459039684996627,-0.6340606814605939,1.684865452518453,0.9192847463529197
-1.1548233653400077,1.0044798137398563,1.3645643027610024,0.8927360323896893,0.3250023554554625,0.3077426432501181,0.60988942344114,1.269535435030616,-0.35752796480589355,1.5771361152633603,1.684865452518453,0.29082140924615535
0.8805559963520088,1.2667584734189943,0.6132211976342689,-1.458115929136813,-0.30945807491147276,-0.9705237876953359,-1.6197624705857465,-0.3298792862677979,0.2769493462959585,1.5771361152633603,-0.5935192026789141,-1.5945686020741379
0.11728873571750253,0.15572328515324593,0.11232579421644646,-0.8704029387551875,-0.9439185052784081,0.6273092509864816,1.2469328217345361,0.6297695465112505,0.5941880018468845,-0.6340606814605939,1.684865452518453,0.6050530777995375
-1.536456995657261,1.2220990140446917,0.86366889934318,-0.2826899483735619,-1.5783789356453435,0.3077426432501181,1.5654545208812343,-0.3298792862677979,1.2286653129487366,-0.6340606814605939,-0.5935192026789141,-1.5945686020741379
-1.6636682057630119,-0.31711126650477733,0.11232579421644646,1.480449022771315,-1.2611487204618759,1.2664424664592087,-0.34567567399895416,-0.6497622305274807,1.2286653129487366,-0.6340606814605939,-0.5935192026789141,-1.5945686020741379
1.2621896266692618,0.12512976873186232,-1.6408081177459317,-1.458115929136813,0.3250023554554625,-1.6096570031680628,0.29136772429444197,-0.9696451747871635,-0.9920052759077457,-0.6340606814605939,-0.5935192026789141,0.29082140924615535
-0.13713368449399954,-0.5689087054358025,1.6150120044699134,1.480449022771315,1.593923216189333,0.6273092509864816,-1.6197624705857465,-0.3298792862677979,-1.3092439314586717,1.5771361152633603,-0.5935192026789141,-1.2803369335207555
-1.536456995657261,0.8303292587078465,-0.8894650126191982,-1.458115929136813,0.3250023554554625,-0.9705237876953359,-0.34567567399895416,0.6297695465112505,1.2286653129487366,1.5771361152633603,-0.5935192026789141,0.29082140924615535
1.516612046880764,0.6111006063288245,-1.6408081177459317,0.8927360323896893,1.593923216189333,0.9468758587228451,-0.9827190722923503,-0.9696451747871635,0.2769493462959585,-0.6340606814605939,1.684865452518453,-0.023410259307226837
-1.6636682057630119,1.6792574422766495,-0.1381219074924647,-1.458115929136813,-0.30945807491147276,-0.3313905722226089,-0.6641973731456523,-1.2895281190468464,0.5941880018468845,-0.6340606814605939,-0.5935192026789141,-0.6518735964139912
1.516612046880764,0.7497202839170924,-0.3885696092013759,0.3050230420080638,-0.30945807491147276,-0.3313905722226089,0.9284111225878381,-0.9696451747871635,-0.6747666203568196,1.5771361152633603,1.684865452518453,1.2335164149063018
-0.13713368449399954,1.056305548035128,0.3627734959253576,0.8927360323896893,-0.30945807491147276,1.5860090741955721,0.29136772429444197,-1.609411063306529,-1.3092439314586717,-0.6340606814605939,1.684865452518453,0.29082140924615535
-1.282034575445759,-1.6903709593281973,-0.8894650126191982,1.480449022771315,-0.9439185052784081,-0.6509571799589724,-0.6641973731456523,-1.609411063306529,1.2286653129487366,-0.6340606814605939,1.684865452518453,-1.2803369335207555
-0.009922474388248505,-0.21853010525530658,-0.3885696092013759,0.3050230420080638,-1.2611487204618759,-0.3313905722226089,0.60988942344114,-0.9696451747871635,-0.35752796480589355,-0.6340606814605939,1.684865452518453,1.2335164149063018
1.3894008367750128,0.5091030591245271,-0.3885696092013759,0.3050230420080638,-0.30945807491147276,-0.9705237876953359,-0.6641973731456523,0.9496524907709334,-0.35752796480589355,-0.6340606814605939,-0.5935192026789141,1.5477480834596842
-0.5187673148112526,0.43923056002913763,1.114116601052091,-0.2826899483735619,0.6422325706389302,-0.9705237876953359,-0.34567567399895416,-0.009996342008115089,-0.35752796480589355,-0.6340606814605939,1.684865452518453,1.2335164149063018
0.7533447862462577,0.0008765475100902367,-0.8894650126191982,0.8927360323896893,-0.30945807491147276,-1.2900903954316993,0.29136772429444197,-0.009996342008115089,-0.35752796480589355,-0.6340606814605939,-0.5935192026789141,-0.9661052649673734
0.6261335761405067,-0.06311229867306267,1.3645643027610024,1.480449022771315,0.9594627858223979,0.9468758587228451,0.60988942344114,0.3098866022515677,-0.9920052759077457,-0.6340606814605939,1.684865452518453,1.2335164149063018
1.516612046880764,1.6362038480639223,-0.3885696092013759,-0.8704029387551875,1.593923216189333,-0.6509571799589724,1.5654545208812343,-1.609411063306529,-0.35752796480589355,-0.6340606814605939,-0.5935192026789141,0.29082140924615535
-0.009922474388248505,1.4230452259212938,-0.639017310910287,1.480449022771315,-1.5783789356453435,0.9468758587228451,-0.6641973731456523,0.3098866022515677,0.2769493462959585,-0.6340606814605939,1.684865452518453,0.9192847463529197
1.1349784165635108,-1.409977993116211,0.86366889934318,0.3050230420080638,0.9594627858223979,0.3077426432501181,-0.34567567399895416,-0.3298792862677979,0.5941880018468845,-0.6340606814605939,-0.5935192026789141,-0.9661052649673734
-1.536456995657261,-0.007869580998056956,0.86366889934318,-0.8704029387551875,-0.9439185052784081,-1.2900903954316993,-0.34567567399895416,0.9496524907709334,0.9114266573978106,-0.6340606814605939,-0.5935192026789141,-1.5945686020741379
-1.536456995657261,0.2833573004821069,-0.8894650126191982,1.480449022771315,-1.5783789356453435,-1.2900903954316993,-0.6641973731456523,0.3098866022515677,-1.6264825870095976,1.5771361152633603,-0.5935192026789141,1.2335164149063018
0.3717111559290046,0.2775418723680693,1.114116601052091,1.480449022771315,1.2766930010058655,-0.9705237876953359,0.9284111225878381,0.3098866022515677,-0.9920052759077457,-0.6340606814605939,1.684865452518453,1.5477480834596842
-0.5187673148112526,-0.4105852066006191,-1.6408081177459317,0.8927360323896893,0.6422325706389302,1.2664424664592087,0.9284111225878381,0.3098866022515677,-0.35752796480589355,-0.6340606814605939,-0.5935192026789141,0.6050530777995375
-1.0276121552342568,0.7953359629604195,-1.6408081177459317,-0.8704029387551875,-0.6266882900949404,-1.2900903954316993,-0.027153974852256096,-0.3298792862677979,0.2769493462959585,-0.6340606814605939,-0.5935192026789141,1.2335164149063018
1.643823256986515,0.09261786448363538,1.6150120044699134,0.3050230420080638,-1.5783789356453435,1.5860090741955721,1.2469328217345361,-0.9696451747871635,0.2769493462959585,-0.6340606814605939,-0.5935192026789141,0.29082140924615535
-0.7731897350227547,-1.5763596965710205,-0.8894650126191982,-1.458115929136813,0.3250023554554625,1.5860090741955721,1.2469328217345361,-0.6497622305274807,0.2769493462959585,-0.6340606814605939,-0.5935192026789141,-1.2803369335207555
-0.5187673148112526,-1.6590379396745452,0.86366889934318,0.3050230420080638,-0.9439185052784081,1.5860090741955721,-0.34567567399895416,0.9496524907709334,-0.040289309254967536,-0.6340606814605939,-0.5935192026789141,1.5477480834596842
0.49892236603475565,-1.1552032641237149,-1.6408081177459317,-0.2826899483735619,-0.9439185052784081,0.9468758587228451,0.29136772429444197,1.269535435030616,0.2769493462959585,-0.6340606814605939,-0.5935192026789141,-0.6518735964139912
-1.6636682057630119,1.0375379635480895,-0.3885696092013759,-1.458115929136813,-0.9439185052784081,-1.6096570031680628,-0.34567567399895416,-0.3298792862677979,-0.040289309254967536,-0.6340606814605939,-0.5935192026789141,-1.5945686020741379
-1.536456995657261,-1.5294400087183075,1.114116601052091,-0.2826899483735619,-0.9439185052784081,-0.3313905722226089,-1.3012407714390484,1.589418379290299,-0.9920052759077457,-0.6340606814605939,-0.5935192026789141,0.9192847463529197
1.516612046880764,-0.1943111497682627,0.11232579421644646,-0.8704029387551875,0.007772140271994877,-1.6096570031680628,1.2469328217345361,1.589418379290299,-1.3092439314586717,-0.6340606814605939,-0.5935192026789141,-0.023410259307226837
1.1349784165635108,-0.014076358910696885,-0.639017310910287,0.3050230420080638,1.593923216189333,0.9468758587228451,-0.34567567399895416,0.9496524907709334,-1.3092439314586717,-0.6340606814605939,-0.5935192026789141,-1.2803369335207555
1.3894008367750128,1.205691392068518,-0.1381219074924647,-0.2826899483735619,-0.9439185052784081,0.6273092509864816,-0.027153974852256096,0.3098866022515677,-0.040289309254967536,-0.6340606814605939,-0.5935192026789141,-0.33764192786060904
-0.5187673148112526,1.2524878444795693,1.114116601052091,0.3050230420080638,-0.6266882900949404,0.9468758587228451,0.29136772429444197,-0.009996342008115089,-0.040289309254967536,-0.6340606814605939,-0.5935192026789141,-0.023410259307226837
-1.0276121552342568,-1.0724860571540225,-0.8894650126191982,1.480449022771315,0.6422325706389302,0.6273092509864816,1.2469328217345361,-1.2895281190468464,0.2769493462959585,-0.6340606814605939,-0.5935192026789141,0.29082140924615535
0.6261335761405067,1.1611396729568015,0.6132211976342689,0.8927360323896893,1.2766930010058655,-1.6096570031680628,-0.34567567399895416,1.589418379290299,-1.6264825870095976,-0.6340606814605939,-0.5935192026789141,0.29082140924615535
-0.3915561047055016,1.2154164420120963,-0.639017310910287,1.480449022771315,1.2766930010058655,-0.3313905722226089,-1.6197624705857465,1.589418379290299,-1.6264825870095976,1.5771361152633603,1.684865452518453,1.5477480834596842
0.8805559963520088,0.9731978348710553,-0.3885696092013759,-0.2826899483735619,-0.9439185052784081,-0.011823964486245425,-1.6197624705857465,0.9496524907709334,-0.35752796480589355,-0.6340606814605939,-0.5935192026789141,1.2335164149063018
-1.0276121552342568,1.1602959690831829,-0.1381219074924647,-1.458115929136813,-0.30945807491147276,-0.9705237876953359,0.9284111225878381,1.589418379290299,0.5941880018468845,-0.6340606814605939,-0.5935192026789141,-0.6518735964139912
-0.6459785249170037,0.4758848816088007,-0.3885696092013759,-0.8704029387551875,0.9594627858223979,1.2664424664592087,0.29136772429444197,-0.9696451747871635,0.5941880018468845,-0.6340606814605939,-0.5935192026789141,-0.6518735964139912
0.24449994582325357,-0.10389646819489448,1.6150120044699134,-0.2826899483735619,1.2766930010058655,0.3077426432501181,1.2469328217345361,-1.2895281190468464,-0.6747666203568196,-0.6340606814605939,-0.5935192026789141,0.29082140924615535
-1.282034575445759,-1.7381571308053554,-1.1399127143281094,0.3050230420080638,-0.30945807491147276,0.3077426432501181,0.9284111225878381,0.9496524907709334,1.2286653129487366,-0.6340606814605939,1.684865452518453,0.6050530777995375
1.3894008367750128,-1.1791443594438527,1.3645643027610024,0.3050230420080638,-0.9439185052784081,1.2664424664592087,-0.34567567399895416,-0.6497622305274807,1.2286653129487366,-0.6340606814605939,-0.5935192026789141,0.29082140924615535
0.8805559963520088,0.4197142442918962,-1.3903604160370207,1.480449022771315,-0.6266882900949404,-0.6509571799589724,-0.6641973731456523,1.269535435030616,0.5941880018468845,-0.6340606814605939,-0.5935192026789141,0.29082140924615535
-0.009922474388248505,1.1907810828994263,1.114116601052091,-1.458115929136813,0.3250023554554625,-0.9705237876953359,-1.3012407714390484,-0.3298792862677979,0.9114266573978106,1.5771361152633603,1.684865452518453,-0.9661052649673734
-0.5187673148112526,0.19399017846986133,0.3627734959253576,0.3050230420080638,-0.30945807491147276,-0.9705237876953359,0.60988942344114,0.3098866022515677,-1.3092439314586717,-0.6340606814605939,-0.5935192026789141,1.2335164149063018
-1.282034575445759,1.3340742270511998,-0.8894650126191982,-0.8704029387551875,1.2766930010058655,1.5860090741955721,0.9284111225878381,1.269535435030616,-1.6264825870095976,1.5771361152633603,-0.5935192026789141,-0.023410259307226837
-1.40924578555151,-1.3010011847324185,1.114116601052091,-0.2826899483735619,-0.6266882900949404,-0.6509571799589724,-0.027153974852256096,-0.009996342008115089,-1.6264825870095976,-0.6340606814605939,-0.5935192026789141,-0.6518735964139912
-0.13713368449399954,-1.6949708102113779,0.3627734959253576,1.480449022771315,-0.30945807491147276,-0.3313905722226089,0.9284111225878381,-0.9696451747871635,0.2769493462959585,1.5771361152633603,-0.5935192026789141,0.9192847463529197
-0.5187673148112526,-1.4383050603662157,-0.1381219074924647,-0.8704029387551875,1.593923216189333,1.5860090741955721,0.29136772429444197,-1.2895281190468464,-0.9920052759077457,-0.6340606814605939,1.684865452518453,-0.023410259307226837
0.24449994582325357,1.2388090462061172,-0.8894650126191982,1.480449022771315,-1.2611487204618759,-0.9705237876953359,-0.9827190722923503,-0.009996342008115089,-0.35752796480589355,1.5771361152633603,-0.5935192026789141,-1.5945686020741379
-1.40924578555151,0.6560653648945264,0.3627734959253576,-1.458115929136813,-1.2611487204618759,1.2664424664592087,0.9284111225878381,0.3098866022515677,-1.6264825870095976,-0.6340606814605939,-0.5935192026789141,-0.33764192786060904
-1.0276121552342568,-0.9186683668431889,1.3645643027610024,-0.2826899483735619,-0.6266882900949404,-1.6096570031680628,0.29136772429444197,0.6297695465112505,1.2286653129487366,-0.6340606814605939,-0.5935192026789141,-0.33764192786060904
1.643823256986515,-0.40077353301890667,1.114116601052091,-1.458115929136813,-0.30945807491147276,-1.2900903954316993,-0.34567567399895416,-1.609411063306529,0.9114266573978106,-0.6340606814605939,-0.5935192026789141,0.9192847463529197
0.11728873571750253,-1.1359974692152148,0.3627734959253576,-1.458115929136813,-0.30945807491147276,-1.6096570031680628,-1.3012407714390484,0.6297695465112505,1.5459039684996627,-0.6340606814605939,1.684865452518453,1.2335164149063018
0.24449994582325357,0.040353206231348325,1.3645643027610024,-0.8704029387551875,0.9594627858223979,0.9468758587228451,-0.027153974852256096,-1.609411063306529,-0.040289309254967536,1.5771361152633603,-0.5935192026789141,-0.33764192786060904
1.643823256986515,-0.5414163998989596,0.3627734959253576,-0.8704029387551875,0.3250023554554625,0.3077426432501181,0.9284111225878381,-0.009996342008115089,0.5941880018468845,-0.6340606814605939,-0.5935192026789141,0.9192847463529197
-0.3915561047055016,0.419508242533776,-0.3885696092013759,-0.2826899483735619,1.593923216189333,0.3077426432501181,0.60988942344114,-0.6497622305274807,1.2286653129487366,-0.6340606814605939,1.684865452518453,0.9192847463529197
-0.009922474388248505,1.1684015053882888,-1.1399127143281094,-0.2826899483735619,1.2766930010058655,-0.011823964486245425,-0.6641973731456523,0.9496524907709334,-0.6747666203568196,-0.6340606814605939,-0.5935192026789141,0.6050530777995375
-1.536456995657261,0.5234527348015281,-1.3903604160370207,-1.458115929136813,0.007772140271994877,0.9468758587228451,1.2469328217345361,0.9496524907709334,-0.35752796480589355,-0.6340606814605939,-0.5935192026789141,-0.33764192786060904
0.3717111559290046,0.5974928263187103,-1.6408081177459317,0.3050230420080638,0.9594627858223979,1.2664424664592087,-1.6197624705857465,-0.3298792862677979,-1.6264825870095976,1.5771361152633603,1.684865452518453,1.5477480834596842
0.24449994582325357,-0.7178531701037486,0.3627734959253576,0.3050230420080638,1.593923216189333,-0.3313905722226089,-1.3012407714390484,1.269535435030616,-0.6747666203568196,-0.6340606814605939,1.684865452518453,1.2335164149063018
-1.536456995657261,0.6729246860155662,1.6150120044699134,0.3050230420080638,-0.6266882900949404,-1.6096570031680628,1.2469328217345361,-1.2895281190468464,1.2286653129487366,-0.6340606814605939,1.684865452518453,-0.33764192786060904
-1.6636682057630119,-1.6528949612769177,1.6150120044699134,-0.2826899483735619,-0.30945807491147276,-1.2900903954316993,0.29136772429444197,-1.2895281190468464,-0.35752796480589355,-0.6340606814605939,1.684865452518453,0.9192847463529197
1.516612046880764,0.44863560757305043,-0.3885696092013759,0.3050230420080638,1.593923216189333,-0.3313905722226089,-0.027153974852256096,-1.609411063306529,0.9114266573978106,1.5771361152633603,-0.5935192026789141,-0.6518735964139912
1.3894008367750128,0.6831390253803716,1.6150120044699134,-0.8704029387551875,0.3250023554554625,1.5860090741955721,0.29136772429444197,0.6297695465112505,-1.6264825870095976,1.5771361152633603,-0.5935192026789141,-1.5945686020741379
-1.40924578555151,1.079408592694044,-0.8894650126191982,0.8927360323896893,-0.6266882900949404,-0.9705237876953359,-1.3012407714390484,1.589418379290299,1.2286653129487366,1.5771361152633603,-0.5935192026789141,1.5477480834596842
-0.6459785249170037,-0.7021777933513547,-0.1381219074924647,0.8927360323896893,-0.30945807491147276,-0.9705237876953359,-0.34567567399895416,1.269535435030616,-0.35752796480589355,1.5771361152633603,1.684865452518453,0.6050530777995375
1.643823256986515,-0.1938249426526073,-1.3903604160370207,1.480449022771315,1.593923216189333,1.2664424664592087,0.29136772429444197,-0.6497622305274807,0.9114266573978106,1.5771361152633603,-0.5935192026789141,0.6050530777995375
1.516612046880764,1.539423052204344,-1.6408081177459317,0.8927360323896893,-1.5783789356453435,-0.9705237876953359,1.2469328217345361,1.269535435030616,-0.35752796480589355,-0.6340606814605939,-0.5935192026789141,-1.5945686020741379
0.3717111559290046,1.001251114196354,0.86366889934318,-0.2826899483735619,-0.30945807491147276,0.6273092509864816,1.2469328217345361,0.6297695465112505,-1.3092439314586717,-0.6340606814605939,-0.5935192026789141,-0.023410259307226837
1.516612046880764,0.3972567684235933,1.3645643027610024,-0.8704029387551875,1.593923216189333,1.2664424664592087,-1.3012407714390484,0.9496524907709334,-0.35752796480589355,-0.6340606814605939,-0.5935192026789141,-1.5945686020741379
1.516612046880764,1.6563832584586138,-0.8894650126191982,-1.458115929136813,-0.30945807491147276,-0.011823964486245425,-0.9827190722923503,-0.9696451747871635,-0.35752796480589355,-0.6340606814605939,-0.5935192026789141,0.6050530777995375
-1.282034575445759,1.503305165906979,0.86366889934318,-1.458115929136813,0.3250023554554625,-1.6096570031680628,-0.34567567399895416,-0.009996342008115089,-0.9920052759077457,1.5771361152633603,-0.5935192026789141,-0.9661052649673734
0.24449994582325357,-0.09327246703938968,-1.3903604160370207,-0.8704029387551875,1.2766930010058655,1.5860090741955721,1.2469328217345361,0.9496524907709334,-1.6264825870095976,1.5771361152633603,1.684865452518453,1.5477480834596842
0.8805559963520088,-1.5441245741372414,0.11232579421644646,0.3050230420080638,-1.5783789356453435,-0.3313905722226089,-0.027153974852256096,-0.3298792862677979,-0.040289309254967536,-0.6340606814605939,1.684865452518453,-0.9661052649673734
-1.40924578555151,-1.3064628788179276,-0.639017310910287,-0.2826899483735619,-1.2611487204618759,0.9468758587228451,1.5654545208812343,0.6297695465112505,1.2286653129487366,-0.6340606814605939,1.684865452518453,-0.33764192786060904
1.1349784165635108,-0.8454088350728833,0.11232579421644646,1.480449022771315,-0.9439185052784081,-0.6509571799589724,-1.3012407714390484,0.6297695465112505,0.5941880018468845,-0.6340606814605939,-0.5935192026789141,0.9192847463529197
-0.7731897350227547,0.21827648966243912,-0.3885696092013759,-0.2826899483735619,-1.2611487204618759,1.2664424664592087,0.60988942344114,-1.609411063306529,1.2286653129487366,-0.6340606814605939,1.684865452518453,1.2335164149063018
-0.9004009451285058,-1.3455077012535337,-0.8894650126191982,0.3050230420080638,0.6422325706389302,-0.6509571799589724,-0.6641973731456523,0.6297695465112505,-0.6747666203568196,-0.6340606814605939,-0.5935192026789141,-0.33764192786060904
-0.3915561047055016,1.4493764812391783,0.11232579421644646,0.3050230420080638,-1.5783789356453435,-1.2900903954316993,-0.34567567399895416,1.269535435030616,-1.6264825870095976,-0.6340606814605939,1.684865452518453,-0.6518735964139912
-1.536456995657261,1.6739503980878223,1.6150120044699134,-1.458115929136813,0.3250023554554625,0.3077426432501181,1.2469328217345361,-0.9696451747871635,-1.6264825870095976,-0.6340606814605939,1.684865452518453,-1.5945686020741379
0.6261335761405067,-1.500441230702471,1.3645643027610024,0.3050230420080638,-0.6266882900949404,-1.6096570031680628,1.2469328217345361,1.269535435030616,-0.6747666203568196,1.5771361152633603,1.684865452518453,1.5477480834596842
-1.40924578555151,1.1120088494643594,1.3645643027610024,0.8927360323896893,-0.9439185052784081,0.9468758587228451,-0.6641973731456523,0.3098866022515677,0.9114266573978106,-0.6340606814605939,-0.5935192026789141,1.5477480834596842
0.8805559963520088,0.09199542592019445,1.6150120044699134,-1.458115929136813,1.2766930010058655,-0.011823964486245425,-0.027153974852256096,0.9496524907709334,1.2286653129487366,-0.6340606814605939,-0.5935192026789141,-0.33764192786060904
1.3894008367750128,1.1515896862502206,0.6132211976342689,-0.8704029387551875,1.593923216189333,1.2664424664592087,-1.3012407714390484,0.6297695465112505,1.2286653129487366,-0.6340606814605939,-0.5935192026789141,1.2335164149063018
1.516612046880764,1.241250242867793,0.11232579421644646,1.480449022771315,1.2766930010058655,0.6273092509864816,1.5654545208812343,-0.3298792862677979,-1.3092439314586717,1.5771361152633603,-0.5935192026789141,-0.33764192786060904
-0.7731897350227547,-1.2402595933660243,0.86366889934318,-1.458115929136813,0.007772140271994877,-0.3313905722226089,-0.34567567399895416,1.589418379290299,0.2769493462959585,-0.6340606814605939,-0.5935192026789141,1.5477480834596842
0.49892236603475565,0.8289279125181875,-0.3885696092013759,1.480449022771315,0.3250023554554625,1.2664424664592087,1.2469328217345361,-0.6497622305274807,-1.3092439314586717,-0.6340606814605939,-0.5935192026789141,0.29082140924615535
0.6261335761405067,1.163737771109476,-1.3903604160370207,1.480449022771315,-1.2611487204618759,0.3077426432501181,-1.3012407714390484,-0.009996342008115089,-1.3092439314586717,1.5771361152633603,-0.5935192026789141,1.2335164149063018
-0.5187673148112526,1.3499813695626017,1.3645643027610024,0.3050230420080638,-0.6266882900949404,1.5860090741955721,1.5654545208812343,0.3098866022515677,0.9114266573978106,1.5771361152633603,-0.5935192026789141,-1.2803369335207555
-1.0276121552342568,-0.878184565196462,-1.1399127143281094,0.8927360323896893,-0.6266882900949404,-0.011823964486245425,-0.027153974852256096,1.589418379290299,-1.3092439314586717,1.5771361152633603,-0.5935192026789141,-1.5945686020741379
-1.40924578555151,0.022167726435733746,-0.8894650126191982,0.8927360323896893,1.2766930010058655,1.2664424664592087,-1.3012407714390484,0.3098866022515677,-0.040289309254967536,-0.6340606814605939,1.684865452518453,0.29082140924615535
0.11728873571750253,-1.6787029401464881,1.6150120044699134,-1.458115929136813,-1.2611487204618759,-0.3313905722226089,1.2469328217345361,-1.2895281190468464,0.9114266573978106,-0.6340606814605939,1.684865452518453,1.5477480834596842
1.3894008367750128,-0.6089835693184117,-1.1399127143281094,-0.8704029387551875,1.2766930010058655,0.3077426432501181,-1.3012407714390484,1.269535435030616,0.9114266573978106,1.5771361152633603,-0.5935192026789141,0.29082140924615535
-0.009922474388248505,-0.7174135924157387,0.86366889934318,-0.8704029387551875,1.593923216189333,-0.6509571799589724,0.60988942344114,0.3098866022515677,-0.6747666203568196,-0.6340606814605939,-0.5935192026789141,0.9192847463529197
-0.6459785249170037,-1.4496805876562733,1.6150120044699134,-0.8704029387551875,-1.5783789356453435,1.5860090741955721,-1.6197624705857465,-0.3298792862677979,-1.3092439314586717,-0.6340606814605939,-0.5935192026789141,0.6050530777995375
-0.7731897350227547,0.6359859581093787,1.3645643027610024,0.3050230420080638,1.2766930010058655,1.5860090741955721,-0.027153974852256096,-1.2895281190468464,0.5941880018468845,-0.6340606814605939,1.684865452518453,1.5477480834596842
1.643823256986515,0.10454981479264983,1.6150120044699134,0.8927360323896893,1.593923216189333,0.3077426432501181,1.5654545208812343,-0.6497622305274807,0.9114266573978106,-0.6340606814605939,-0.5935192026789141,-0.33764192786060904
-1.1548233653400077,0.3307756602734343,1.3645643027610024,0.3050230420080638,-1.2611487204618759,0.9468758587228451,-1.6197624705857465,0.6297695465112505,0.9114266573978106,-0.6340606814605939,1.684865452518453,-0.6518735964139912
-0.7731897350227547,1.5220024969485006,0.86366889934318,1.480449022771315,0.3250023554554625,-0.9705237876953359,-1.3012407714390484,-1.609411063306529,0.5941880018468845,-0.6340606814605939,-0.5935192026789141,-0.6518735964139912
-1.282034575445759,1.3057519651394496,-1.6408081177459317,-1.458115929136813,-0.30945807491147276,-1.2900903954316993,-0.6641973731456523,-0.009996342008115089,1.5459039684996627,-0.6340606814605939,-0.5935192026789141,-0.9661052649673734
1.1349784165635108,-0.684685710872286,-0.639017310910287,-0.8704029387551875,0.6422325706389302,-1.6096570031680628,-1.3012407714390484,-0.009996342008115089,-0.35752796480589355,-0.6340606814605939,-0.5935192026789141,0.29082140924615535
0.3717111559290046,0.9093432901221027,1.6150120044699134,0.3050230420080638,-1.2611487204618759,-1.2900903954316993,-1.6197624705857465,-0.6497622305274807,-1.6264825870095976,-0.6340606814605939,-0.5935192026789141,0.6050530777995375
1.516612046880764,-0.5621228434763802,-0.8894650126191982,-0.2826899483735619,-0.30945807491147276,1.2664424664592087,0.9284111225878381,-1.2895281190468464,0.5941880018468845,-0.6340606814605939,-0.5935192026789141,-0.023410259307226837
0.11728873571750253,1.525899847546897,1.3645643027610024,-0.8704029387551875,-0.30945807491147276,0.3077426432501181,0.29136772429444197,1.589418379290299,-0.040289309254967536,-0.6340606814605939,1.684865452518453,-1.5945686020741379
1.643823256986515,-1.4400573501078815,0.3627734959253576,-0.8704029387551875,1.2766930010058655,-0.3313905722226089,1.5654545208812343,0.6297695465112505,0.2769493462959585,-0.6340606814605939,-0.5935192026789141,-0.6518735964139912
1.1349784165635108,0.9511185216686883,0.11232579421644646,-0.2826899483735619,-0.30945807491147276,-0.6509571799589724,1.5654545208812343,1.269535435030616,0.9114266573978106,-0.6340606814605939,-0.5935192026789141,0.6050530777995375
0.24449994582325357,-1.2655392531035885,1.3645643027610024,0.8927360323896893,-0.9439185052784081,-0.6509571799589724,1.2469328217345361,-0.3298792862677979,1.2286653129487366,-0.6340606814605939,-0.5935192026789141,-1.2803369335207555
0.8805559963520088,-0.41808228465948627,0.11232579421644646,-0.2826899483735619,1.2766930010058655,-1.2900903954316993,-0.9827190722923503,1.589418379290299,-0.040289309254967536,-0.6340606814605939,1.684865452518453,-1.5945686020741379
1.0077672064577599,-1.2523225227644506,-1.3903604160370207,0.8927360323896893,-0.9439185052784081,-0.3313905722226089,-0.027153974852256096,1.589418379290299,-0.35752796480589355,-0.6340606814605939,1.684865452518453,-0.33764192786060904
0.11728873571750253,1.115696229924371,1.6150120044699134,-1.458115929136813,-1.5783789356453435,0.6273092509864816,-1.6197624705857465,-1.609411063306529,-0.6747666203568196,-0.6340606814605939,-0.5935192026789141,0.29082140924615535
1.1349784165635108,-0.19557846559261183,-1.1399127143281094,-1.458115929136813,0.3250023554554625,1.5860090741955721,1.2469328217345361,-0.009996342008115089,-0.35752796480589355,-0.6340606814605939,1.684865452518453,1.5477480834596842
-0.2643448945997506,0.6218828335566561,-0.639017310910287,-0.2826899483735619,0.9594627858223979,0.6273092509864816,0.29136772429444197,-0.6497622305274807,-0.040289309254967536,-0.6340606814605939,-0.5935192026789141,-0.6518735964139912
-0.13713368449399954,-0.44577237615178056,-1.3903604160370207,0.3050230420080638,0.3250023554554625,0.6273092509864816,0.29136772429444197,-1.609411063306529,-1.3092439314586717,1.5771361152633603,1.684865452518453,1.2335164149063018
1.516612046880764,-0.3465704567266869,-0.3885696092013759,1.480449022771315,-1.5783789356453435,1.2664424664592087,-0.027153974852256096,-1.609411063306529,-0.35752796480589355,-0.6340606814605939,-0.5935192026789141,-0.9661052649673734
1.0077672064577599,0.07676428830195571,-0.8894650126191982,0.8927360323896893,-0.9439185052784081,0.9468758587228451,0.60988942344114,1.589418379290299,-1.6264825870095976,-0.6340606814605939,-0.5935192026789141,1.2335164149063018
-0.2643448945997506,1.5356306242474125,-0.1381219074924647,-0.2826899483735619,0.3250023554554625,0.6273092509864816,0.60988942344114,1.589418379290299,0.2769493462959585,-0.6340606814605939,-0.5935192026789141,-1.5945686020741379
1.516612046880764,-0.17819763885103562,0.3627734959253576,0.3050230420080638,0.3250023554554625,0.9468758587228451,-0.6641973731456523,0.3098866022515677,0.9114266573978106,-0.6340606814605939,-0.5935192026789141,-0.9661052649673734
-0.009922474388248505,0.9760225455905733,-0.3885696092013759,-0.8704029387551875,-1.5783789356453435,-1.2900903954316993,0.9284111225878381,-0.009996342008115089,0.9114266573978106,1.5771361152633603,-0.5935192026789141,-1.2803369335207555
0.49892236603475565,-1.4613248597631807,-0.8894650126191982,0.3050230420080638,1.2766930010058655,-0.3313905722226089,-0.6641973731456523,-0.6497622305274807,0.5941880018468845,1.5771361152633603,-0.5935192026789141,1.5477480834596842
-0.2643448945997506,-1.16565811411912,-0.3885696092013759,0.3050230420080638,-1.5783789356453435,-1.6096570031680628,-0.9827190722923503,1.589418379290299,0.9114266573978106,1.5771361152633603,-0.5935192026789141,-0.6518735964139912
0.3717111559290046,-1.0241000867018408,1.6150120044699134,0.3050230420080638,-1.5783789356453435,0.6273092509864816,0.29136772429444197,1.589418379290299,-0.040289309254967536,1.5771361152633603,-0.5935192026789141,0.9192847463529197
1.2621896266692618,1.2217976337816032,1.3645643027610024,0.8927360323896893,0.3250023554554625,1.5860090741955721,-1.6197624705857465,-0.009996342008115089,0.5941880018468845,1.5771361152633603,-0.5935192026789141,1.5477480834596842
1.0077672064577599,1.2387446660347412,0.6132211976342689,0.8927360323896893,0.6422325706389302,0.6273092509864816,-0.6641973731456523,-0.9696451747871635,0.9114266573978106,-0.6340606814605939,-0.5935192026789141,-0.6518735964139912
1.643823256986515,-0.24537351723799192,-1.3903604160370207,-0.8704029387551875,-0.9439185052784081,1.5860090741955721,1.5654545208812343,-1.2895281190468464,-0.040289309254967536,-0.6340606814605939,-0.5935192026789141,-1.5945686020741379
-0.5187673148112526,-1.6749957265089768,-0.639017310910287,-0.8704029387551875,-1.2611487204618759,0.3077426432501181,1.2469328217345361,-0.009996342008115089,0.5941880018468845,-0.6340606814605939,1.684865452518453,-1.2803369335207555
0.7533447862462577,-0.31237708125939617,-1.1399127143281094,-1.458115929136813,0.007772140271994877,0.6273092509864816,0.60988942344114,1.269535435030616,1.5459039684996627,1.5771361152633603,-0.5935192026789141,-1.2803369335207555
-0.9004009451285058,-0.6188479375281691,1.3645643027610024,-1.458115929136813,-0.6266882900949404,-0.9705237876953359,-0.027153974852256096,-0.9696451747871635,-1.3092439314586717,-0.6340606814605939,-0.5935192026789141,-0.9661052649673734
1.2621896266692618,1.5665268542433854,0.11232579421644646,-1.458115929136813,-1.5783789356453435,-0.6509571799589724,-0.027153974852256096,-0.6497622305274807,0.2769493462959585,-0.6340606814605939,1.684865452518453,-0.9661052649673734
1.516612046880764,1.2099857231031064,0.86366889934318,-1.458115929136813,-0.6266882900949404,-0.011823964486245425,-0.027153974852256096,1.269535435030616,-1.3092439314586717,-0.6340606814605939,-0.5935192026789141,0.6050530777995375
-1.40924578555151,-0.6804832719519457,-0.1381219074924647,1.480449022771315,0.3250023554554625,-1.6096570031680628,-0.34567567399895416,1.269535435030616,-1.6264825870095976,-0.6340606814605939,-0.5935192026789141,-0.023410259307226837
1.516612046880764,-1.3388886455747597,0.3627734959253576,-0.8704029387551875,0.3250023554554625,-1.2900903954316993,-0.9827190722923503,0.9496524907709334,-1.3092439314586717,1.5771361152633603,-0.5935192026789141,-0.9661052649673734
0.7533447862462577,-0.37973690277388,1.6150120044699134,1.480449022771315,0.3250023554554625,-0.9705237876953359,0.29136772429444197,-0.9696451747871635,-1.3092439314586717,-0.6340606814605939,-0.5935192026789141,1.2335164149063018
0.6261335761405067,0.8650001275818447,-1.1399127143281094,-1.458115929136813,0.3250023554554625,-0.6509571799589724,-1.6197624705857465,0.9496524907709334,-0.35752796480589355,1.5771361152633603,1.684865452518453,-0.6518735964139912
-1.1548233653400077,-1.438047054413243,-0.8894650126191982,-1.458115929136813,0.007772140271994877,1.5860090741955721,-0.34567567399895416,0.6297695465112505,-0.040289309254967536,-0.6340606814605939,-0.5935192026789141,-0.6518735964139912
-0.7731897350227547,-0.6003745114743373,-1.6408081177459317,1.480449022771315,0.6422325706389302,1.2664424664592087,-0.34567567399895416,-0.6497622305274807,-1.3092439314586717,1.5771361152633603,-0.5935192026789141,-1.5945686020741379
-1.282034575445759,0.6491015104177333,-0.8894650126191982,-0.8704029387551875,-1.5783789356453435,0.3077426432501181,-1.3012407714390484,-1.609411063306529,1.5459039684996627,1.5771361152633603,1.684865452518453,-1.2803369335207555
1.643823256986515,-0.13801236714069906,0.6132211976342689,0.3050230420080638,-0.30945807491147276,-0.3313905722226089,0.60988942344114,-0.6497622305274807,0.5941880018468845,1.5771361152633603,-0.5935192026789141,0.9192847463529197
-0.6459785249170037,0.6443691226897588,-0.1381219074924647,0.8927360323896893,-0.6266882900949404,-0.011823964486245425,0.29136772429444197,1.269535435030616,-1.3092439314586717,-0.6340606814605939,-0.5935192026789141,-0.6518735964139912
-0.13713368449399954,0.1796960693005428,-0.8894650126191982,-0.2826899483735619,0.3250023554554625,1.5860090741955721,-0.9827190722923503,0.3098866022515677,1.5459039684996627,-0.6340606814605939,1.684865452518453,-0.6518735964139912
0.49892236603475565,-1.2163641464426276,0.3627734959253576,-1.458115929136813,1.593923216189333,1.2664424664592087,0.60988942344114,-0.6497622305274807,-1.6264825870095976,-0.6340606814605939,-0.5935192026789141,1.5477480834596842
1.3894008367750128,-0.1951077201758447,0.86366889934318,-0.8704029387551875,-1.5783789356453435,-0.9705237876953359,1.5654545208812343,-0.9696451747871635,-0.6747666203568196,-0.6340606814605939,-0.5935192026789141,1.5477480834596842
1.3894008367750128,0.6799322709579831,-1.1399127143281094,0.3050230420080638,0.3250023554554625,1.2664424664592087,-1.3012407714390484,0.9496524907709334,1.5459039684996627,-0.6340606814605939,-0.5935192026789141,-1.2803369335207555
0.3717111559290046,-0.5865678306974509,-0.1381219074924647,1.480449022771315,1.593923216189333,0.9468758587228451,-1.6197624705857465,0.6297695465112505,1.5459039684996627,-0.6340606814605939,1.684865452518453,-1.2803369335207555
-0.2643448945997506,-0.27798641850799305,0.3627734959253576,0.8927360323896893,-1.2611487204618759,-1.6096570031680628,1.5654545208812343,-0.6497622305274807,1.2286653129487366,-0.6340606814605939,-0.5935192026789141,0.6050530777995375
1.516612046880764,-0.12467458905314284,-1.3903604160370207,-1.458115929136813,-1.2611487204618759,0.9468758587228451,-0.6641973731456523,-0.6497622305274807,0.9114266573978106,-0.6340606814605939,-0.5935192026789141,0.29082140924615535
-1.0276121552342568,-1.4251080894846317,-1.1399127143281094,0.3050230420080638,0.9594627858223979,-1.2900903954316993,-0.34567567399895416,-0.009996342008115089,1.5459039684996627,-0.6340606814605939,-0.5935192026789141,-0.9661052649673734
0.49892236603475565,-0.5305067473343338,-1.6408081177459317,0.3050230420080638,-1.2611487204618759,-0.6509571799589724,-0.34567567399895416,-1.609411063306529,-1.6264825870095976,-0.6340606814605939,-0.5935192026789141,-0.023410259307226837
0.6261335761405067,1.3540814919026152,0.11232579421644646,0.8927360323896893,1.2766930010058655,-1.2900903954316993,-1.3012407714390484,-0.9696451747871635,-0.9920052759077457,-0.6340606814605939,-0.5935192026789141,-0.023410259307226837
0.8805559963520088,0.09007937277816408,1.6150120044699134,0.3050230420080638,-0.6266882900949404,1.5860090741955721,1.2469328217345361,0.9496524907709334,0.2769493462959585,-0.6340606814605939,1.684865452518453,0.9192847463529197
1.2621896266692618,1.4731252886564095,1.3645643027610024,-0.8704029387551875,0.007772140271994877,-0.011823964486245425,1.5654545208812343,-0.3298792862677979,-1.6264825870095976,1.5771361152633603,-0.5935192026789141,-1.5945686020741379
-1.536456995657261,-0.7380353375776547,1.6150120044699134,-0.8704029387551875,0.9594627858223979,-1.2900903954316993,-0.9827190722923503,-1.609411063306529,-0.6747666203568196,-0.6340606814605939,-0.5935192026789141,-0.6518735964139912
-1.40924578555151,1.498098992499152,1.114116601052091,-0.8704029387551875,-1.5783789356453435,-0.6509571799589724,0.60988942344114,-1.609411063306529,-0.6747666203568196,-0.6340606814605939,-0.5935192026789141,-1.2803369335207555
-0.7731897350227547,-0.932814228530327,1.3645643027610024,-1.458115929136813,0.3250023554554625,0.3077426432501181,0.9284111225878381,0.9496524907709334,-0.6747666203568196,-0.6340606814605939,-0.5935192026789141,0.29082140924615535
-0.13713368449399954,1.230762667948483,-1.6408081177459317,1.480449022771315,-0.9439185052784081,1.2664424664592087,0.9284111225878381,1.589418379290299,1.2286653129487366,1.5771361152633603,-0.5935192026789141,-0.33764192786060904
-1.1548233653400077,1.1081978903237104,-1.6408081177459317,-0.8704029387551875,-0.30945807491147276,1.2664424664592087,-0.6641973731456523,-1.2895281190468464,-0.35752796480589355,-0.6340606814605939,-0.5935192026789141,0.9192847463529197
-1.536456995657261,0.5745241356887378,0.86366889934318,-0.2826899483735619,1.2766930010058655,0.6273092509864816,-1.6197624705857465,1.589418379290299,0.5941880018468845,-0.6340606814605939,-0.5935192026789141,-0.6518735964139912
-0.5187673148112526,1.2380382786709858,0.11232579421644646,0.8927360323896893,-0.30945807491147276,-0.6509571799589724,-0.34567567399895416,0.3098866022515677,-0.9920052759077457,1.5771361152633603,-0.5935192026789141,-0.9661052649673734
-0.009922474388248505,-1.7112993186458714,1.114116601052091,-1.458115929136813,-0.30945807491147276,-0.6509571799589724,-1.3012407714390484,0.6297695465112505,0.9114266573978106,1.5771361152633603,-0.5935192026789141,0.6050530777995375
1.643823256986515,-1.3325826750887273,1.3645643027610024,0.3050230420080638,-0.6266882900949404,-0.011823964486245425,-0.6641973731456523,0.3098866022515677,1.5459039684996627,-0.6340606814605939,1.684865452518453,0.9192847463529197
1.643823256986515,0.6259060230337684,-1.3903604160370207,-0.8704029387551875,0.007772140271994877,0.9468758587228451,1.2469328217345361,1.269535435030616,-0.6747666203568196,-0.6340606814605939,-0.5935192026789141,0.6050530777995375
-1.6636682057630119,1.2399601543064385,-0.8894650126191982,1.480449022771315,1.593923216189333,-0.6509571799589724,-1.3012407714390484,0.9496524907709334,1.5459039684996627,-0.6340606814605939,-0.5935192026789141,0.9192847463529197
-0.7731897350227547,1.5038277782298897,-1.1399127143281094,0.3050230420080638,1.2766930010058655,0.6273092509864816,1.2469328217345361,-0.009996342008115089,1.5459039684996627,-0.6340606814605939,1.684865452518453,0.6050530777995375
-0.6459785249170037,1.48187626994547,0.6132211976342689,0.8927360323896893,-1.5783789356453435,1.5860090741955721,-0.34567567399895416,1.269535435030616,1.5459039684996627,-0.6340606814605939,-0.5935192026789141,1.5477480834596842
1.516612046880764,1.0901665550136848,-1.3903604160370207,-1.458115929136813,-0.30945807491147276,0.9468758587228451,0.60988942344114,0.3098866022515677,0.5941880018468845,1.5771361152633603,-0.5935192026789141,-0.023410259307226837
1.516612046880764,0.9449372137471713,1.114116601052091,-0.8704029387551875,0.9594627858223979,-0.9705237876953359,-1.3012407714390484,-1.609411063306529,0.2769493462959585,1.5771361152633603,1.684865452518453,1.2335164149063018
1.516612046880764,-1.2616060144354058,1.6150120044699134,1.480449022771315,-0.30945807491147276,1.2664424664592087,-0.6641973731456523,0.3098866022515677,0.5941880018468845,1.5771361152633603,-0.5935192026789141,0.29082140924615535
0.11728873571750253,0.5799768822541213,1.6150120044699134,0.8927360323896893,-1.2611487204618759,0.3077426432501181,1.5654545208812343,-0.6497622305274807,1.5459039684996627,-0.6340606814605939,-0.5935192026789141,1.2335164149063018
0.11728873571750253,0.28081306978176235,0.3627734959253576,1.480449022771315,-0.9439185052784081,-0.3313905722226089,-0.9827190722923503,-1.609411063306529,0.2769493462959585,1.5771361152633603,-0.5935192026789141,0.29082140924615535
0.6261335761405067,-1.1879891428007854,-1.6408081177459317,0.8927360323896893,-0.30945807491147276,1.2664424664592087,0.29136772429444197,-1.2895281190468464,0.2769493462959585,-0.6340606814605939,-0.5935192026789141,1.5477480834596842
-1.536456995657261,-0.7234022007023366,0.3627734959253576,-1.458115929136813,0.6422325706389302,-0.011823964486245425,-1.6197624705857465,0.3098866022515677,-0.6747666203568196,-0.6340606814605939,1.684865452518453,0.29082140924615535
1.643823256986515,-0.13116546478784982,1.6150120044699134,0.3050230420080638,-0.30945807491147276,-0.6509571799589724,-0.027153974852256096,-0.009996342008115089,-1.3092439314586717,-0.6340606814605939,-0.5935192026789141,-0.6518735964139912
-1.1548233653400077,-0.7060688623713348,-0.639017310910287,-1.458115929136813,0.9594627858223979,0.3077426432501181,0.29136772429444197,-0.9696451747871635,-0.35752796480589355,-0.6340606814605939,-0.5935192026789141,-0.33764192786060904
0.7533447862462577,-1.3907062007699302,1.6150120044699134,0.8927360323896893,-0.9439185052784081,-0.3313905722226089,-1.6197624705857465,0.3098866022515677,0.2769493462959585,1.5771361152633603,-0.5935192026789141,1.2335164149063018
0.3717111559290046,-0.7298395514524051,-0.1381219074924647,0.3050230420080638,-1.2611487204618759,0.3077426432501181,-0.027153974852256096,-0.6497622305274807,0.2769493462959585,1.5771361152633603,-0.5935192026789141,-0.6518735964139912
-0.009922474388248505,0.8126581626799986,0.11232579421644646,-0.2826899483735619,1.2766930010058655,-0.9705237876953359,1.2469328217345361,-1.2895281190468464,0.2769493462959585,-0.6340606814605939,-0.5935192026789141,1.2335164149063018
1.516612046880764,1.6841679447867766,-0.1381219074924647,0.8927360323896893,-0.30945807491147276,-0.3313905722226089,-0.027153974852256096,-1.2895281190468464,1.5459039684996627,-0.6340606814605939,1.684865452518453,1.5477480834596842
0.6261335761405067,-0.6375854401140723,-1.1399127143281094,-1.458115929136813,1.2766930010058655,0.6273092509864816,-0.34567567399895416,1.589418379290299,-0.35752796480589355,-0.6340606814605939,1.684865452518453,-1.2803369335207555
-0.13713368449399954,1.1004266287866564,0.6132211976342689,-1.458115929136813,0.9594627858223979,-1.2900903954316993,0.9284111225878381,-0.9696451747871635,1.5459039684996627,-0.6340606814605939,1.684865452518453,1.5477480834596842
-1.282034575445759,0.2887085408915021,0.6132211976342689,0.3050230420080638,1.593923216189333,-0.011823964486245425,0.29136772429444197,1.589418379290299,-0.9920052759077457,-0.6340606814605939,-0.5935192026789141,0.9192847463529197
-1.536456995657261,0.2513989474650315,-0.1381219074924647,0.3050230420080638,-0.30945807491147276,-0.3313905722226089,0.9284111225878381,1.589418379290299,0.2769493462959585,-0.6340606814605939,-0.5935192026789141,-0.33764192786060904
1.516612046880764,-1.2618398038353777,-0.639017310910287,-1.458115929136813,0.6422325706389302,0.3077426432501181,-0.6641973731456523,-0.3298792862677979,0.9114266573978106,-0.6340606814605939,-0.5935192026789141,-1.5945686020741379
1.0077672064577599,0.34068120515640354,-0.3885696092013759,-0.8704029387551875,-0.6266882900949404,1.2664424664592087,-0.9827190722923503,-0.009996342008115089,-0.9920052759077457,1.5771361152633603,-0.5935192026789141,-1.5945686020741379
-0.13713368449399954,-0.17670633335131397,-1.3903604160370207,-1.458115929136813,0.9594627858223979,0.6273092509864816,0.60988942344114,0.3098866022515677,-1.6264825870095976,-0.6340606814605939,-0.5935192026789141,0.6050530777995375
0.6261335761405067,0.19580539692648957,1.114116601052091,-0.2826899483735619,-0.30945807491147276,1.5860090741955721,-0.6641973731456523,-0.3298792862677979,1.5459039684996627,1.5771361152633603,-0.5935192026789141,-0.33764192786060904
1.3894008367750128,0.6533999280195774,-0.1381219074924647,0.3050230420080638,0.9594627858223979,1.5860090741955721,0.60988942344114,-1.609411063306529,-0.040289309254967536,-0.6340606814605939,-0.5935192026789141,1.5477480834596842
0.24449994582325357,-0.06493176114675173,-0.8894650126191982,1.480449022771315,0.9594627858223979,0.9468758587228451,1.5654545208812343,-0.009996342008115089,-0.6747666203568196,1.5771361152633603,-0.5935192026789141,-0.9661052649673734
1.516612046880764,1.0370761841954048,0.6132211976342689,-0.8704029387551875,1.2766930010058655,1.5860090741955721,0.29136772429444197,-1.609411063306529,0.9114266573978106,-0.6340606814605939,-0.5935192026789141,-1.2803369335207555
-1.6636682057630119,1.1193944574287336,0.86366889934318,0.3050230420080638,-0.30945807491147276,-0.3313905722226089,-1.6197624705857465,0.9496524907709334,-0.040289309254967536,-0.6340606814605939,-0.5935192026789141,-0.023410259307226837
-0.9004009451285058,-1.4733690700525859,-0.639017310910287,-1.458115929136813,-0.30945807491147276,0.9468758587228451,1.5654545208812343,1.269535435030616,-0.6747666203568196,-0.6340606814605939,1.684865452518453,0.6050530777995375
1.1349784165635108,0.3535588814983369,1.6150120044699134,0.3050230420080638,1.593923216189333,-0.6509571799589724,-0.027153974852256096,1.269535435030616,1.5459039684996627,-0.6340606814605939,-0.5935192026789141,0.29082140924615535
-0.009922474388248505,-0.02809983986425527,0.3627734959253576,1.480449022771315,0.6422325706389302,-0.3313905722226089,-1.6197624705857465,-0.6497622305274807,0.2769493462959585,1.5771361152633603,-0.5935192026789141,1.2335164149063018
0.11728873571750253,0.3765143763431385,1.114116601052091,-1.458115929136813,-1.5783789356453435,-0.3313905722226089,-0.027153974852256096,-0.9696451747871635,-0.6747666203568196,1.5771361152633603,1.684865452518453,0.6050530777995375
0.3717111559290046,0.5593504379649369,-1.6408081177459317,-0.2826899483735619,-1.5783789356453435,0.6273092509864816,-1.3012407714390484,1.269535435030616,1.5459039684996627,1.5771361152633603,-0.5935192026789141,1.5477480834596842
0.3717111559290046,1.4257943805019502,-1.6408081177459317,0.8927360323896893,-1.2611487204618759,0.6273092509864816,-1.3012407714390484,0.9496524907709334,-1.6264825870095976,-0.6340606814605939,-0.5935192026789141,-0.9661052649673734
-1.282034575445759,-0.6110588987290686,-0.1381219074924647,-0.8704029387551875,-1.2611487204618759,-1.6096570031680628,-0.9827190722923503,-1.609411063306529,-0.040289309254967536,-0.6340606814605939,-0.5935192026789141,-1.5945686020741379
1.1349784165635108,0.3641619553807859,-1.3903604160370207,-0.2826899483735619,-1.2611487204618759,-1.2900903954316993,0.9284111225878381,0.9496524907709334,-1.3092439314586717,-0.6340606814605939,-0.5935192026789141,-0.33764192786060904
1.516612046880764,-1.4247140648369427,0.3627734959253576,0.8927360323896893,0.3250023554554625,1.5860090741955721,-1.6197624705857465,-0.3298792862677979,1.2286653129487366,1.5771361152633603,-0.5935192026789141,0.9192847463529197
-1.6636682057630119,-0.46061498668392126,-1.6408081177459317,-0.8704029387551875,0.9594627858223979,-1.6096570031680628,-1.3012407714390484,-0.3298792862677979,-0.9920052759077457,-0.6340606814605939,1.684865452518453,0.6050530777995375
0.8805559963520088,-1.2635176189230086,0.11232579421644646,-1.458115929136813,1.593923216189333,0.3077426432501181,-1.6197624705857465,-1.609411063306529,-0.9920052759077457,-0.6340606814605939,-0.5935192026789141,1.5477480834596842
-0.7731897350227547,0.974879936437859,0.6132211976342689,1.480449022771315,0.9594627858223979,1.2664424664592087,-0.34567567399895416,-0.6497622305274807,1.2286653129487366,-0.6340606814605939,-0.5935192026789141,-0.6518735964139912
0.7533447862462577,0.728538154253191,-1.6408081177459317,-1.458115929136813,-1.2611487204618759,0.3077426432501181,-1.6197624705857465,-1.2895281190468464,-1.6264825870095976,-0.6340606814605939,-0.5935192026789141,-0.6518735964139912
0.7533447862462577,-0.726293458832992,-0.3885696092013759,-1.458115929136813,0.3250023554554625,-0.3313905722226089,0.29136772429444197,-0.009996342008115089,-1.3092439314586717,-0.6340606814605939,-0.5935192026789141,0.29082140924615535
-0.5187673148112526,0.38243745440240723,0.86366889934318,-0.8704029387551875,0.007772140271994877,1.5860090741955721,-0.34567567399895416,0.3098866022515677,-0.040289309254967536,-0.6340606814605939,-0.5935192026789141,-0.33764192786060904
1.643823256986515,-1.7098359776368,-1.1399127143281094,-0.2826899483735619,-0.9439185052784081,-0.3313905722226089,0.29136772429444197,-0.9696451747871635,-0.6747666203568196,-0.6340606814605939,1.684865452518453,-0.6518735964139912
0.3717111559290046,1.5150886037185263,0.86366889934318,0.8927360323896893,-0.9439185052784081,-1.6096570031680628,0.29136772429444197,-0.009996342008115089,-1.3092439314586717,1.5771361152633603,1.684865452518453,1.2335164149063018
1.0077672064577599,1.6005546064612415,0.11232579421644646,-1.458115929136813,-0.30945807491147276,-0.3313905722226089,-1.3012407714390484,-0.9696451747871635,-0.6747666203568196,-0.6340606814605939,-0.5935192026789141,-0.023410259307226837
1.3894008367750128,0.5009534115766421,-1.1399127143281094,-1.458115929136813,-0.30945807491147276,-0.6509571799589724,-1.6197624705857465,-1.609411063306529,1.5459039684996627,1.5771361152633603,-0.5935192026789141,-0.6518735964139912
1.2621896266692618,0.06562130819544373,-0.639017310910287,0.8927360323896893,1.2766930010058655,-0.011823964486245425,0.9284111225878381,-1.2895281190468464,-1.3092439314586717,-0.6340606814605939,1.684865452518453,0.29082140924615535
1.2621896266692618,-0.6378182871965584,-1.6408081177459317,-1.458115929136813,-1.2611487204618759,0.9468758587228451,0.9284111225878381,0.6297695465112505,-0.9920052759077457,-0.6340606814605939,-0.5935192026789141,-0.33764192786060904
-1.536456995657261,-1.402585013003508,-1.3903604160370207,0.8927360323896893,0.007772140271994877,-0.6509571799589724,0.29136772429444197,-1.2895281190468464,1.5459039684996627,-0.6340606814605939,-0.5935192026789141,0.6050530777995375
-1.1548233653400077,0.8835602125980008,-1.3903604160370207,1.480449022771315,-1.5783789356453435,-0.011823964486245425,-1.6197624705857465,1.589418379290299,1.5459039684996627,1.5771361152633603,-0.5935192026789141,-0.023410259307226837
-1.1548233653400077,0.2607268061432783,-0.8894650126191982,0.8927360323896893,-1.5783789356453435,-0.9705237876953359,1.5654545208812343,0.6297695465112505,0.2769493462959585,-0.6340606814605939,-0.5935192026789141,-0.33764192786060904
-0.7731897350227547,-0.8135006100626668,1.3645643027610024,0.8927360323896893,0.6422325706389302,1.5860090741955721,-0.9827190722923503,0.3098866022515677,-0.35752796480589355,1.5771361152633603,-0.5935192026789141,-0.33764192786060904
0.8805559963520088,-0.6512730487270215,-0.639017310910287,-0.2826899483735619,0.6422325706389302,0.6273092509864816,1.5654545208812343,1.269535435030616,-0.6747666203568196,1.5771361152633603,-0.5935192026789141,0.29082140924615535
-0.3915561047055016,-0.7922148712112476,-1.6408081177459317,-1.458115929136813,1.593923216189333,-0.6509571799589724,0.60988942344114,-1.2895281190468464,0.9114266573978106,1.5771361152633603,-0.5935192026789141,1.2335164149063018
-1.1548233653400077,0.7404542429245162,-0.639017310910287,-1.458115929136813,-0.9439185052784081,1.5860090741955721,-0.6641973731456523,-0.009996342008115089,-0.040289309254967536,-0.6340606814605939,-0.5935192026789141,-1.5945686020741379
1.2621896266692618,-0.35596514923257316,1.114116601052091,0.3050230420080638,-0.6266882900949404,-0.3313905722226089,0.9284111225878381,-0.9696451747871635,0.5941880018468845,-0.6340606814605939,-0.5935192026789141,0.9192847463529197
0.49892236603475565,-1.6260166574809085,-0.3885696092013759,-0.2826899483735619,-0.9439185052784081,0.6273092509864816,1.2469328217345361,1.589418379290299,0.2769493462959585,-0.6340606814605939,1.684865452518453,0.29082140924615535
0.6261335761405067,0.5079537784267529,-1.3903604160370207,1.480449022771315,0.3250023554554625,-1.6096570031680628,-1.6197624705857465,-1.2895281190468464,0.9114266573978106,-0.6340606814605939,-0.5935192026789141,-1.2803369335207555
0.24449994582325357,0.7665819216299116,1.114116601052091,-0.8704029387551875,-1.2611487204618759,-0.011823964486245425,0.60988942344114,1.589418379290299,-0.35752796480589355,-0.6340606814605939,-0.5935192026789141,-0.9661052649673734
1.516612046880764,-0.7706609626908208,-0.1381219074924647,0.3050230420080638,-1.5783789356453435,1.5860090741955721,1.2469328217345361,-1.2895281190468464,-0.9920052759077457,1.5771361152633603,1.684865452518453,-0.023410259307226837
0.6261335761405067,-0.6317014052302262,-0.8894650126191982,1.480449022771315,0.9594627858223979,0.3077426432501181,0.60988942344114,1.589418379290299,1.2286653129487366,-0.6340606814605939,-0.5935192026789141,-0.023410259307226837
0.11728873571750253,-0.9938215440019715,-1.3903604160370207,-0.8704029387551875,1.593923216189333,-1.2900903954316993,-0.34567567399895416,-0.3298792862677979,-1.6264825870095976,-0.6340606814605939,-0.5935192026789141,1.2335164149063018
-1.0276121552342568,1.219513278194538,0.86366889934318,0.3050230420080638,0.007772140271994877,-1.6096570031680628,-0.9827190722923503,-1.2895281190468464,-0.35752796480589355,1.5771361152633603,1.684865452518453,0.29082140924615535
-1.282034575445759,-0.5649907052982451,0.6132211976342689,0.3050230420080638,-0.9439185052784081,-1.2900903954316993,-1.3012407714390484,-1.609411063306529,0.2769493462959585,-0.6340606814605939,-0.5935192026789141,-1.2803369335207555
-0.3915561047055016,0.5171640165946098,-1.1399127143281094,1.480449022771315,-1.5783789356453435,-1.6096570031680628,0.9284111225878381,0.9496524907709334,0.9114266573978106,1.5771361152633603,1.684865452518453,-0.6518735964139912
1.3894008367750128,-1.3672453052909619,1.3645643027610024,-0.2826899483735619,0.9594627858223979,1.5860090741955721,-0.027153974852256096,-1.2895281190468464,0.9114266573978106,1.5771361152633603,1.684865452518453,-0.023410259307226837
-0.5187673148112526,-1.2020718099027912,0.11232579421644646,-1.458115929136813,1.2766930010058655,-0.6509571799589724,-0.027153974852256096,0.3098866022515677,0.9114266573978106,-0.6340606814605939,-0.5935192026789141,-1.5945686020741379
-0.5187673148112526,-0.6952107970492943,-0.639017310910287,0.8927360323896893,-0.9439185052784081,-1.6096570031680628,-0.6641973731456523,-0.3298792862677979,1.5459039684996627,-0.6340606814605939,1.684865452518453,0.29082140924615535
-0.3915561047055016,0.38005093666171513,0.3627734959253576,-0.2826899483735619,-0.9439185052784081,0.3077426432501181,1.5654545208812343,-0.6497622305274807,0.5941880018468845,-0.6340606814605939,-0.5935192026789141,-0.023410259307226837
0.7533447862462577,0.18281249291312485,0.6132211976342689,1.480449022771315,0.007772140271994877,0.6273092509864816,-0.6641973731456523,0.9496524907709334,-0.9920052759077457,-0.6340606814605939,-0.5935192026789141,0.29082140924615535
-1.40924578555151,1.585159498454908,1.114116601052091,1.480449022771315,-1.2611487204618759,-1.2900903954316993,-0.6641973731456523,-0.6497622305274807,0.5941880018468845,1.5771361152633603,-0.5935192026789141,-0.9661052649673734
-0.2643448945997506,0.9413363282413189,-0.639017310910287,-1.458115929136813,1.2766930010058655,-1.2900903954316993,-0.027153974852256096,1.269535435030616,0.5941880018468845,-0.6340606814605939,-0.5935192026789141,0.29082140924615535
0.7533447862462577,-1.4157772973007525,1.3645643027610024,-0.2826899483735619,-0.30945807491147276,0.6273092509864816,0.9284111225878381,0.6297695465112505,-0.35752796480589355,1.5771361152633603,-0.5935192026789141,-1.5945686020741379
-1.6636682057630119,0.735382537512638,-1.6408081177459317,1.480449022771315,-0.30945807491147276,1.5860090741955721,-1.6197624705857465,-1.2895281190468464,0.9114266573978106,-0.6340606814605939,-0.5935192026789141,1.5477480834596842
-1.6636682057630119,-0.49255538412634026,0.86366889934318,-0.2826899483735619,-0.6266882900949404,0.3077426432501181,-1.3012407714390484,0.9496524907709334,-0.9920052759077457,-0.6340606814605939,-0.5935192026789141,-1.5945686020741379
0.8805559963520088,-1.5147259573402105,1.114116601052091,-0.2826899483735619,-0.6266882900949404,0.6273092509864816,-0.6641973731456523,1.269535435030616,-1.6264825870095976,1.5771361152633603,1.684865452518453,0.29082140924615535
0.11728873571750253,0.8839696929792742,1.114116601052091,-0.2826899483735619,0.007772140271994877,0.6273092509864816,0.29136772429444197,1.269535435030616,-0.35752796480589355,-0.6340606814605939,-0.5935192026789141,0.9192847463529197
0.6261335761405067,1.510244411537778,-0.3885696092013759,-0.8704029387551875,1.593923216189333,-0.9705237876953359,0.29136772429444197,0.6297695465112505,1.5459039684996627,-0.6340606814605939,1.684865452518453,-0.6518735964139912
0.3717111559290046,-0.20049393208281072,-0.3885696092013759,0.8927360323896893,-0.30945807491147276,0.6273092509864816,1.2469328217345361,-0.6497622305274807,-0.35752796480589355,-0.6340606814605939,-0.5935192026789141,1.2335164149063018
1.643823256986515,1.409428535501758,-1.6408081177459317,-1.458115929136813,1.2766930010058655,-1.2900903954316993,0.29136772429444197,1.269535435030616,-1.6264825870095976,-0.6340606814605939,-0.5935192026789141,-0.6518735964139912
-0.009922474388248505,1.7311432514076266,-0.8894650126191982,0.8927360323896893,1.2766930010058655,-1.2900903954316993,-1.6197624705857465,-1.609411063306529,-0.9920052759077457,-0.6340606814605939,-0.5935192026789141,0.9192847463529197
-1.6636682057630119,0.9989384511861173,-1.1399127143281094,-1.458115929136813,0.6422325706389302,1.5860090741955721,1.5654545208812343,-0.9696451747871635,0.9114266573978106,-0.6340606814605939,-0.5935192026789141,0.29082140924615535
0.24449994582325357,-1.6886832179706959,1.3645643027610024,-1.458115929136813,-0.9439185052784081,-1.6096570031680628,-0.34567567399895416,-1.609411063306529,0.2769493462959585,-0.6340606814605939,-0.5935192026789141,0.6050530777995375
1.0077672064577599,-0.6843041604527375,1.114116601052091,0.3050230420080638,0.007772140271994877,-0.9705237876953359,1.5654545208812343,-0.009996342008115089,-0.35752796480589355,-0.6340606814605939,-0.5935192026789141,-0.023410259307226837
0.3717111559290046,1.3510336948283719,-1.3903604160370207,-0.8704029387551875,-0.30945807491147276,1.5860090741955721,-0.6641973731456523,-0.9696451747871635,-0.35752796480589355,-0.6340606814605939,-0.5935192026789141,0.9192847463529197
-1.0276121552342568,-0.6341308143421117,0.86366889934318,0.3050230420080638,1.593923216189333,1.5860090741955721,-1.3012407714390484,0.9496524907709334,1.5459039684996627,1.5771361152633603,-0.5935192026789141,-0.023410259307226837
0.3717111559290046,0.9333889567524337,0.3627734959253576,0.8927360323896893,-1.2611487204618759,0.9468758587228451,1.5654545208812343,1.269535435030616,-0.35752796480589355,1.5771361152633603,-0.5935192026789141,-1.5945686020741379
-0.5187673148112526,-1.5658862449569175,0.6132211976342689,-0.8704029387551875,1.593923216189333,-0.011823964486245425,-0.027153974852256096,1.589418379290299,-0.6747666203568196,1.5771361152633603,1.684865452518453,-0.33764192786060904
-1.536456995657261,1.3216229752592443,-0.8894650126191982,1.480449022771315,-1.5783789356453435,-0.3313905722226089,-0.027153974852256096,0.9496524907709334,0.5941880018468845,-0.6340606814605939,-0.5935192026789141,-1.2803369335207555
-0.6459785249170037,-0.4344100004829292,-1.3903604160370207,-0.2826899483735619,0.3250023554554625,0.6273092509864816,-1.6197624705857465,-0.009996342008115089,1.5459039684996627,1.5771361152633603,-0.5935192026789141,0.6050530777995375
-1.0276121552342568,-1.4037985970687032,-0.3885696092013759,0.3050230420080638,-0.9439185052784081,-0.011823964486245425,0.29136772429444197,0.9496524907709334,0.2769493462959585,-0.6340606814605939,-0.5935192026789141,0.6050530777995375
0.7533447862462577,-1.4757568716876288,0.6132211976342689,1.480449022771315,-0.30945807491147276,0.3077426432501181,0.9284111225878381,0.3098866022515677,1.2286653129487366,-0.6340606814605939,-0.5935192026789141,0.9192847463529197
-1.40924578555151,-0.7492785864985189,1.3645643027610024,0.3050230420080638,0.007772140271994877,0.3077426432501181,1.2469328217345361,0.9496524907709334,-0.9920052759077457,-0.6340606814605939,1.684865452518453,0.6050530777995375
-1.1548233653400077,-0.05393351587502462,-1.3903604160370207,1.480449022771315,-0.9439185052784081,-1.6096570031680628,-0.34567567399895416,0.9496524907709334,1.2286653129487366,-0.6340606814605939,1.684865452518453,1.2335164149063018
1.3894008367750128,0.8640539757223902,1.3645643027610024,0.3050230420080638,0.9594627858223979,-0.011823964486245425,-1.6197624705857465,-0.3298792862677979,-0.35752796480589355,-0.6340606814605939,1.684865452518453,0.29082140924615535
1.516612046880764,-1.4166039827373373,0.6132211976342689,0.8927360323896893,-1.5783789356453435,-0.6509571799589724,0.60988942344114,0.9496524907709334,0.2769493462959585,-0.6340606814605939,1.684865452518453,-1.5945686020741379
-1.0276121552342568,1.2939615617275733,-0.8894650126191982,0.3050230420080638,0.9594627858223979,-0.3313905722226089,-1.6197624705857465,0.6297695465112505,1.5459039684996627,-0.6340606814605939,1.684865452518453,-1.2803369335207555
-1.536456995657261,-1.6874897797383224,0.11232579421644646,1.480449022771315,-1.5783789356453435,0.3077426432501181,-0.6641973731456523,-0.009996342008115089,1.5459039684996627,-0.6340606814605939,-0.5935192026789141,-1.5945686020741379
-0.3915561047055016,0.19946441728679754,0.3627734959253576,1.480449022771315,-0.9439185052784081,0.6273092509864816,-0.9827190722923503,1.269535435030616,-0.6747666203568196,-0.6340606814605939,-0.5935192026789141,1.5477480834596842
-0.9004009451285058,1.0559155908244553,1.6150120044699134,1.480449022771315,0.9594627858223979,0.6273092509864816,1.2469328217345361,1.269535435030616,1.2286653129487366,1.5771361152633603,-0.5935192026789141,0.6050530777995375
1.516612046880764,0.7135659396236458,-1.1399127143281094,1.480449022771315,1.2766930010058655,-0.011823964486245425,-0.6641973731456523,0.9496524907709334,0.2769493462959585,-0.6340606814605939,-0.5935192026789141,-1.2803369335207555
-0.7731897350227547,1.602744022849799,0.86366889934318,1.480449022771315,-0.30945807491147276,1.5860090741955721,-1.6197624705857465,-0.009996342008115089,0.2769493462959585,-0.6340606814605939,1.684865452518453,0.29082140924615535
-0.009922474388248505,0.54330494434405,0.11232579421644646,0.3050230420080638,0.007772140271994877,-0.9705237876953359,-1.6197624705857465,1.269535435030616,0.5941880018468845,1.5771361152633603,-0.5935192026789141,0.29082140924615535
-1.0276121552342568,0.2143174780271848,0.6132211976342689,1.480449022771315,-1.5783789356453435,-0.6509571799589724,1.5654545208812343,-1.609411063306529,-0.6747666203568196,-0.6340606814605939,-0.5935192026789141,1.2335164149063018
-0.7731897350227547,0.04489235184147117,-1.6408081177459317,-1.458115929136813,-0.6266882900949404,-0.011823964486245425,-0.027153974852256096,-0.009996342008115089,-0.9920052759077457,-0.6340606814605939,-0.5935192026789141,-1.2803369335207555
-0.2643448945997506,1.6440116505628481,0.86366889934318,-0.8704029387551875,-1.5783789356453435,-0.011823964486245425,0.9284111225878381,-0.9696451747871635,-0.6747666203568196,-0.6340606814605939,-0.5935192026789141,1.5477480834596842
-0.009922474388248505,0.4155812683649884,1.114116601052091,0.8927360323896893,-1.2611487204618759,-1.2900903954316993,1.5654545208812343,-0.9696451747871635,1.5459039684996627,-0.6340606814605939,-0.5935192026789141,-0.33764192786060904
-1.40924578555151,-1.3389247159705935,1.114116601052091,-0.8704029387551875,0.6422325706389302,-1.6096570031680628,0.29136772429444197,0.6297695465112505,0.9114266573978106,1.5771361152633603,-0.5935192026789141,-1.5945686020741379
0.49892236603475565,-1.2972181999238837,-1.1399127143281094,-1.458115929136813,0.3250023554554625,-0.3313905722226089,1.2469328217345361,0.9496524907709334,0.2769493462959585,-0.6340606814605939,-0.5935192026789141,1.5477480834596842
0.49892236603475565,1.020449969350349,-0.639017310910287,-0.8704029387551875,0.007772140271994877,0.9468758587228451,0.60988942344114,0.9496524907709334,-0.040289309254967536,-0.6340606814605939,1.684865452518453,0.6050530777995375
1.643823256986515,-0.679284557014295,0.3627734959253576,-0.8704029387551875,0.6422325706389302,-1.6096570031680628,-0.34567567399895416,-1.609411063306529,0.2769493462959585,1.5771361152633603,-0.5935192026789141,-0.6518735964139912
-0.2643448945997506,-0.7967365342911022,-0.639017310910287,0.8927360323896893,1.2766930010058655,1.5860090741955721,1.5654545208812343,-0.009996342008115089,-0.6747666203568196,-0.6340606814605939,-0.5935192026789141,0.29082140924615535
-0.13713368449399954,0.1749909944531474,1.114116601052091,-0.2826899483735619,1.2766930010058655,0.6273092509864816,0.60988942344114,-0.9696451747871635,-1.6264825870095976,1.5771361152633603,-0.5935192026789141,1.2335164149063018
-0.3915561047055016,-1.672895000788414,0.6132211976342689,0.3050230420080638,0.9594627858223979,-0.9705237876953359,1.2469328217345361,-0.009996342008115089,1.5459039684996627,1.5771361152633603,1.684865452518453,-0.023410259307226837
1.0077672064577599,-0.6620529423068946,0.6132211976342689,1.480449022771315,-1.2611487204618759,-1.6096570031680628,-0.027153974852256096,-0.009996342008115089,-0.040289309254967536,-0.6340606814605939,-0.5935192026789141,0.6050530777995375
0.8805559963520088,0.9561858716781748,0.86366889934318,-0.8704029387551875,1.2766930010058655,1.2664424664592087,-0.6641973731456523,0.6297695465112505,-1.6264825870095976,-0.6340606814605939,-0.5935192026789141,-1.5945686020741379
1.3894008367750128,-0.44153178169893675,-1.6408081177459317,-0.8704029387551875,-0.9439185052784081,-0.6509571799589724,0.29136772429444197,1.589418379290299,0.9114266573978106,-0.6340606814605939,-0.5935192026789141,0.29082140924615535
-1.40924578555151,1.369297773331957,0.6132211976342689,-0.2826899483735619,0.9594627858223979,1.5860090741955721,1.5654545208812343,1.269535435030616,0.2769493462959585,-0.6340606814605939,1.684865452518453,-0.6518735964139912
1.0077672064577599,-0.7953117359793227,0.11232579421644646,0.3050230420080638,0.9594627858223979,0.3077426432501181,1.2469328217345361,-0.3298792862677979,-0.040289309254967536,1.5771361152633603,-0.5935192026789141,-1.5945686020741379
-1.282034575445759,0.45311114240670547,0.86366889934318,0.8927360323896893,-1.2611487204618759,-0.3313905722226089,-0.6641973731456523,1.269535435030616,-0.9920052759077457,1.5771361152633603,-0.5935192026789141,0.6050530777995375
1.516612046880764,1.2789099896179186,0.3627734959253576,0.8927360323896893,-0.9439185052784081,-0.6509571799589724,0.60988942344114,0.9496524907709334,-1.6264825870095976,1.5771361152633603,1.684865452518453,-1.2803369335207555
-0.6459785249170037,-0.6644845135858595,0.3627734959253576,-0.2826899483735619,1.2766930010058655,0.6273092509864816,1.5654545208812343,0.6297695465112505,-1.3092439314586717,-0.6340606814605939,-0.5935192026789141,-1.5945686020741379
-0.009922474388248505,-0.6341268382271233,-1.6408081177459317,-1.458115929136813,0.9594627858223979,-0.3313905722226089,-0.9827190722923503,1.269535435030616,-0.040289309254967536,-0.6340606814605939,-0.5935192026789141,-1.5945686020741379
0.49892236603475565,1.3368855859445865,1.114116601052091,-0.8704029387551875,-0.6266882900949404,-0.3313905722226089,-0.027153974852256096,0.6297695465112505,1.5459039684996627,1.5771361152633603,-0.5935192026789141,-0.9661052649673734
-1.282034575445759,0.3538021331957829,0.3627734959253576,-1.458115929136813,-0.9439185052784081,-0.011823964486245425,-0.6641973731456523,-0.009996342008115089,-0.35752796480589355,-0.6340606814605939,-0.5935192026789141,-0.023410259307226837
1.3894008367750128,0.007128640819764085,0.3627734959253576,-0.8704029387551875,1.593923216189333,-1.2900903954316993,0.60988942344114,0.9496524907709334,0.2769493462959585,-0.6340606814605939,1.684865452518453,1.5477480834596842
-0.5187673148112526,-0.31413687630206727,1.3645643027610024,0.8927360323896893,-0.30945807491147276,1.5860090741955721,0.29136772429444197,0.9496524907709334,-0.35752796480589355,-0.6340606814605939,-0.5935192026789141,0.29082140924615535
1.0077672064577599,-1.4763588941873227,-0.1381219074924647,1.480449022771315,0.6422325706389302,0.6273092509864816,-0.027153974852256096,0.6297695465112505,0.9114266573978106,-0.6340606814605939,-0.5935192026789141,-0.9661052649673734
0.8805559963520088,-0.8894634359544632,0.6132211976342689,-0.8704029387551875,-0.30945807491147276,0.6273092509864816,0.60988942344114,-0.009996342008115089,-0.040289309254967536,-0.6340606814605939,-0.5935192026789141,-0.33764192786060904
-1.282034575445759,1.4936092895064694,1.3645643027610024,0.3050230420080638,-0.6266882900949404,-0.011823964486245425,0.60988942344114,-1.2895281190468464,-1.6264825870095976,-0.6340606814605939,1.684865452518453,1.2335164149063018
1.643823256986515,0.4295817291967169,-1.3903604160370207,0.8927360323896893,-0.6266882900949404,0.6273092509864816,0.29136772429444197,0.3098866022515677,1.2286653129487366,-0.6340606814605939,-0.5935192026789141,0.29082140924615535
-0.7731897350227547,-1.360141190991057,-0.8894650126191982,1.480449022771315,-0.30945807491147276,-1.2900903954316993,-1.3012407714390484,-1.2895281190468464,-0.35752796480589355,-0.6340606814605939,-0.5935192026789141,0.6050530777995375
1.643823256986515,0.6082561869772389,-1.1399127143281094,0.3050230420080638,1.2766930010058655,0.3077426432501181,-0.027153974852256096,0.9496524907709334,-1.3092439314586717,1.5771361152633603,-0.5935192026789141,-0.6518735964139912
0.7533447862462577,0.07519963043469449,-0.1381219074924647,0.3050230420080638,-0.6266882900949404,0.6273092509864816,0.29136772429444197,0.6297695465112505,0.2769493462959585,-0.6340606814605939,-0.5935192026789141,-0.023410259307226837
1.3894008367750128,0.16948405467076277,0.6132211976342689,-0.2826899483735619,-1.5783789356453435,0.6273092509864816,1.5654545208812343,-0.009996342008115089,-0.9920052759077457,-0.6340606814605939,1.684865452518453,0.9192847463529197
0.49892236603475565,-1.543453538337761,-0.639017310910287,1.480449022771315,0.6422325706389302,-0.6509571799589724,1.2469328217345361,-0.9696451747871635,-0.9920052759077457,-0.6340606814605939,-0.5935192026789141,0.9192847463529197
-0.13713368449399954,1.3822030045397702,-1.3903604160370207,0.8927360323896893,1.2766930010058655,-1.2900903954316993,0.29136772429444197,0.9496524907709334,-1.3092439314586717,-0.6340606814605939,-0.5935192026789141,0.29082140924615535
0.11728873571750253,-1.1373148143588385,-1.3903604160370207,-0.8704029387551875,-0.6266882900949404,-0.9705237876953359,-1.3012407714390484,1.589418379290299,-0.9920052759077457,-0.6340606814605939,-0.5935192026789141,0.6050530777995375
-0.6459785249170037,-0.9916913520012436,1.6150120044699134,0.8927360323896893,0.6422325706389302,-0.011823964486245425,0.29136772429444197,1.589418379290299,-1.3092439314586717,-0.6340606814605939,-0.5935192026789141,-1.5945686020741379
1.2621896266692618,0.10263368180789494,-1.6408081177459317,1.480449022771315,-1.2611487204618759,-1.6096570031680628,-0.9827190722923503,-0.6497622305274807,1.5459039684996627,1.5771361152633603,1.684865452518453,-1.2803369335207555
-0.3915561047055016,1.4647374647219906,-1.1399127143281094,-0.8704029387551875,-0.9439185052784081,0.6273092509864816,1.5654545208812343,-0.3298792862677979,1.2286653129487366,-0.6340606814605939,1.684865452518453,1.2335164149063018
1.1349784165635108,-0.3451450627965162,1.3645643027610024,-0.8704029387551875,-1.5783789356453435,-0.6509571799589724,-1.6197624705857465,-0.6497622305274807,1.2286653129487366,1.5771361152633603,-0.5935192026789141,0.6050530777995375
-1.40924578555151,-0.6728946988418331,0.86366889934318,0.3050230420080638,-1.2611487204618759,-0.6509571799589724,-1.6197624705857465,0.6297695465112505,-0.35752796480589355,-0.6340606814605939,-0.5935192026789141,-0.023410259307226837
-0.2643448945997506,1.1751661158556466,0.11232579421644646,-0.8704029387551875,-0.9439185052784081,-0.6509571799589724,0.29136772429444197,1.269535435030616,-1.6264825870095976,-0.6340606814605939,-0.5935192026789141,-1.5945686020741379
-1.6636682057630119,-1.6400588557269253,-1.1399127143281094,0.3050230420080638,0.6422325706389302,-1.2900903954316993,1.2469328217345361,1.269535435030616,0.5941880018468845,1.5771361152633603,-0.5935192026789141,0.29082140924615535
1.0077672064577599,0.4086953280056943,1.6150120044699134,0.8927360323896893,-1.2611487204618759,1.2664424664592087,0.9284111225878381,0.6297695465112505,-0.35752796480589355,-0.6340606814605939,1.684865452518453,-1.2803369335207555
0.49892236603475565,1.4756450353708639,-1.1399127143281094,1.480449022771315,1.2766930010058655,-0.3313905722226089,1.2469328217345361,0.3098866022515677,-1.6264825870095976,1.5771361152633603,1.684865452518453,0.9192847463529197
1.643823256986515,-0.046062841788616145,0.11232579421644646,0.8927360323896893,-0.6266882900949404,0.6273092509864816,0.60988942344114,0.9496524907709334,-1.3092439314586717,1.5771361152633603,-0.5935192026789141,-1.2803369335207555
-1.40924578555151,1.36713887294918,-0.1381219074924647,-1.458115929136813,0.9594627858223979,1.5860090741955721,-0.6641973731456523,-1.2895281190468464,0.2769493462959585,1.5771361152633603,-0.5935192026789141,0.29082140924615535
-1.1548233653400077,1.4111187094283444,0.86366889934318,0.3050230420080638,-1.2611487204618759,-1.6096570031680628,0.29136772429444197,0.3098866022515677,0.5941880018468845,-0.6340606814605939,-0.5935192026789141,1.2335164149063018
0.3717111559290046,0.26023496092721166,-1.1399127143281094,0.3050230420080638,1.593923216189333,-0.6509571799589724,1.5654545208812343,-0.6497622305274807,-1.6264825870095976,-0.6340606814605939,-0.5935192026789141,-1.5945686020741379
1.2621896266692618,-1.3951910017558393,-1.6408081177459317,1.480449022771315,-1.5783789356453435,0.3077426432501181,-1.3012407714390484,0.6297695465112505,-0.040289309254967536,1.5771361152633603,1.684865452518453,-0.33764192786060904
-1.1548233653400077,1.3997141278144654,-0.639017310910287,0.8927360323896893,0.9594627858223979,-0.011823964486245425,-0.027153974852256096,-1.609411063306529,-0.040289309254967536,-0.6340606814605939,-0.5935192026789141,-0.6518735964139912
-0.13713368449399954,0.1166794275060628,1.114116601052091,-1.458115929136813,0.6422325706389302,1.5860090741955721,-0.9827190722923503,-0.009996342008115089,-0.040289309254967536,-0.6340606814605939,-0.5935192026789141,0.6050530777995375
0.8805559963520088,-1.5337317886511148,0.6132211976342689,0.3050230420080638,-0.9439185052784081,0.9468758587228451,1.2469328217345361,-1.2895281190468464,0.9114266573978106,-0.6340606814605939,-0.5935192026789141,0.29082140924615535
1.643823256986515,1.6387691755117395,-1.1399127143281094,-0.8704029387551875,0.3250023554554625,1.2664424664592087,0.60988942344114,-0.3298792862677979,-0.9920052759077457,-0.6340606814605939,-0.5935192026789141,0.6050530777995375
-1.0276121552342568,1.2851187787377585,1.6150120044699134,0.8927360323896893,-0.9439185052784081,-0.011823964486245425,1.5654545208812343,1.589418379290299,0.5941880018468845,-0.6340606814605939,-0.5935192026789141,-1.5945686020741379
0.11728873571750253,-1.7026762718831154,0.86366889934318,-0.2826899483735619,-0.9439185052784081,-0.9705237876953359,0.9284111225878381,-0.6497622305274807,0.5941880018468845,-0.6340606814605939,-0.5935192026789141,-0.33764192786060904
-0.13713368449399954,1.1404269888179819,0.6132211976342689,0.8927360323896893,0.6422325706389302,0.9468758587228451,-0.6641973731456523,-0.3298792862677979,0.5941880018468845,-0.6340606814605939,-0.5935192026789141,-0.6518735964139912
1.0077672064577599,-0.28391189287475016,0.6132211976342689,-0.8704029387551875,1.2766930010058655,-1.2900903954316993,-0.34567567399895416,-0.6497622305274807,-0.6747666203568196,-0.6340606814605939,1.684865452518453,-0.6518735964139912
-1.536456995657261,-1.3763605429463528,1.3645643027610024,0.8927360323896893,0.3250023554554625,-0.011823964486245425,0.9284111225878381,-1.2895281190468464,-0.35752796480589355,-0.6340606814605939,1.684865452518453,0.9192847463529197
1.3894008367750128,1.5355576710312535,-1.3903604160370207,1.480449022771315,-1.2611487204618759,-0.6509571799589724,-0.34567567399895416,-1.2895281190468464,0.5941880018468845,1.5771361152633603,-0.5935192026789141,0.6050530777995375
-1.0276121552342568,-0.4002310517806527,-1.1399127143281094,0.8927360323896893,-0.6266882900949404,-0.9705237876953359,0.60988942344114,-0.9696451747871635,-0.9920052759077457,-0.6340606814605939,-0.5935192026789141,-0.023410259307226837
0.8805559963520088,-0.9196932485672418,-0.639017310910287,-0.2826899483735619,0.9594627858223979,-0.011823964486245425,0.9284111225878381,-0.009996342008115089,-1.3092439314586717,-0.6340606814605939,-0.5935192026789141,-1.2803369335207555
-0.2643448945997506,-1.3378919128704434,0.3627734959253576,0.3050230420080638,-0.6266882900949404,-0.3313905722226089,0.9284111225878381,1.269535435030616,0.2769493462959585,-0.6340606814605939,-0.5935192026789141,-0.023410259307226837
1.1349784165635108,-1.5084799910354827,1.3645643027610024,-0.2826899483735619,0.6422325706389302,-0.3313905722226089,1.2469328217345361,-0.009996342008115089,-0.9920052759077457,1.5771361152633603,-0.5935192026789141,-0.023410259307226837
-1.0276121552342568,1.126945776745291,-1.3903604160370207,-0.2826899483735619,1.593923216189333,1.2664424664592087,-1.3012407714390484,-0.3298792862677979,-0.9920052759077457,1.5771361152633603,-0.5935192026789141,-0.6518735964139912
-1.536456995657261,0.6750897343102418,-0.3885696092013759,-1.458115929136813,0.3250023554554625,-0.3313905722226089,0.29136772429444197,0.9496524907709334,-0.6747666203568196,1.5771361152633603,-0.5935192026789141,0.9192847463529197
0.3717111559290046,-1.446754167711951,-0.1381219074924647,-0.8704029387551875,1.2766930010058655,-0.9705237876953359,0.60988942344114,-1.609411063306529,0.9114266573978106,-0.6340606814605939,-0.5935192026789141,1.5477480834596842
1.3894008367750128,0.22459832111790362,-0.1381219074924647,1.480449022771315,-0.9439185052784081,0.3077426432501181,0.60988942344114,-0.9696451747871635,-0.35752796480589355,1.5771361152633603,-0.5935192026789141,1.5477480834596842
-1.6636682057630119,0.48989951759094186,-0.1381219074924647,-0.8704029387551875,0.007772140271994877,0.6273092509864816,-1.6197624705857465,-1.2895281190468464,0.9114266573978106,-0.6340606814605939,-0.5935192026789141,-1.2803369335207555
0.6261335761405067,1.2301399366617336,0.6132211976342689,-0.8704029387551875,1.593923216189333,0.9468758587228451,-0.9827190722923503,-0.009996342008115089,-1.6264825870095976,-0.6340606814605939,1.684865452518453,1.2335164149063018
1.516612046880764,-0.3359864555127832,0.3627734959253576,1.480449022771315,-1.2611487204618759,-0.6509571799589724,-1.3012407714390484,-0.3298792862677979,0.2769493462959585,1.5771361152633603,-0.5935192026789141,-0.6518735964139912
0.3717111559290046,1.7164466173822297,-1.6408081177459317,1.480449022771315,0.007772140271994877,0.6273092509864816,1.2469328217345361,0.6297695465112505,-1.3092439314586717,-0.6340606814605939,-0.5935192026789141,-0.9661052649673734
-1.40924578555151,0.6319127126048754,0.3627734959253576,0.8927360323896893,1.593923216189333,0.6273092509864816,0.29136772429444197,0.3098866022515677,0.2769493462959585,-0.6340606814605939,1.684865452518453,-0.9661052649673734
0.49892236603475565,0.8730064626517837,0.6132211976342689,0.3050230420080638,0.007772140271994877,0.3077426432501181,-0.34567567399895416,-1.609411063306529,1.2286653129487366,1.5771361152633603,-0.5935192026789141,0.9192847463529197
0.3717111559290046,-0.18760189211283476,-0.639017310910287,-1.458115929136813,-1.2611487204618759,-1.6096570031680628,-1.6197624705857465,1.269535435030616,-0.35752796480589355,-0.6340606814605939,-0.5935192026789141,-0.33764192786060904
-0.3915561047055016,0.2712135986026258,0.86366889934318,1.480449022771315,-0.30945807491147276,-0.9705237876953359,0.60988942344114,-1.609411063306529,-0.35752796480589355,1.5771361152633603,-0.5935192026789141,-0.6518735964139912
-1.1548233653400077,-1.6412709072070424,0.11232579421644646,-0.8704029387551875,-0.6266882900949404,0.6273092509864816,-0.9827190722923503,1.269535435030616,-0.35752796480589355,-0.6340606814605939,-0.5935192026789141,-0.6518735964139912
-0.2643448945997506,-0.10186294538919505,0.86366889934318,0.3050230420080638,-0.6266882900949404,1.2664424664592087,-0.027153974852256096,-0.9696451747871635,-1.3092439314586717,-0.6340606814605939,-0.5935192026789141,-0.023410259307226837
-1.536456995657261,0.8946796689472057,-0.8894650126191982,0.8927360323896893,1.2766930010058655,0.6273092509864816,0.29136772429444197,-0.3298792862677979,1.2286653129487366,-0.6340606814605939,-0.5935192026789141,-1.5945686020741379
-1.536456995657261,1.703084109184458,-1.3903604160370207,0.8927360323896893,-0.30945807491147276,-0.9705237876953359,1.5654545208812343,-0.6497622305274807,-0.6747666203568196,-0.6340606814605939,-0.5935192026789141,-0.023410259307226837
-1.282034575445759,-0.2185952595546921,-0.3885696092013759,-0.8704029387551875,-1.2611487204618759,1.5860090741955721,-0.6641973731456523,-0.6497622305274807,1.5459039684996627,1.5771361152633603,-0.5935192026789141,0.9192847463529197
-0.009922474388248505,-0.2074776686794993,1.3645643027610024,-0.8704029387551875,-0.9439185052784081,0.6273092509864816,-1.6197624705857465,1.589418379290299,-0.6747666203568196,-0.6340606814605939,-0.5935192026789141,-0.33764192786060904
0.24449994582325357,0.05804778028590833,1.3645643027610024,1.480449022771315,0.6422325706389302,-0.9705237876953359,0.9284111225878381,-0.6497622305274807,-0.35752796480589355,-0.6340606814605939,-0.5935192026789141,-0.6518735964139912
1.516612046880764,1.234728527773558,-0.1381219074924647,0.8927360323896893,1.593923216189333,0.3077426432501181,-0.6641973731456523,-0.9696451747871635,1.2286653129487366,-0.6340606814605939,1.684865452518453,-1.5945686020741379
1.1349784165635108,-1.3313451501781968,0.6132211976342689,-0.2826899483735619,0.9594627858223979,-1.2900903954316993,-0.34567567399895416,0.6297695465112505,-0.9920052759077457,-0.6340606814605939,-0.5935192026789141,0.29082140924615535
-0.9004009451285058,-0.5064556582025302,0.11232579421644646,-1.458115929136813,0.6422325706389302,-0.6509571799589724,1.5654545208812343,-0.3298792862677979,-0.040289309254967536,1.5771361152633603,-0.5935192026789141,-1.5945686020741379
1.516612046880764,1.2557289655238237,0.6132211976342689,0.3050230420080638,-0.9439185052784081,0.3077426432501181,0.60988942344114,0.6297695465112505,1.2286653129487366,1.5771361152633603,1.684865452518453,-0.9661052649673734
-0.9004009451285058,1.396606887465971,1.114116601052091,-1.458115929136813,0.9594627858223979,1.2664424664592087,0.60988942344114,-0.3298792862677979,0.9114266573978106,-0.6340606814605939,1.684865452518453,0.9192847463529197
1.516612046880764,0.972949015505801,-0.3885696092013759,-0.8704029387551875,-0.30945807491147276,1.5860090741955721,0.9284111225878381,0.3098866022515677,-0.6747666203568196,-0.6340606814605939,-0.5935192026789141,-0.9661052649673734
-0.7731897350227547,0.8730023603132012,-1.3903604160370207,-0.2826899483735619,-0.9439185052784081,-0.9705237876953359,-1.3012407714390484,-1.609411063306529,-0.35752796480589355,-0.6340606814605939,-0.5935192026789141,1.2335164149063018
-1.1548233653400077,-1.1469610075150105,0.11232579421644646,-1.458115929136813,0.007772140271994877,0.9468758587228451,0.29136772429444197,-0.6497622305274807,-1.3092439314586717,-0.6340606814605939,1.684865452518453,-0.023410259307226837
0.3717111559290046,1.6672116951346057,1.114116601052091,0.3050230420080638,0.6422325706389302,-1.6096570031680628,-0.9827190722923503,1.589418379290299,-0.040289309254967536,1.5771361152633603,1.684865452518453,0.6050530777995375
-0.7731897350227547,-0.5417820925142903,1.114116601052091,-0.8704029387551875,-0.30945807491147276,1.5860090741955721,-0.6641973731456523,-1.2895281190468464,1.2286653129487366,-0.6340606814605939,-0.5935192026789141,-0.6518735964139912
-0.13713368449399954,0.47085063039086045,0.3627734959253576,-0.8704029387551875,-0.9439185052784081,0.9468758587228451,0.9284111225878381,-0.009996342008115089,-1.6264825870095976,-0.6340606814605939,-0.5935192026789141,1.5477480834596842
1.1349784165635108,0.2711671795106121,-0.3885696092013759,0.8927360323896893,0.3250023554554625,-0.6509571799589724,0.9284111225878381,0.3098866022515677,0.5941880018468845,-0.6340606814605939,-0.5935192026789141,-0.9661052649673734
1.2621896266692618,-0.04064014627463169,-0.1381219074924647,0.8927360323896893,-0.6266882900949404,-0.011823964486245425,-0.34567567399895416,0.9496524907709334,-1.6264825870095976,-0.6340606814605939,-0.5935192026789141,-1.5945686020741379
1.643823256986515,-1.041317815740806,-0.639017310910287,0.3050230420080638,-1.2611487204618759,0.3077426432501181,-0.6641973731456523,-0.9696451747871635,-1.3092439314586717,-0.6340606814605939,1.684865452518453,-0.6518735964139912
1.643823256986515,0.7741218941524777,-0.3885696092013759,-1.458115929136813,1.593923216189333,-0.3313905722226089,0.29136772429444197,-0.9696451747871635,-0.6747666203568196,-0.6340606814605939,1.684865452518453,-0.33764192786060904
-1.1548233653400077,-1.6951949901069268,-1.1399127143281094,-1.458115929136813,-1.2611487204618759,-0.9705237876953359,-0.6641973731456523,-0.009996342008115089,-0.6747666203568196,-0.6340606814605939,-0.5935192026789141,-0.6518735964139912
-1.40924578555151,0.6591784394968352,-0.639017310910287,-1.458115929136813,-0.6266882900949404,-0.3313905722226089,-1.6197624705857465,0.9496524907709334,-1.6264825870095976,-0.6340606814605939,-0.5935192026789141,0.9192847463529197
0.49892236603475565,1.5678028432226652,0.86366889934318,-0.8704029387551875,1.2766930010058655,-0.9705237876953359,-0.027153974852256096,1.269535435030616,-0.9920052759077457,-0.6340606814605939,-0.5935192026789141,-0.9661052649673734
-0.7731897350227547,0.5569548534006036,0.11232579421644646,1.480449022771315,0.9594627858223979,-0.011823964486245425,-1.3012407714390484,0.3098866022515677,-1.3092439314586717,1.5771361152633603,-0.5935192026789141,-0.33764192786060904
1.1349784165635108,0.5242886427256237,0.3627734959253576,-0.2826899483735619,-1.2611487204618759,-1.2900903954316993,1.5654545208812343,1.589418379290299,1.5459039684996627,-0.6340606814605939,-0.5935192026789141,-1.5945686020741379
-0.2643448945997506,0.9958283840233515,1.3645643027610024,1.480449022771315,-0.30945807491147276,0.3077426432501181,-1.6197624705857465,1.589418379290299,1.5459039684996627,-0.6340606814605939,1.684865452518453,-0.9661052649673734
0.24449994582325357,-1.5525757860219043,-0.639017310910287,1.480449022771315,-0.9439185052784081,1.2664424664592087,-1.3012407714390484,-0.9696451747871635,0.5941880018468845,-0.6340606814605939,-0.5935192026789141,-0.33764192786060904
-0.2643448945997506,1.0693730141490116,-0.1381219074924647,-1.458115929136813,1.593923216189333,-1.6096570031680628,1.2469328217345361,-0.3298792862677979,0.9114266573978106,-0.6340606814605939,-0.5935192026789141,1.2335164149063018
1.0077672064577599,-0.3855507967289361,1.6150120044699134,-1.458115929136813,-1.5783789356453435,-0.6509571799589724,-0.027153974852256096,1.269535435030616,0.5941880018468845,-0.6340606814605939,1.684865452518453,-0.6518735964139912
-1.40924578555151,-0.32890409307685,0.86366889934318,-0.2826899483735619,-0.6266882900949404,0.6273092509864816,-0.9827190722923503,0.9496524907709334,0.2769493462959585,1.5771361152633603,1.684865452518453,-0.6518735964139912
-0.009922474388248505,0.5601438008057636,0.3627734959253576,0.8927360323896893,1.2766930010058655,0.6273092509864816,-0.9827190722923503,-1.2895281190468464,0.9114266573978106,1.5771361152633603,-0.5935192026789141,0.29082140924615535
0.7533447862462577,-0.8656611788620563,-0.1381219074924647,1.480449022771315,0.007772140271994877,-0.011823964486245425,0.60988942344114,-1.609411063306529,0.2769493462959585,-0.6340606814605939,-0.5935192026789141,0.29082140924615535
-0.009922474388248505,-1.5531758926505774,0.6132211976342689,-0.8704029387551875,0.3250023554554625,-1.6096570031680628,1.5654545208812343,-1.2895281190468464,-0.040289309254967536,-0.6340606814605939,-0.5935192026789141,-0.023410259307226837
-1.40924578555151,0.6966334068774204,0.11232579421644646,0.8927360323896893,-0.6266882900949404,-0.9705237876953359,-0.9827190722923503,-1.609411063306529,-0.6747666203568196,-0.6340606814605939,-0.5935192026789141,0.9192847463529197
1.1349784165635108,-0.5706669754784398,1.6150120044699134,-0.8704029387551875,1.593923216189333,0.3077426432501181,-0.34567567399895416,1.589418379290299,-0.35752796480589355,-0.6340606814605939,-0.5935192026789141,-0.33764192786060904
-1.0276121552342568,0.0166154257067929,1.3645643027610024,-0.2826899483735619,1.2766930010058655,-0.6509571799589724,0.9284111225878381,0.9496524907709334,-1.6264825870095976,1.5771361152633603,-0.5935192026789141,-1.5945686020741379
1.2621896266692618,-0.9912587067363511,-0.8894650126191982,0.3050230420080638,0.007772140271994877,0.3077426432501181,0.60988942344114,-0.6497622305274807,1.2286653129487366,-0.6340606814605939,-0.5935192026789141,0.9192847463529197
0.6261335761405067,0.8153526349958247,0.11232579421644646,1.480449022771315,-1.5783789356453435,-0.6509571799589724,0.29136772429444197,-1.2895281190468464,-0.35752796480589355,1.5771361152633603,-0.5935192026789141,-1.5945686020741379
1.0077672064577599,-0.8023666896832736,0.11232579421644646,-1.458115929136813,1.593923216189333,-1.2900903954316993,-0.34567567399895416,-0.9696451747871635,0.2769493462959585,-0.6340606814605939,-0.5935192026789141,-0.6518735964139912
1.3894008367750128,0.24178631835669664,-1.3903604160370207,1.480449022771315,-0.30945807491147276,-1.6096570031680628,1.5654545208812343,-0.009996342008115089,0.5941880018468845,1.5771361152633603,-0.5935192026789141,1.2335164149063018
-1.6636682057630119,-1.045240194877707,1.114116601052091,0.8927360323896893,-0.9439185052784081,-1.2900903954316993,0.9284111225878381,0.9496524907709334,1.5459039684996627,1.5771361152633603,-0.5935192026789141,0.9192847463529197
-0.009922474388248505,-1.3561979848641823,-0.8894650126191982,0.3050230420080638,0.9594627858223979,1.5860090741955721,-0.34567567399895416,-1.609411063306529,-0.9920052759077457,-0.6340606814605939,-0.5935192026789141,-1.2803369335207555
-1.1548233653400077,1.680609147880934,-0.8894650126191982,0.8927360323896893,-1.2611487204618759,1.5860090741955721,-1.6197624705857465,-0.009996342008115089,-1.6264825870095976,1.5771361152633603,1.684865452518453,1.2335164149063018
0.24449994582325357,0.1614275863058304,0.11232579421644646,-0.8704029387551875,0.6422325706389302,-0.3313905722226089,-0.9827190722923503,-1.2895281190468464,0.2769493462959585,1.5771361152633603,1.684865452518453,-0.33764192786060904
-1.282034575445759,0.26266410436945653,-1.3903604160370207,0.8927360323896893,0.9594627858223979,-0.011823964486245425,-0.34567567399895416,-0.6497622305274807,1.5459039684996627,-0.6340606814605939,-0.5935192026789141,0.6050530777995375
-0.7731897350227547,-1.0931199913126295,-0.3885696092013759,-0.2826899483735619,0.007772140271994877,1.2664424664592087,-0.34567567399895416,1.269535435030616,1.2286653129487366,-0.6340606814605939,1.684865452518453,0.29082140924615535
0.3717111559290046,0.5739560721212529,1.114116601052091,-0.2826899483735619,0.007772140271994877,0.6273092509864816,0.60988942344114,-1.609411063306529,-1.3092439314586717,1.5771361152633603,1.684865452518453,-0.023410259307226837
1.3894008367750128,-0.48667331767249195,-1.1399127143281094,1.480449022771315,-0.6266882900949404,-0.3313905722226089,-0.6641973731456523,0.6297695465112505,0.5941880018468845,1.5771361152633603,1.684865452518453,-0.33764192786060904
0.49892236603475565,-0.11557888296596712,0.6132211976342689,-1.458115929136813,-1.2611487204618759,-1.6096570031680628,-1.6197624705857465,0.9496524907709334,-0.6747666203568196,-0.6340606814605939,-0.5935192026789141,0.9192847463529197
0.6261335761405067,0.13770349279775104,0.6132211976342689,-0.8704029387551875,0.007772140271994877,0.6273092509864816,0.60988942344114,-1.2895281190468464,-1.3092439314586717,-0.6340606814605939,-0.5935192026789141,0.9192847463529197
1.2621896266692618,0.8045793096717172,0.86366889934318,0.8927360323896893,1.2766930010058655,-0.9705237876953359,0.9284111225878381,0.3098866022515677,-0.9920052759077457,-0.6340606814605939,-0.5935192026789141,-1.2803369335207555
-1.1548233653400077,-1.641380001609451,1.3645643027610024,0.8927360323896893,0.3250023554554625,-1.2900903954316993,-0.6641973731456523,-1.2895281190468464,-0.6747666203568196,-0.6340606814605939,-0.5935192026789141,0.6050530777995375
-0.009922474388248505,1.5919466458277676,0.86366889934318,-1.458115929136813,0.6422325706389302,-0.9705237876953359,1.2469328217345361,-0.6497622305274807,-1.6264825870095976,-0.6340606814605939,-0.5935192026789141,-0.9661052649673734
-1.0276121552342568,0.4580551792339115,-1.3903604160370207,0.3050230420080638,-1.2611487204618759,-0.3313905722226089,0.60988942344114,0.6297695465112505,-0.040289309254967536,-0.6340606814605939,1.684865452518453,1.5477480834596842
-1.6636682057630119,0.055696729441435944,-0.639017310910287,-1.458115929136813,1.593923216189333,-0.3313905722226089,-0.9827190722923503,-0.6497622305274807,-0.040289309254967536,-0.6340606814605939,-0.5935192026789141,-1.5945686020741379
1.2621896266692618,-0.6696009831691765,-0.639017310910287,-0.2826899483735619,0.9594627858223979,1.2664424664592087,0.60988942344114,-0.6497622305274807,1.2286653129487366,-0.6340606814605939,-0.5935192026789141,-1.2803369335207555
-1.1548233653400077,-0.39236486319984437,-0.8894650126191982,-0.8704029387551875,0.9594627858223979,1.5860090741955721,1.5654545208812343,-1.609411063306529,-0.6747666203568196,1.5771361152633603,1.684865452518453,-0.023410259307226837
-1.40924578555151,1.1457996818723917,1.6150120044699134,-0.8704029387551875,0.3250023554554625,1.5860090741955721,-0.9827190722923503,-1.609411063306529,1.5459039684996627,-0.6340606814605939,1.684865452518453,-0.9661052649673734
-0.3915561047055016,-0.40285278986001927,0.11232579421644646,0.3050230420080638,0.6422325706389302,-1.2900903954316993,-0.9827190722923503,1.269535435030616,0.2769493462959585,1.5771361152633603,1.684865452518453,0.9192847463529197
0.6261335761405067,-1.244374263401377,-0.8894650126191982,0.8927360323896893,1.593923216189333,0.3077426432501181,0.29136772429444197,1.589418379290299,0.2769493462959585,-0.6340606814605939,-0.5935192026789141,1.2335164149063018
-1.536456995657261,-1.2825586764612613,-1.3903604160370207,-0.2826899483735619,-0.30945807491147276,-0.6509571799589724,-0.6641973731456523,-0.9696451747871635,0.2769493462959585,-0.6340606814605939,-0.5935192026789141,1.5477480834596842
0.11728873571750253,1.1082239175495578,0.3627734959253576,0.8927360323896893,-0.9439185052784081,-0.6509571799589724,-0.6641973731456523,-0.3298792862677979,-0.6747666203568196,1.5771361152633603,-0.5935192026789141,-1.5945686020741379
1.2621896266692618,1.4755466623031168,0.3627734959253576,-0.2826899483735619,-0.30945807491147276,-0.3313905722226089,-1.3012407714390484,-0.009996342008115089,0.5941880018468845,-0.6340606814605939,1.684865452518453,-0.6518735964139912
1.0077672064577599,-1.2438552623518362,-0.3885696092013759,0.3050230420080638,0.007772140271994877,1.5860090741955721,1.5654545208812343,1.589418379290299,-0.6747666203568196,1.5771361152633603,-0.5935192026789141,0.29082140924615535
0.3717111559290046,0.5378725470263079,-0.8894650126191982,0.8927360323896893,-1.2611487204618759,-0.6509571799589724,-1.6197624705857465,-0.9696451747871635,0.5941880018468845,-0.6340606814605939,-0.5935192026789141,-0.33764192786060904
-1.1548233653400077,0.5229583823074269,-1.6408081177459317,0.3050230420080638,-1.5783789356453435,1.2664424664592087,0.9284111225878381,0.9496524907709334,1.2286653129487366,-0.6340606814605939,-0.5935192026789141,1.2335164149063018
-0.3915561047055016,0.25914715273610844,1.6150120044699134,-1.458115929136813,0.007772140271994877,1.5860090741955721,0.9284111225878381,0.3098866022515677,1.5459039684996627,-0.6340606814605939,-0.5935192026789141,0.6050530777995375
-1.282034575445759,-1.734490674664527,-0.1381219074924647,0.3050230420080638,-0.30945807491147276,1.2664424664592087,0.29136772429444197,-0.009996342008115089,1.5459039684996627,-0.6340606814605939,1.684865452518453,-0.9661052649673734
-0.3915561047055016,1.1831099778530794,0.86366889934318,-0.8704029387551875,0.007772140271994877,-0.3313905722226089,-0.34567567399895416,1.269535435030616,-0.040289309254967536,-0.6340606814605939,-0.5935192026789141,-1.5945686020741379
1.643823256986515,0.2274394341440173,-0.1381219074924647,-1.458115929136813,0.3250023554554625,-0.6509571799589724,-1.6197624705857465,-1.609411063306529,-1.6264825870095976,-0.6340606814605939,-0.5935192026789141,-0.023410259307226837
0.49892236603475565,-0.7585945596798157,0.86366889934318,-1.458115929136813,0.9594627858223979,1.2664424664592087,0.9284111225878381,1.269535435030616,0.5941880018468845,-0.6340606814605939,-0.5935192026789141,0.9192847463529197
1.0077672064577599,-0.9583327518238957,1.3645643027610024,0.8927360323896893,0.007772140271994877,-0.011823964486245425,0.9284111225878381,-1.2895281190468464,-0.6747666203568196,1.5771361152633603,-0.5935192026789141,1.2335164149063018
-1.536456995657261,1.4589865032943656,-1.3903604160370207,0.8927360323896893,0.3250023554554625,-0.3313905722226089,-1.6197624705857465,0.3098866022515677,-1.6264825870095976,-0.6340606814605939,1.684865452518453,0.6050530777995375
-1.40924578555151,1.6736670272573668,-1.3903604160370207,-0.8704029387551875,0.3250023554554625,-0.9705237876953359,0.9284111225878381,0.9496524907709334,-0.6747666203568196,-0.6340606814605939,-0.5935192026789141,-0.023410259307226837
-0.13713368449399954,1.704132922205251,1.3645643027610024,0.3050230420080638,0.6422325706389302,-0.011823964486245425,0.9284111225878381,1.589418379290299,-0.040289309254967536,-0.6340606814605939,-0.5935192026789141,-1.2803369335207555
1.643823256986515,1.2702106264441917,0.6132211976342689,0.3050230420080638,0.007772140271994877,-0.3313905722226089,-0.9827190722923503,-1.2895281190468464,0.9114266573978106,-0.6340606814605939,-0.5935192026789141,0.29082140924615535
1.516612046880764,-1.532007349038,0.11232579421644646,-0.2826899483735619,0.9594627858223979,0.9468758587228451,-0.34567567399895416,0.3098866022515677,-1.6264825870095976,-0.6340606814605939,1.684865452518453,-0.9661052649673734
0.8805559963520088,0.37925978580494585,1.114116601052091,0.3050230420080638,-0.9439185052784081,0.9468758587228451,-1.3012407714390484,1.269535435030616,0.2769493462959585,1.5771361152633603,1.684865452518453,-0.33764192786060904
-1.6636682057630119,-0.7661718631630077,-0.8894650126191982,1.480449022771315,0.6422325706389302,-0.6509571799589724,-1.6197624705857465,1.589418379290299,-0.040289309254967536,-0.6340606814605939,1.684865452518453,0.6050530777995375
-0.5187673148112526,0.014608295750240237,0.6132211976342689,0.8927360323896893,1.593923216189333,-0.3313905722226089,-0.6641973731456523,-0.6497622305274807,0.9114266573978106,1.5771361152633603,-0.5935192026789141,-1.2803369335207555
-1.282034575445759,0.07967276808700108,-1.1399127143281094,1.480449022771315,0.9594627858223979,0.6273092509864816,1.5654545208812343,-0.009996342008115089,0.2769493462959585,-0.6340606814605939,-0.5935192026789141,1.2335164149063018
-1.6636682057630119,-0.6898102892472221,1.114116601052091,-1.458115929136813,-1.2611487204618759,1.5860090741955721,-0.34567567399895416,-1.2895281190468464,-0.9920052759077457,-0.6340606814605939,-0.5935192026789141,0.9192847463529197
0.8805559963520088,0.43224920417416496,0.11232579421644646,0.3050230420080638,-1.2611487204618759,1.2664424664592087,-0.34567567399895416,1.269535435030616,-1.6264825870095976,-0.6340606814605939,1.684865452518453,1.5477480834596842
0.11728873571750253,1.3278295488091205,-1.3903604160370207,0.3050230420080638,0.6422325706389302,-1.2900903954316993,1.2469328217345361,-0.6497622305274807,-1.3092439314586717,-0.6340606814605939,1.684865452518453,-0.9661052649673734
0.3717111559290046,0.6212490381710716,-0.639017310910287,-0.8704029387551875,0.6422325706389302,-1.6096570031680628,0.9284111225878381,0.3098866022515677,-0.35752796480589355,-0.6340606814605939,-0.5935192026789141,-1.2803369335207555
0.49892236603475565,-1.112943488926213,0.6132211976342689,0.8927360323896893,-0.6266882900949404,0.6273092509864816,0.29136772429444197,0.9496524907709334,1.2286653129487366,-0.6340606814605939,-0.5935192026789141,1.2335164149063018
1.2621896266692618,-0.9919202415657549,1.3645643027610024,0.8927360323896893,1.2766930010058655,0.6273092509864816,1.2469328217345361,-1.2895281190468464,1.2286653129487366,-0.6340606814605939,-0.5935192026789141,-0.9661052649673734
-0.9004009451285058,0.9378474230817856,0.86366889934318,-1.458115929136813,-0.30945807491147276,-0.6509571799589724,-1.3012407714390484,1.589418379290299,0.2769493462959585,-0.6340606814605939,-0.5935192026789141,-1.2803369335207555
-1.6636682057630119,0.9429707282911137,0.86366889934318,0.8927360323896893,0.9594627858223979,0.3077426432501181,-1.3012407714390484,-1.609411063306529,1.5459039684996627,1.5771361152633603,-0.5935192026789141,-1.5945686020741379
-0.13713368449399954,1.2437336691951169,-0.1381219074924647,0.3050230420080638,0.007772140271994877,-0.011823964486245425,1.2469328217345361,-0.9696451747871635,-0.040289309254967536,1.5771361152633603,-0.5935192026789141,0.6050530777995375
1.516612046880764,1.0001060791613543,0.6132211976342689,-0.2826899483735619,-0.9439185052784081,-1.2900903954316993,-0.9827190722923503,0.3098866022515677,-1.3092439314586717,-0.6340606814605939,-0.5935192026789141,-0.6518735964139912
-0.9004009451285058,0.6004566002703725,-0.639017310910287,-1.458115929136813,1.593923216189333,-1.6096570031680628,-1.6197624705857465,-0.9696451747871635,1.2286653129487366,-0.6340606814605939,-0.5935192026789141,0.9192847463529197
-0.009922474388248505,-0.7556786204928613,1.3645643027610024,0.8927360323896893,1.2766930010058655,-1.6096570031680628,-1.6197624705857465,-1.2895281190468464,-1.6264825870095976,-0.6340606814605939,-0.5935192026789141,-0.33764192786060904
-0.5187673148112526,0.3165995754560598,-1.3903604160370207,1.480449022771315,-0.30945807491147276,1.2664424664592087,-0.34567567399895416,-0.009996342008115089,0.2769493462959585,-0.6340606814605939,1.684865452518453,0.29082140924615535
0.7533447862462577,0.45191195881278473,-0.8894650126191982,1.480449022771315,0.007772140271994877,1.5860090741955721,0.29136772429444197,-0.009996342008115089,1.2286653129487366,-0.6340606814605939,-0.5935192026789141,-1.5945686020741379
0.6261335761405067,-1.4949949033867918,-0.1381219074924647,-0.2826899483735619,-0.6266882900949404,0.6273092509864816,-1.6197624705857465,-1.2895281190468464,-0.6747666203568196,1.5771361152633603,-0.5935192026789141,1.2335164149063018
-0.7731897350227547,0.0032060230147344876,-0.1381219074924647,0.3050230420080638,0.007772140271994877,0.6273092509864816,1.2469328217345361,1.589418379290299,0.9114266573978106,-0.6340606814605939,-0.5935192026789141,-0.33764192786060904
0.8805559963520088,0.6146714697131597,-0.639017310910287,-1.458115929136813,0.6422325706389302,1.2664424664592087,-1.3012407714390484,0.3098866022515677,0.9114266573978106,-0.6340606814605939,1.684865452518453,0.29082140924615535
1.2621896266692618,0.8465774074695742,-1.3903604160370207,1.480449022771315,0.007772140271994877,0.9468758587228451,-0.34567567399895416,0.6297695465112505,-0.6747666203568196,1.5771361152633603,-0.5935192026789141,-0.6518735964139912
-0.009922474388248505,-0.6760704915701525,0.11232579421644646,0.3050230420080638,0.3250023554554625,0.9468758587228451,-0.9827190722923503,-0.6497622305274807,0.2769493462959585,-0.6340606814605939,1.684865452518453,0.29082140924615535
1.0077672064577599,-0.02681716246297272,0.11232579421644646,0.8927360323896893,0.6422325706389302,-1.2900903954316993,1.5654545208812343,-0.3298792862677979,-0.6747666203568196,-0.6340606814605939,-0.5935192026789141,-0.33764192786060904
-1.282034575445759,-0.5431545519025421,-0.3885696092013759,-0.2826899483735619,0.3250023554554625,1.2664424664592087,-0.34567567399895416,1.269535435030616,-1.3092439314586717,-0.6340606814605939,1.684865452518453,0.9192847463529197
0.49892236603475565,0.3981984567799867,1.114116601052091,0.3050230420080638,0.007772140271994877,-1.6096570031680628,-0.34567567399895416,0.9496524907709334,1.5459039684996627,-0.6340606814605939,-0.5935192026789141,1.2335164149063018
0.8805559963520088,-0.49577044518464547,0.3627734959253576,-0.2826899483735619,1.2766930010058655,-0.9705237876953359,-1.3012407714390484,-0.009996342008115089,0.2769493462959585,-0.6340606814605939,-0.5935192026789141,-0.023410259307226837
1.643823256986515,-1.6920677964572957,-0.8894650126191982,-0.2826899483735619,0.6422325706389302,-0.9705237876953359,0.29136772429444197,0.6297695465112505,1.2286653129487366,-0.6340606814605939,-0.5935192026789141,-1.5945686020741379
-0.9004009451285058,1.27640083724795,1.3645643027610024,1.480449022771315,-0.6266882900949404,-1.6096570031680628,-0.6641973731456523,-0.6497622305274807,-1.6264825870095976,-0.6340606814605939,1.684865452518453,-1.5945686020741379
0.49892236603475565,-1.257239327093694,1.3645643027610024,-1.458115929136813,-1.5783789356453435,-0.9705237876953359,0.60988942344114,1.589418379290299,-0.6747666203568196,1.5771361152633603,-0.5935192026789141,1.5477480834596842
-1.0276121552342568,-0.3099068107481093,0.11232579421644646,-0.2826899483735619,-1.5783789356453435,-0.6509571799589724,0.29136772429444197,-0.009996342008115089,-0.040289309254967536,-0.6340606814605939,-0.5935192026789141,0.9192847463529197
-0.2643448945997506,1.1709572092814844,0.6132211976342689,0.3050230420080638,-1.5783789356453435,0.3077426432501181,0.60988942344114,-0.009996342008115089,0.9114266573978106,-0.6340606814605939,-0.5935192026789141,-1.2803369335207555
-0.9004009451285058,1.600326800067167,-0.8894650126191982,-0.2826899483735619,-0.9439185052784081,-0.3313905722226089,1.5654545208812343,-1.609411063306529,-0.35752796480589355,-0.6340606814605939,1.684865452518453,1.5477480834596842
-1.282034575445759,-0.31640602873212126,1.3645643027610024,-0.8704029387551875,0.007772140271994877,0.9468758587228451,-0.6641973731456523,1.589418379290299,-0.6747666203568196,-0.6340606814605939,-0.5935192026789141,-1.2803369335207555
0.8805559963520088,0.987530935358137,-1.1399127143281094,-1.458115929136813,-0.6266882900949404,0.6273092509864816,-0.9827190722923503,1.589418379290299,-1.3092439314586717,-0.6340606814605939,-0.5935192026789141,-0.023410259307226837
0.7533447862462577,0.07902782639735091,-0.8894650126191982,-0.8704029387551875,-0.30945807491147276,-1.2900903954316993,-0.9827190722923503,-0.3298792862677979,-0.9920052759077457,-0.6340606814605939,-0.5935192026789141,0.9192847463529197
-1.536456995657261,-0.9731914503357445,-1.6408081177459317,-0.2826899483735619,0.6422325706389302,0.9468758587228451,0.60988942344114,-0.6497622305274807,0.2769493462959585,-0.6340606814605939,-0.5935192026789141,1.5477480834596842
0.49892236603475565,1.2253260349432882,1.114116601052091,1.480449022771315,-0.30945807491147276,-0.9705237876953359,-0.027153974852256096,1.269535435030616,0.2769493462959585,-0.6340606814605939,-0.5935192026789141,-1.2803369335207555
0.49892236603475565,0.7814538750157187,-0.1381219074924647,1.480449022771315,1.593923216189333,0.6273092509864816,0.60988942344114,-1.2895281190468464,-1.3092439314586717,-0.6340606814605939,1.684865452518453,1.5477480834596842
1.2621896266692618,-0.17833842773405717,0.11232579421644646,0.3050230420080638,0.9594627858223979,0.6273092509864816,0.60988942344114,-0.6497622305274807,0.2769493462959585,-0.6340606814605939,-0.5935192026789141,-1.2803369335207555
-0.2643448945997506,-1.5813484350822251,0.6132211976342689,-1.458115929136813,-1.2611487204618759,-0.6509571799589724,-0.6641973731456523,-0.6497622305274807,-1.3092439314586717,1.5771361152633603,-0.5935192026789141,-0.9661052649673734
1.643823256986515,1.4972818741506873,0.86366889934318,1.480449022771315,0.6422325706389302,1.5860090741955721,-1.3012407714390484,-1.2895281190468464,-0.35752796480589355,-0.6340606814605939,-0.5935192026789141,1.5477480834596842
1.1349784165635108,1.2915198798432248,-0.8894650126191982,0.8927360323896893,-1.5783789356453435,0.9468758587228451,0.60988942344114,-0.009996342008115089,1.5459039684996627,-0.6340606814605939,1.684865452518453,0.29082140924615535
-0.9004009451285058,-0.7904792825662315,-1.6408081177459317,1.480449022771315,-0.6266882900949404,-0.9705237876953359,-0.34567567399895416,-0.9696451747871635,-0.35752796480589355,-0.6340606814605939,-0.5935192026789141,-1.5945686020741379
1.0077672064577599,1.190333017298755,-1.6408081177459317,-1.458115929136813,-0.30945807491147276,0.6273092509864816,0.29136772429444197,-0.6497622305274807,0.2769493462959585,-0.6340606814605939,1.684865452518453,0.6050530777995375
-0.9004009451285058,0.3418634501010444,1.3645643027610024,0.8927360323896893,0.3250023554554625,-0.6509571799589724,-0.34567567399895416,-0.3298792862677979,-1.6264825870095976,1.5771361152633603,-0.5935192026789141,-0.9661052649673734
1.516612046880764,-1.3770058141289685,-0.3885696092013759,-1.458115929136813,0.9594627858223979,0.9468758587228451,-0.6641973731456523,1.589418379290299,0.5941880018468845,1.5771361152633603,1.684865452518453,-0.023410259307226837
-0.3915561047055016,0.8513083302708163,-0.3885696092013759,0.3050230420080638,0.6422325706389302,-0.9705237876953359,0.29136772429444197,-0.3298792862677979,1.2286653129487366,-0.6340606814605939,-0.5935192026789141,1.2335164149063018
-1.40924578555151,-0.07943207092003234,0.11232579421644646,-1.458115929136813,0.9594627858223979,1.2664424664592087,0.9284111225878381,-0.009996342008115089,-0.35752796480589355,-0.6340606814605939,-0.5935192026789141,-1.5945686020741379
-0.3915561047055016,0.797135168069179,0.86366889934318,-1.458115929136813,-0.30945807491147276,-0.011823964486245425,-0.9827190722923503,0.6297695465112505,0.9114266573978106,-0.6340606814605939,1.684865452518453,-0.33764192786060904
1.516612046880764,-0.4438674754306563,0.86366889934318,0.3050230420080638,-0.9439185052784081,-0.9705237876953359,-0.34567567399895416,-0.009996342008115089,-0.35752796480589355,-0.6340606814605939,-0.5935192026789141,-0.33764192786060904
-1.282034575445759,-0.8180425480764209,1.3645643027610024,0.3050230420080638,-1.2611487204618759,-0.3313905722226089,-0.027153974852256096,0.3098866022515677,1.2286653129487366,-0.6340606814605939,-0.5935192026789141,1.5477480834596842
-0.9004009451285058,1.6918522929600683,0.11232579421644646,1.480449022771315,1.2766930010058655,-0.011823964486245425,-1.3012407714390484,0.3098866022515677,-0.6747666203568196,-0.6340606814605939,-0.5935192026789141,0.29082140924615535
1.0077672064577599,-1.0206753824011072,1.3645643027610024,1.480449022771315,-0.30945807491147276,1.2664424664592087,-1.6197624705857465,-1.2895281190468464,-1.6264825870095976,-0.6340606814605939,-0.5935192026789141,0.9192847463529197
-1.282034575445759,0.2218361412145923,-0.8894650126191982,0.3050230420080638,1.2766930010058655,-0.011823964486245425,-0.9827190722923503,-0.9696451747871635,1.5459039684996627,1.5771361152633603,-0.5935192026789141,-1.2803369335207555
-0.7731897350227547,-1.2508855520643611,-0.3885696092013759,-0.2826899483735619,1.2766930010058655,-0.9705237876953359,1.2469328217345361,0.9496524907709334,-0.6747666203568196,1.5771361152633603,1.684865452518453,0.9192847463529197
1.1349784165635108,-0.527265506722172,-0.3885696092013759,-1.458115929136813,-0.6266882900949404,1.5860090741955721,-1.6197624705857465,0.9496524907709334,-0.35752796480589355,-0.6340606814605939,-0.5935192026789141,1.5477480834596842
-0.13713368449399954,0.7685017022438785,-1.3903604160370207,0.8927360323896893,-1.2611487204618759,0.3077426432501181,-0.6641973731456523,0.9496524907709334,1.2286653129487366,-0.6340606814605939,1.684865452518453,0.29082140924615535
0.11728873571750253,-0.744886356321691,-0.639017310910287,0.3050230420080638,-1.5783789356453435,-0.011823964486245425,1.5654545208812343,0.3098866022515677,1.2286653129487366,1.5771361152633603,-0.5935192026789141,0.6050530777995375
-1.1548233653400077,-1.504061484332992,1.6150120044699134,0.3050230420080638,-1.2611487204618759,0.3077426432501181,0.60988942344114,1.269535435030616,-0.6747666203568196,-0.6340606814605939,-0.5935192026789141,-0.9661052649673734
-0.3915561047055016,-1.5291577109597827,1.6150120044699134,0.8927360323896893,0.007772140271994877,-0.6509571799589724,-0.6641973731456523,-1.2895281190468464,-0.35752796480589355,-0.6340606814605939,-0.5935192026789141,-0.33764192786060904
0.11728873571750253,0.5991996781894413,1.6150120044699134,-0.2826899483735619,-0.6266882900949404,-1.6096570031680628,-0.9827190722923503,-0.6497622305274807,-0.6747666203568196,-0.6340606814605939,-0.5935192026789141,-0.6518735964139912
-1.1548233653400077,1.62283539401433,-0.8894650126191982,1.480449022771315,-0.6266882900949404,0.9468758587228451,-0.027153974852256096,-0.009996342008115089,-0.9920052759077457,1.5771361152633603,-0.5935192026789141,-1.5945686020741379
0.11728873571750253,1.0246908597060007,1.114116601052091,-1.458115929136813,-1.5783789356453435,-0.9705237876953359,0.9284111225878381,1.589418379290299,-0.35752796480589355,1.5771361152633603,-0.5935192026789141,-0.023410259307226837
-0.5187673148112526,1.551880964699073,0.6132211976342689,0.3050230420080638,-1.5783789356453435,-1.6096570031680628,-0.027153974852256096,-0.6497622305274807,0.2769493462959585,-0.6340606814605939,-0.5935192026789141,-0.023410259307226837
0.24449994582325357,0.22276794537831923,-0.639017310910287,-1.458115929136813,-0.30945807491147276,-0.3313905722226089,-0.34567567399895416,-1.2895281190468464,0.2769493462959585,-0.6340606814605939,-0.5935192026789141,-1.2803369335207555
-1.0276121552342568,-1.7369998279382617,-1.1399127143281094,-0.8704029387551875,-0.6266882900949404,0.3077426432501181,1.2469328217345361,1.269535435030616,-0.35752796480589355,-0.6340606814605939,-0.5935192026789141,-0.6518735964139912
-1.1548233653400077,-0.6365346607731066,0.6132211976342689,1.480449022771315,0.9594627858223979,-0.9705237876953359,-0.34567567399895416,-0.6497622305274807,-0.6747666203568196,-0.6340606814605939,1.684865452518453,-0.9661052649673734
-1.6636682057630119,-0.3037747004092705,-1.6408081177459317,0.3050230420080638,-0.30945807491147276,-0.6509571799589724,-0.6641973731456523,-0.9696451747871635,-1.6264825870095976,-0.6340606814605939,-0.5935192026789141,-1.5945686020741379
1.1349784165635108,0.303828391517065,-0.639017310910287,0.8927360323896893,-1.5783789356453435,0.3077426432501181,1.2469328217345361,-0.9696451747871635,1.5459039684996627,-0.6340606814605939,-0.5935192026789141,-1.2803369335207555
0.3717111559290046,1.4739742696847091,0.6132211976342689,-0.2826899483735619,-0.6266882900949404,1.5860090741955721,1.2469328217345361,-0.3298792862677979,-0.9920052759077457,-0.6340606814605939,-0.5935192026789141,0.6050530777995375
-1.6636682057630119,-1.4268367497804917,0.86366889934318,-0.8704029387551875,1.593923216189333,1.5860090741955721,-1.3012407714390484,-0.6497622305274807,0.2769493462959585,-0.6340606814605939,1.684865452518453,0.29082140924615535
-0.13713368449399954,0.7850409612361047,0.3627734959253576,-0.2826899483735619,-0.30945807491147276,-0.9705237876953359,0.60988942344114,-0.6497622305274807,1.5459039684996627,1.5771361152633603,1.684865452518453,1.2335164149063018
-0.7731897350227547,-1.2664097988849958,1.6150120044699134,0.3050230420080638,0.9594627858223979,0.6273092509864816,1.2469328217345361,0.9496524907709334,0.2769493462959585,-0.6340606814605939,-0.5935192026789141,1.5477480834596842
0.8805559963520088,1.234280126128843,-0.8894650126191982,0.3050230420080638,-0.6266882900949404,-0.6509571799589724,-0.6641973731456523,-0.3298792862677979,-0.040289309254967536,1.5771361152633603,-0.5935192026789141,-1.2803369335207555
-0.13713368449399954,-0.19878111015606345,0.3627734959253576,0.8927360323896893,0.9594627858223979,1.2664424664592087,0.29136772429444197,1.269535435030616,-0.9920052759077457,-0.6340606814605939,1.684865452518453,-0.6518735964139912
0.8805559963520088,1.056846240598307,-0.8894650126191982,0.3050230420080638,0.9594627858223979,-0.011823964486245425,0.60988942344114,0.3098866022515677,-1.3092439314586717,1.5771361152633603,-0.5935192026789141,0.29082140924615535
-1.0276121552342568,-0.9050498036215207,0.6132211976342689,-0.2826899483735619,1.2766930010058655,-1.6096570031680628,-0.9827190722923503,-0.3298792862677979,-0.6747666203568196,-0.6340606814605939,-0.5935192026789141,-0.33764192786060904
-1.536456995657261,-1.284854495636607,1.114116601052091,0.8927360323896893,0.3250023554554625,0.3077426432501181,-0.9827190722923503,0.9496524907709334,-1.6264825870095976,1.5771361152633603,-0.5935192026789141,-1.2803369335207555
-0.7731897350227547,-0.7619180543848021,1.3645643027610024,-0.8704029387551875,-0.30945807491147276,-1.2900903954316993,0.29136772429444197,0.3098866022515677,0.5941880018468845,-0.6340606814605939,-0.5935192026789141,-0.6518735964139912
1.0077672064577599,1.424659452168995,-1.3903604160370207,-0.2826899483735619,-1.2611487204618759,1.2664424664592087,0.9284111225878381,0.9496524907709334,0.9114266573978106,-0.6340606814605939,-0.5935192026789141,-0.9661052649673734
0.3717111559290046,-0.07964048098076455,-0.639017310910287,-0.8704029387551875,-0.9439185052784081,-0.6509571799589724,-0.34567567399895416,-0.009996342008115089,1.5459039684996627,1.5771361152633603,1.684865452518453,-0.33764192786060904
0.7533447862462577,0.3337496700862693,0.6132211976342689,-1.458115929136813,-0.30945807491147276,1.5860090741955721,0.9284111225878381,-0.009996342008115089,1.2286653129487366,-0.6340606814605939,-0.5935192026789141,0.6050530777995375
1.1349784165635108,-0.7411105216302826,-0.639017310910287,0.3050230420080638,1.2766930010058655,0.6273092509864816,-0.34567567399895416,1.589418379290299,-1.6264825870095976,-0.6340606814605939,-0.5935192026789141,-0.9661052649673734
1.0077672064577599,0.42368620503338467,0.6132211976342689,-1.458115929136813,0.007772140271994877,0.3077426432501181,-0.6641973731456523,-0.9696451747871635,-0.35752796480589355,1.5771361152633603,-0.5935192026789141,0.9192847463529197
0.8805559963520088,0.16597982866160757,-1.3903604160370207,1.480449022771315,-0.30945807491147276,0.9468758587228451,1.5654545208812343,-0.9696451747871635,-0.9920052759077457,1.5771361152633603,1.684865452518453,1.5477480834596842
0.24449994582325357,0.3846239480430862,1.3645643027610024,-1.458115929136813,-0.30945807491147276,1.2664424664592087,-1.6197624705857465,1.589418379290299,-0.35752796480589355,1.5771361152633603,1.684865452518453,-0.9661052649673734
-1.40924578555151,1.7128859752159566,1.6150120044699134,-0.2826899483735619,-1.5783789356453435,-0.9705237876953359,-0.34567567399895416,-1.2895281190468464,1.2286653129487366,-0.6340606814605939,1.684865452518453,-0.33764192786060904
0.49892236603475565,-1.0503365025370017,0.6132211976342689,-0.2826899483735619,0.007772140271994877,1.5860090741955721,1.2469328217345361,-0.009996342008115089,-0.6747666203568196,1.5771361152633603,-0.5935192026789141,0.6050530777995375
0.8805559963520088,1.6751587811012074,0.86366889934318,-1.458115929136813,0.6422325706389302,-1.2900903954316993,-0.9827190722923503,0.9496524907709334,-1.3092439314586717,-0.6340606814605939,-0.5935192026789141,-0.33764192786060904
1.516612046880764,0.32130159423687743,-1.3903604160370207,-0.2826899483735619,0.9594627858223979,0.6273092509864816,-1.3012407714390484,-0.3298792862677979,-1.6264825870095976,-0.6340606814605939,-0.5935192026789141,1.5477480834596842
0.7533447862462577,1.0641481243875093,-1.6408081177459317,-0.2826899483735619,-0.9439185052784081,-1.2900903954316993,-0.027153974852256096,-1.2895281190468464,-0.9920052759077457,-0.6340606814605939,-0.5935192026789141,-0.9661052649673734
-0.5187673148112526,0.7755137364557079,1.114116601052091,-1.458115929136813,-0.6266882900949404,-1.2900903954316993,0.60988942344114,-1.2895281190468464,-1.3092439314586717,1.5771361152633603,1.684865452518453,-0.023410259307226837
-0.7731897350227547,-1.11859182078365,-1.6408081177459317,-0.2826899483735619,0.6422325706389302,-1.6096570031680628,1.5654545208812343,0.9496524907709334,1.2286653129487366,-0.6340606814605939,-0.5935192026789141,-1.2803369335207555
-0.6459785249170037,-0.860324564026691,-0.8894650126191982,0.3050230420080638,0.3250023554554625,-0.6509571799589724,-0.9827190722923503,-1.609411063306529,1.2286653129487366,1.5771361152633603,1.684865452518453,0.6050530777995375
0.49892236603475565,0.9706851533813201,-0.3885696092013759,0.8927360323896893,-0.9439185052784081,-0.6509571799589724,0.29136772429444197,-0.6497622305274807,-0.35752796480589355,-0.6340606814605939,-0.5935192026789141,0.6050530777995375
1.643823256986515,-1.3204598213067797,-0.1381219074924647,-0.8704029387551875,0.9594627858223979,-0.9705237876953359,0.29136772429444197,-0.009996342008115089,-1.3092439314586717,-0.6340606814605939,-0.5935192026789141,1.2335164149063018
-0.009922474388248505,-0.8677281679891397,1.3645643027610024,1.480449022771315,-1.2611487204618759,0.9468758587228451,-1.3012407714390484,0.3098866022515677,-1.6264825870095976,-0.6340606814605939,-0.5935192026789141,0.6050530777995375
-0.7731897350227547,-1.395961202984047,-0.1381219074924647,0.8927360323896893,-1.2611487204618759,-0.6509571799589724,-0.9827190722923503,1.269535435030616,-0.35752796480589355,-0.6340606814605939,1.684865452518453,-0.023410259307226837
-1.40924578555151,-0.11294141127243697,1.3645643027610024,-0.2826899483735619,-0.6266882900949404,-1.6096570031680628,-0.6641973731456523,1.269535435030616,-0.6747666203568196,-0.6340606814605939,-0.5935192026789141,1.2335164149063018
0.6261335761405067,-0.819954618748334,1.6150120044699134,1.480449022771315,-0.9439185052784081,-1.6096570031680628,1.5654545208812343,-0.9696451747871635,-0.9920052759077457,-0.6340606814605939,-0.5935192026789141,-0.33764192786060904
0.11728873571750253,-1.7077842553333349,-1.3903604160370207,-0.2826899483735619,-0.6266882900949404,1.5860090741955721,-1.3012407714390484,1.589418379290299,-0.040289309254967536,1.5771361152633603,-0.5935192026789141,-1.2803369335207555
-0.5187673148112526,0.30155484945447586,-0.1381219074924647,-0.2826899483735619,-0.6266882900949404,0.6273092509864816,0.29136772429444197,0.3098866022515677,-1.3092439314586717,-0.6340606814605939,1.684865452518453,0.29082140924615535
0.24449994582325357,0.6163645465892165,1.3645643027610024,-0.8704029387551875,0.6422325706389302,0.3077426432501181,-0.6641973731456523,0.9496524907709334,0.9114266573978106,-0.6340606814605939,1.684865452518453,1.2335164149063018
1.516612046880764,-0.818343344942779,1.114116601052091,1.480449022771315,0.3250023554554625,-1.2900903954316993,0.60988942344114,1.589418379290299,0.9114266573978106,-0.6340606814605939,-0.5935192026789141,1.2335164149063018
-0.009922474388248505,-0.7763371599748887,0.3627734959253576,0.3050230420080638,-0.30945807491147276,-0.011823964486245425,0.60988942344114,-1.2895281190468464,1.2286653129487366,-0.6340606814605939,-0.5935192026789141,0.9192847463529197
-0.3915561047055016,-0.32130693501135454,-0.1381219074924647,-1.458115929136813,-1.5783789356453435,-1.6096570031680628,-0.34567567399895416,-0.6497622305274807,0.2769493462959585,-0.6340606814605939,-0.5935192026789141,0.9192847463529197
0.7533447862462577,1.217374190145406,0.11232579421644646,-1.458115929136813,-1.2611487204618759,-0.6509571799589724,-1.3012407714390484,-0.6497622305274807,-0.040289309254967536,-0.6340606814605939,-0.5935192026789141,-0.9661052649673734
1.643823256986515,-0.9729608283956864,-0.3885696092013759,-0.2826899483735619,-0.30945807491147276,-0.3313905722226089,0.29136772429444197,-0.6497622305274807,0.5941880018468845,-0.6340606814605939,-0.5935192026789141,-0.023410259307226837
-1.536456995657261,1.4867536363472826,-0.8894650126191982,-0.8704029387551875,-0.6266882900949404,-1.2900903954316993,-0.9827190722923503,-1.609411063306529,0.5941880018468845,-0.6340606814605939,-0.5935192026789141,-1.5945686020741379
0.3717111559290046,1.6728298865763125,0.86366889934318,0.8927360323896893,1.593923216189333,-0.9705237876953359,-0.34567567399895416,0.6297695465112505,1.5459039684996627,1.5771361152633603,1.684865452518453,0.29082140924615535
0.24449994582325357,1.4694407274639205,-0.3885696092013759,-1.458115929136813,0.9594627858223979,-1.6096570031680628,0.29136772429444197,1.589418379290299,-0.6747666203568196,-0.6340606814605939,1.684865452518453,-1.5945686020741379
1.1349784165635108,0.5933296203912782,1.6150120044699134,0.8927360323896893,-0.30945807491147276,-0.6509571799589724,1.2469328217345361,-1.609411063306529,1.2286653129487366,-0.6340606814605939,-0.5935192026789141,-0.6518735964139912
-0.6459785249170037,-0.9842314844172357,0.11232579421644646,-0.8704029387551875,0.6422325706389302,1.2664424664592087,1.5654545208812343,-0.6497622305274807,0.2769493462959585,-0.6340606814605939,-0.5935192026789141,1.5477480834596842
0.6261335761405067,-0.3807767440722795,0.3627734959253576,0.3050230420080638,0.3250023554554625,-0.6509571799589724,-0.9827190722923503,-0.3298792862677979,0.5941880018468845,-0.6340606814605939,-0.5935192026789141,-0.33764192786060904
0.7533447862462577,0.5259343944890276,-1.6408081177459317,0.3050230420080638,0.3250023554554625,-0.9705237876953359,1.5654545208812343,-0.6497622305274807,-1.3092439314586717,1.5771361152633603,-0.5935192026789141,-1.5945686020741379
-1.1548233653400077,-1.6298202255053191,-0.639017310910287,-1.458115929136813,-0.6266882900949404,-0.6509571799589724,0.9284111225878381,-0.3298792862677979,-1.6264825870095976,-0.6340606814605939,1.684865452518453,1.2335164149063018
-0.5187673148112526,1.7082687558921323,-1.6408081177459317,-0.8704029387551875,1.593923216189333,0.3077426432501181,0.60988942344114,1.589418379290299,0.5941880018468845,-0.6340606814605939,-0.5935192026789141,-1.2803369335207555
1.3894008367750128,1.4826890190747066,1.114116601052091,-1.458115929136813,0.9594627858223979,-0.011823964486245425,1.2469328217345361,-1.2895281190468464,-0.6747666203568196,-0.6340606814605939,-0.5935192026789141,0.9192847463529197
-0.7731897350227547,0.4028752906116197,1.114116601052091,-0.8704029387551875,-1.5783789356453435,-0.9705237876953359,1.5654545208812343,-0.3298792862677979,-1.6264825870095976,-0.6340606814605939,1.684865452518453,0.6050530777995375
-1.282034575445759,-0.6751439852404478,0.6132211976342689,0.8927360323896893,0.6422325706389302,0.3077426432501181,0.9284111225878381,-0.3298792862677979,-0.6747666203568196,1.5771361152633603,-0.5935192026789141,-0.023410259307226837
1.0077672064577599,-1.492484821687029,1.6150120044699134,-1.458115929136813,-0.30945807491147276,1.5860090741955721,-1.6197624705857465,-0.6497622305274807,0.2769493462959585,-0.6340606814605939,-0.5935192026789141,0.6050530777995375
-0.009922474388248505,-0.21908513198169371,0.6132211976342689,-0.8704029387551875,1.593923216189333,-0.011823964486245425,1.2469328217345361,-1.2895281190468464,-0.040289309254967536,1.5771361152633603,-0.5935192026789141,-0.9661052649673734
-1.1548233653400077,-1.6026162078277149,0.6132211976342689,-1.458115929136813,0.6422325706389302,-0.011823964486245425,-0.34567567399895416,0.3098866022515677,0.9114266573978106,-0.6340606814605939,-0.5935192026789141,-0.9661052649673734
1.0077672064577599,-1.0234193975435728,0.6132211976342689,0.8927360323896893,0.007772140271994877,1.2664424664592087,-0.34567567399895416,1.589418379290299,-0.6747666203568196,1.5771361152633603,-0.5935192026789141,0.9192847463529197
0.3717111559290046,0.9797877433223746,-1.1399127143281094,-0.2826899483735619,0.9594627858223979,-0.6509571799589724,-1.3012407714390484,-0.6497622305274807,1.5459039684996627,-0.6340606814605939,-0.5935192026789141,-0.33764192786060904
1.3894008367750128,0.11497215417214282,0.3627734959253576,-0.2826899483735619,0.007772140271994877,0.3077426432501181,1.5654545208812343,-1.2895281190468464,1.2286653129487366,-0.6340606814605939,-0.5935192026789141,1.5477480834596842
1.516612046880764,-1.6898347456473375,0.11232579421644646,0.8927360323896893,-1.5783789356453435,-0.3313905722226089,-0.6641973731456523,1.589418379290299,0.2769493462959585,1.5771361152633603,-0.5935192026789141,0.9192847463529197
-1.6636682057630119,0.6318456934848854,-1.3903604160370207,-0.2826899483735619,1.2766930010058655,-0.3313905722226089,0.29136772429444197,0.6297695465112505,0.9114266573978106,-0.6340606814605939,-0.5935192026789141,1.2335164149063018
1.516612046880764,-0.7190430628728739,-1.3903604160370207,0.3050230420080638,-1.5783789356453435,-0.6509571799589724,-1.3012407714390484,0.9496524907709334,-0.6747666203568196,-0.6340606814605939,-0.5935192026789141,1.5477480834596842
-0.13713368449399954,0.7137708350291008,-1.6408081177459317,-0.2826899483735619,0.9594627858223979,1.2664424664592087,1.5654545208812343,-0.009996342008115089,0.9114266573978106,1.5771361152633603,-0.5935192026789141,0.6050530777995375
-0.13713368449399954,1.1211336225202286,0.11232579421644646,-0.2826899483735619,1.2766930010058655,1.2664424664592087,1.5654545208812343,0.3098866022515677,-0.040289309254967536,-0.6340606814605939,-0.5935192026789141,0.29082140924615535
-0.2643448945997506,0.1914786173828352,-1.6408081177459317,-0.2826899483735619,-1.2611487204618759,-0.3313905722226089,-0.6641973731456523,1.589418379290299,-1.6264825870095976,-0.6340606814605939,-0.5935192026789141,-0.9661052649673734
-0.9004009451285058,-0.5864055321356357,0.6132211976342689,-0.8704029387551875,0.6422325706389302,1.5860090741955721,-0.027153974852256096,1.589418379290299,-0.6747666203568196,-0.6340606814605939,-0.5935192026789141,-0.6518735964139912
0.6261335761405067,1.6658125075651173,-0.1381219074924647,0.3050230420080638,0.6422325706389302,-0.6509571799589724,-0.9827190722923503,-1.2895281190468464,-0.6747666203568196,-0.6340606814605939,-0.5935192026789141,-0.023410259307226837
-1.1548233653400077,-0.9023612724768626,0.11232579421644646,0.3050230420080638,-1.2611487204618759,0.3077426432501181,0.60988942344114,-0.9696451747871635,1.2286653129487366,-0.6340606814605939,1.684865452518453,-1.2803369335207555
-1.536456995657261,-1.451683052953565,-0.639017310910287,0.3050230420080638,-0.30945807491147276,-0.6509571799589724,1.2469328217345361,-0.9696451747871635,-1.6264825870095976,-0.6340606814605939,1.684865452518453,1.5477480834596842
0.49892236603475565,-1.5308823447913686,-0.3885696092013759,0.3050230420080638,0.007772140271994877,-0.3313905722226089,-1.3012407714390484,0.9496524907709334,-0.040289309254967536,-0.6340606814605939,-0.5935192026789141,-0.33764192786060904
-1.536456995657261,-0.9572714686203284,-0.639017310910287,-0.8704029387551875,-1.2611487204618759,1.2664424664592087,-0.9827190722923503,-1.2895281190468464,-0.35752796480589355,-0.6340606814605939,1.684865452518453,-0.33764192786060904
-1.1548233653400077,0.5658915070079017,1.6150120044699134,-0.2826899483735619,-0.30945807491147276,-0.3313905722226089,-0.027153974852256096,-0.3298792862677979,1.5459039684996627,1.5771361152633603,-0.5935192026789141,-0.023410259307226837
0.3717111559290046,-1.369380678251939,-1.3903604160370207,0.8927360323896893,-0.6266882900949404,-0.3313905722226089,1.5654545208812343,-1.2895281190468464,1.5459039684996627,-0.6340606814605939,-0.5935192026789141,0.29082140924615535
-1.1548233653400077,0.40795617661955946,-1.3903604160370207,1.480449022771315,1.593923216189333,-0.6509571799589724,-1.3012407714390484,-1.2895281190468464,-1.3092439314586717,1.5771361152633603,-0.5935192026789141,0.6050530777995375
1.643823256986515,-1.505936322614099,1.6150120044699134,0.8927360323896893,0.007772140271994877,-0.3313905722226089,0.9284111225878381,0.6297695465112505,-0.6747666203568196,1.5771361152633603,1.684865452518453,-1.5945686020741379
0.3717111559290046,0.9821759446959717,0.11232579421644646,-1.458115929136813,0.9594627858223979,-1.6096570031680628,-0.9827190722923503,-1.2895281190468464,-0.6747666203568196,1.5771361152633603,-0.5935192026789141,-0.6518735964139912
-0.009922474388248505,1.257924700775575,1.3645643027610024,-0.8704029387551875,1.2766930010058655,-1.2900903954316993,-0.34567567399895416,0.9496524907709334,0.2769493462959585,-0.6340606814605939,-0.5935192026789141,1.2335164149063018
-0.13713368449399954,1.6662874227464837,1.3645643027610024,1.480449022771315,0.9594627858223979,1.5860090741955721,0.29136772429444197,-0.6497622305274807,1.2286653129487366,-0.6340606814605939,-0.5935192026789141,0.29082140924615535
-0.9004009451285058,0.2663007703204519,0.11232579421644646,-1.458115929136813,-1.5783789356453435,-0.6509571799589724,1.5654545208812343,0.3098866022515677,0.9114266573978106,-0.6340606814605939,-0.5935192026789141,-0.33764192786060904
-1.0276121552342568,-1.6918077092169257,0.86366889934318,0.3050230420080638,-1.2611487204618759,0.6273092509864816,0.29136772429444197,-0.3298792862677979,-0.040289309254967536,-0.6340606814605939,-0.5935192026789141,-1.5945686020741379
0.24449994582325357,-1.383964370952456,0.11232579421644646,-0.2826899483735619,-0.30945807491147276,0.3077426432501181,-0.6641973731456523,-0.3298792862677979,1.2286653129487366,-0.6340606814605939,-0.5935192026789141,-0.023410259307226837
-0.13713368449399954,-0.6526742300271625,1.6150120044699134,1.480449022771315,-0.30945807491147276,0.3077426432501181,0.9284111225878381,-0.9696451747871635,1.5459039684996627,-0.6340606814605939,-0.5935192026789141,-1.5945686020741379
-1.0276121552342568,0.9475426813435589,0.3627734959253576,1.480449022771315,1.2766930010058655,0.6273092509864816,-1.6197624705857465,-0.6497622305274807,-0.040289309254967536,-0.6340606814605939,-0.5935192026789141,-0.023410259307226837
-1.282034575445759,0.6909783980697498,1.114116601052091,0.3050230420080638,0.3250023554554625,-1.6096570031680628,0.9284111225878381,0.9496524907709334,0.5941880018468845,1.5771361152633603,-0.5935192026789141,-1.2803369335207555
0.6261335761405067,0.15925288990160485,0.3627734959253576,-0.2826899483735619,1.2766930010058655,-0.9705237876953359,-1.6197624705857465,0.9496524907709334,0.5941880018468845,-0.6340606814605939,-0.5935192026789141,-1.5945686020741379
1.3894008367750128,-1.37344072206286,-0.1381219074924647,0.3050230420080638,1.593923216189333,-0.6509571799589724,-1.3012407714390484,-0.3298792862677979,1.5459039684996627,1.5771361152633603,-0.5935192026789141,0.6050530777995375
-0.009922474388248505,0.570060039082985,1.6150120044699134,-0.2826899483735619,0.6422325706389302,0.9468758587228451,0.29136772429444197,-1.2895281190468464,1.5459039684996627,-0.6340606814605939,-0.5935192026789141,-1.2803369335207555
1.0077672064577599,-0.3647159563546229,-0.639017310910287,0.8927360323896893,-0.6266882900949404,-0.9705237876953359,-0.6641973731456523,-0.009996342008115089,0.9114266573978106,-0.6340606814605939,-0.5935192026789141,-1.5945686020741379
0.49892236603475565,1.1930601410815538,0.11232579421644646,1.480449022771315,-1.2611487204618759,-0.3313905722226089,-0.34567567399895416,-0.009996342008115089,0.9114266573978106,1.5771361152633603,-0.5935192026789141,1.2335164149063018
1.0077672064577599,1.044635229661946,1.114116601052091,-1.458115929136813,0.9594627858223979,1.2664424664592087,-0.9827190722923503,0.6297695465112505,-0.35752796480589355,1.5771361152633603,-0.5935192026789141,1.2335164149063018
1.3894008367750128,-1.3401667253660405,-0.8894650126191982,-1.458115929136813,-0.30945807491147276,-1.6096570031680628,-0.6641973731456523,-0.009996342008115089,0.9114266573978106,-0.6340606814605939,1.684865452518453,1.2335164149063018
1.3894008367750128,1.6203867263106857,-1.6408081177459317,-0.2826899483735619,1.2766930010058655,-0.011823964486245425,-0.027153974852256096,1.589418379290299,0.9114266573978106,-0.6340606814605939,-0.5935192026789141,1.2335164149063018
-0.9004009451285058,0.25456015513256297,1.3645643027610024,-1.458115929136813,1.593923216189333,-0.9705237876953359,-0.027153974852256096,-1.609411063306529,-1.6264825870095976,-0.6340606814605939,-0.5935192026789141,1.5477480834596842
-0.13713368449399954,-0.25730325407477395,1.3645643027610024,0.3050230420080638,1.2766930010058655,0.3077426432501181,1.2469328217345361,0.3098866022515677,-0.35752796480589355,1.5771361152633603,-0.5935192026789141,1.2335164149063018
1.1349784165635108,-0.6401705975396713,-0.639017310910287,0.3050230420080638,0.007772140271994877,1.5860090741955721,-0.027153974852256096,-1.2895281190468464,-0.35752796480589355,1.5771361152633603,-0.5935192026789141,-1.2803369335207555
-0.3915561047055016,-0.44213771016102804,0.11232579421644646,-1.458115929136813,0.6422325706389302,-0.6509571799589724,1.5654545208812343,-1.609411063306529,0.5941880018468845,-0.6340606814605939,-0.5935192026789141,0.9192847463529197
1.643823256986515,-1.565464287990063,-1.3903604160370207,1.480449022771315,1.2766930010058655,-0.3313905722226089,-0.34567567399895416,-1.609411063306529,0.5941880018468845,-0.6340606814605939,-0.5935192026789141,0.6050530777995375
1.1349784165635108,1.2573811782124733,0.6132211976342689,-1.458115929136813,1.2766930010058655,0.3077426432501181,-1.6197624705857465,0.6297695465112505,0.5941880018468845,-0.6340606814605939,-0.5935192026789141,-1.2803369335207555
-0.6459785249170037,-1.5568348725603172,-1.3903604160370207,-0.8704029387551875,-0.9439185052784081,-1.2900903954316993,-0.9827190722923503,-1.2895281190468464,1.2286653129487366,-0.6340606814605939,1.684865452518453,0.6050530777995375
-0.009922474388248505,1.3634236663173915,1.3645643027610024,0.8927360323896893,-1.2611487204618759,-0.011823964486245425,-0.027153974852256096,-1.2895281190468464,0.9114266573978106,-0.6340606814605939,-0.5935192026789141,-0.9661052649673734
0.3717111559290046,0.6595755028825947,-0.3885696092013759,1.480449022771315,0.9594627858223979,1.2664424664592087,-0.9827190722923503,-0.3298792862677979,-0.6747666203568196,1.5771361152633603,-0.5935192026789141,1.5477480834596842
1.0077672064577599,0.2043919858281215,-1.3903604160370207,0.3050230420080638,1.593923216189333,-0.6509571799589724,-1.3012407714390484,-0.6497622305274807,-1.3092439314586717,-0.6340606814605939,-0.5935192026789141,0.29082140924615535
-1.282034575445759,1.528538909260597,1.114116601052091,-1.458115929136813,-0.9439185052784081,-0.011823964486245425,0.9284111225878381,1.269535435030616,-0.35752796480589355,1.5771361152633603,-0.5935192026789141,0.9192847463529197
-0.6459785249170037,-0.833179266850725,1.114116601052091,0.8927360323896893,-1.2611487204618759,0.9468758587228451,1.5654545208812343,0.3098866022515677,1.5459039684996627,-0.6340606814605939,-0.5935192026789141,0.29082140924615535
-0.9004009451285058,-0.912171318605607,-1.1399127143281094,-0.2826899483735619,-1.5783789356453435,0.6273092509864816,-1.3012407714390484,-0.3298792862677979,-0.6747666203568196,-0.6340606814605939,1.684865452518453,-0.023410259307226837
0.3717111559290046,0.7470921886741767,-0.639017310910287,0.8927360323896893,-0.30945807491147276,-0.011823964486245425,-1.3012407714390484,0.3098866022515677,1.2286653129487366,-0.6340606814605939,-0.5935192026789141,0.9192847463529197
-1.40924578555151,-0.2621157106149489,1.114116601052091,0.3050230420080638,1.593923216189333,-0.011823964486245425,-0.027153974852256096,0.3098866022515677,-1.6264825870095976,1.5771361152633603,-0.5935192026789141,0.9192847463529197
0.24449994582325357,-0.13183312622150498,-1.1399127143281094,-0.8704029387551875,0.9594627858223979,-0.9705237876953359,0.60988942344114,-1.609411063306529,-1.3092439314586717,1.5771361152633603,-0.5935192026789141,-0.33764192786060904
-1.1548233653400077,1.2573155916075234,-1.6408081177459317,-1.458115929136813,-0.6266882900949404,0.9468758587228451,0.60988942344114,-0.009996342008115089,1.2286653129487366,1.5771361152633603,-0.5935192026789141,1.2335164149063018
-1.6636682057630119,0.7942275996981338,1.6150120044699134,-1.458115929136813,-1.5783789356453435,-0.011823964486245425,0.9284111225878381,1.589418379290299,-1.6264825870095976,-0.6340606814605939,-0.5935192026789141,0.9192847463529197
-0.9004009451285058,-0.7072184377183995,-1.1399127143281094,0.8927360323896893,-0.6266882900949404,0.6273092509864816,-0.027153974852256096,-0.6497622305274807,-0.35752796480589355,1.5771361152633603,-0.5935192026789141,-0.9661052649673734
1.0077672064577599,-1.6956132234395809,0.6132211976342689,0.8927360323896893,0.3250023554554625,0.6273092509864816,-0.027153974852256096,-0.9696451747871635,1.2286653129487366,-0.6340606814605939,-0.5935192026789141,1.5477480834596842
1.1349784165635108,-0.27399688647386855,-1.3903604160370207,-1.458115929136813,-1.2611487204618759,-0.011823964486245425,0.60988942344114,-0.3298792862677979,-0.6747666203568196,-0.6340606814605939,1.684865452518453,1.2335164149063018
1.643823256986515,0.829681570849316,-0.8894650126191982,-0.2826899483735619,-0.6266882900949404,-1.2900903954316993,-1.6197624705857465,1.589418379290299,0.9114266573978106,1.5771361152633603,-0.5935192026789141,-1.5945686020741379
0.8805559963520088,1.684984182245727,1.6150120044699134,-1.458115929136813,-1.5783789356453435,0.3077426432501181,1.2469328217345361,0.6297695465112505,-0.040289309254967536,-0.6340606814605939,-0.5935192026789141,-0.33764192786060904
1.516612046880764,-1.7168815575536973,0.6132211976342689,0.3050230420080638,-0.9439185052784081,-0.011823964486245425,-0.34567567399895416,-0.3298792862677979,-0.040289309254967536,-0.6340606814605939,-0.5935192026789141,-0.6518735964139912
-0.9004009451285058,-1.2687808750741283,1.3645643027610024,-1.458115929136813,1.2766930010058655,-1.2900903954316993,-0.34567567399895416,0.6297695465112505,0.5941880018468845,-0.6340606814605939,-0.5935192026789141,-0.33764192786060904
1.3894008367750128,0.2992317330281459,-0.1381219074924647,-0.8704029387551875,0.3250023554554625,-0.9705237876953359,-0.9827190722923503,-0.6497622305274807,0.2769493462959585,-0.6340606814605939,-0.5935192026789141,0.6050530777995375
-1.0276121552342568,1.2942931655499983,-0.8894650126191982,1.480449022771315,1.593923216189333,-1.6096570031680628,-0.027153974852256096,-0.3298792862677979,1.2286653129487366,-0.6340606814605939,-0.5935192026789141,-0.6518735964139912
-0.2643448945997506,0.1668957177080656,0.6132211976342689,-1.458115929136813,1.2766930010058655,-0.3313905722226089,-1.6197624705857465,-1.2895281190468464,-1.3092439314586717,1.5771361152633603,-0.5935192026789141,0.6050530777995375
-0.2643448945997506,1.2777668903824788,-0.639017310910287,0.8927360323896893,1.2766930010058655,1.5860090741955721,0.60988942344114,-1.609411063306529,1.5459039684996627,-0.6340606814605939,-0.5935192026789141,1.5477480834596842
0.24449994582325357,0.8554466420450891,-1.3903604160370207,-1.458115929136813,1.2766930010058655,1.2664424664592087,-0.34567567399895416,-0.009996342008115089,1.2286653129487366,-0.6340606814605939,-0.5935192026789141,-0.023410259307226837
-1.536456995657261,-0.9656811091884375,-1.3903604160370207,0.3050230420080638,0.007772140271994877,-0.9705237876953359,1.5654545208812343,-0.9696451747871635,0.5941880018468845,-0.6340606814605939,-0.5935192026789141,-0.023410259307226837
1.643823256986515,-0.3588445959960499,0.3627734959253576,0.8927360323896893,0.3250023554554625,-1.6096570031680628,0.29136772429444197,0.9496524907709334,1.2286653129487366,-0.6340606814605939,-0.5935192026789141,0.29082140924615535
0.3717111559290046,0.7211080511186854,1.3645643027610024,-1.458115929136813,-0.9439185052784081,1.5860090741955721,1.2469328217345361,-0.9696451747871635,-0.9920052759077457,1.5771361152633603,1.684865452518453,1.2335164149063018
-1.536456995657261,0.05168356624613192,1.6150120044699134,1.480449022771315,1.2766930010058655,-0.3313905722226089,0.29136772429444197,-0.3298792862677979,-0.6747666203568196,-0.6340606814605939,-0.5935192026789141,1.5477480834596842
-1.6636682057630119,0.0316672868769383,0.3627734959253576,1.480449022771315,-0.6266882900949404,-0.011823964486245425,0.29136772429444197,1.589418379290299,-1.6264825870095976,-0.6340606814605939,-0.5935192026789141,1.2335164149063018
-1.1548233653400077,0.03124624831846424,0.86366889934318,-0.8704029387551875,0.007772140271994877,0.6273092509864816,0.29136772429444197,0.3098866022515677,0.9114266573978106,-0.6340606814605939,-0.5935192026789141,-1.2803369335207555
-1.0276121552342568,-0.06404197113364633,1.114116601052091,-1.458115929136813,-0.30945807491147276,-0.6509571799589724,1.5654545208812343,-0.9696451747871635,-0.6747666203568196,-0.6340606814605939,-0.5935192026789141,-0.6518735964139912
-0.13713368449399954,-0.9564232793623514,1.114116601052091,0.8927360323896893,0.007772140271994877,-0.3313905722226089,-0.34567567399895416,0.3098866022515677,1.2286653129487366,1.5771361152633603,1.684865452518453,0.9192847463529197
0.8805559963520088,0.8279080796146309,-1.1399127143281094,-1.458115929136813,0.007772140271994877,-1.6096570031680628,-0.34567567399895416,-1.2895281190468464,0.5941880018468845,1.5771361152633603,-0.5935192026789141,0.6050530777995375
0.49892236603475565,1.0540662040255007,-0.639017310910287,1.480449022771315,-0.6266882900949404,-0.9705237876953359,-0.34567567399895416,0.9496524907709334,-0.9920052759077457,-0.6340606814605939,1.684865452518453,0.9192847463529197
-1.40924578555151,0.20202423610611764,0.3627734959253576,-0.2826899483735619,-1.5783789356453435,-0.9705237876953359,-1.3012407714390484,1.589418379290299,1.2286653129487366,1.5771361152633603,-0.5935192026789141,0.9192847463529197
1.643823256986515,-0.6010328600195349,1.114116601052091,1.480449022771315,-0.30945807491147276,-0.9705237876953359,-1.3012407714390484,-1.609411063306529,-0.35752796480589355,-0.6340606814605939,-0.5935192026789141,-0.6518735964139912
-0.13713368449399954,0.07082192207622776,-0.639017310910287,-0.8704029387551875,0.3250023554554625,-1.2900903954316993,-0.6641973731456523,-0.9696451747871635,-1.3092439314586717,-0.6340606814605939,-0.5935192026789141,0.9192847463529197
1.516612046880764,-0.9792508578225196,1.3645643027610024,-0.8704029387551875,-0.9439185052784081,1.5860090741955721,0.60988942344114,1.589418379290299,-0.040289309254967536,-0.6340606814605939,-0.5935192026789141,-0.33764192786060904
1.516612046880764,0.00675889009909776,0.3627734959253576,1.480449022771315,1.2766930010058655,-0.011823964486245425,1.2469328217345361,0.6297695465112505,-0.9920052759077457,-0.6340606814605939,-0.5935192026789141,1.2335164149063018
-0.13713368449399954,-0.2625494734224319,-0.1381219074924647,1.480449022771315,0.6422325706389302,-1.6096570031680628,0.9284111225878381,-0.009996342008115089,-0.9920052759077457,1.5771361152633603,-0.5935192026789141,1.5477480834596842
1.516612046880764,1.0560193575331907,-0.8894650126191982,-0.8704029387551875,-1.5783789356453435,-1.6096570031680628,-0.6641973731456523,0.9496524907709334,0.5941880018468845,-0.6340606814605939,-0.5935192026789141,1.5477480834596842
0.8805559963520088,-1.4910653215945289,0.3627734959253576,-0.8704029387551875,1.2766930010058655,-0.6509571799589724,-0.027153974852256096,1.589418379290299,-0.6747666203568196,-0.6340606814605939,-0.5935192026789141,0.6050530777995375
1.2621896266692618,1.4245146257676482,-0.8894650126191982,0.8927360323896893,0.3250023554554625,-0.6509571799589724,1.2469328217345361,1.269535435030616,-1.3092439314586717,-0.6340606814605939,-0.5935192026789141,-0.6518735964139912
1.0077672064577599,-0.42504261068324517,-1.1399127143281094,1.480449022771315,1.593923216189333,-0.6509571799589724,-0.027153974852256096,0.9496524907709334,1.2286653129487366,1.5771361152633603,-0.5935192026789141,-0.9661052649673734
1.2621896266692618,-0.06155676959983688,1.114116601052091,0.8927360323896893,0.007772140271994877,0.9468758587228451,-0.34567567399895416,-1.609411063306529,0.5941880018468845,-0.6340606814605939,-0.5935192026789141,1.5477480834596842
0.24449994582325357,0.4266514696619063,-0.3885696092013759,0.3050230420080638,-1.5783789356453435,-1.6096570031680628,0.29136772429444197,1.589418379290299,-0.9920052759077457,1.5771361152633603,1.684865452518453,-0.023410259307226837
-0.7731897350227547,0.11743868205170406,-0.3885696092013759,0.8927360323896893,1.593923216189333,-0.6509571799589724,0.29136772429444197,1.269535435030616,-1.6264825870095976,-0.6340606814605939,1.684865452518453,-0.33764192786060904
0.7533447862462577,0.22695308627208732,1.114116601052091,0.3050230420080638,-1.5783789356453435,0.9468758587228451,-0.9827190722923503,1.269535435030616,-0.6747666203568196,-0.6340606814605939,-0.5935192026789141,-1.2803369335207555
0.11728873571750253,-0.06502646762691532,-0.1381219074924647,0.8927360323896893,0.3250023554554625,-0.011823964486245425,-0.027153974852256096,0.6297695465112505,0.2769493462959585,1.5771361152633603,1.684865452518453,-0.9661052649673734
-1.536456995657261,-0.007422017339472618,-0.3885696092013759,0.3050230420080638,-1.5783789356453435,0.3077426432501181,-0.34567567399895416,0.6297695465112505,0.2769493462959585,1.5771361152633603,1.684865452518453,-0.6518735964139912
1.0077672064577599,0.6289439915459769,1.3645643027610024,-1.458115929136813,0.007772140271994877,-0.6509571799589724,0.29136772429444197,1.589418379290299,1.2286653129487366,-0.6340606814605939,-0.5935192026789141,-1.2803369335207555
-0.9004009451285058,0.5923021963775994,1.6150120044699134,-0.8704029387551875,-0.6266882900949404,1.5860090741955721,-0.34567567399895416,-0.6497622305274807,-0.6747666203568196,1.5771361152633603,-0.5935192026789141,-0.33764192786060904
-1.1548233653400077,-0.6109984140787809,0.86366889934318,-0.8704029387551875,-0.6266882900949404,-0.011823964486245425,0.60988942344114,0.9496524907709334,-0.040289309254967536,-0.6340606814605939,-0.5935192026789141,-1.5945686020741379
-1.536456995657261,-0.26676780653628396,-1.3903604160370207,0.8927360323896893,1.2766930010058655,-0.3313905722226089,-0.027153974852256096,-1.2895281190468464,0.5941880018468845,1.5771361152633603,-0.5935192026789141,-0.6518735964139912
1.0077672064577599,-1.3768473640919294,0.86366889934318,1.480449022771315,0.9594627858223979,0.9468758587228451,-0.9827190722923503,-0.9696451747871635,-1.3092439314586717,1.5771361152633603,-0.5935192026789141,0.9192847463529197
-1.6636682057630119,-1.1750936822076812,0.86366889934318,-0.8704029387551875,0.3250023554554625,-1.2900903954316993,-1.3012407714390484,1.589418379290299,-0.040289309254967536,1.5771361152633603,-0.5935192026789141,0.6050530777995375
1.2621896266692618,0.20736844270692315,-1.6408081177459317,0.3050230420080638,1.2766930010058655,-0.9705237876953359,-0.9827190722923503,-0.009996342008115089,-1.3092439314586717,-0.6340606814605939,1.684865452518453,-1.2803369335207555
1.1349784165635108,0.8403018638625736,-1.1399127143281094,1.480449022771315,0.3250023554554625,-0.6509571799589724,-0.6641973731456523,-1.2895281190468464,0.2769493462959585,-0.6340606814605939,1.684865452518453,-0.023410259307226837
-1.536456995657261,0.582335019326282,1.114116601052091,-1.458115929136813,1.593923216189333,-0.011823964486245425,-0.34567567399895416,0.3098866022515677,0.5941880018468845,1.5771361152633603,-0.5935192026789141,-1.2803369335207555
-0.2643448945997506,-0.36690119696169543,-0.1381219074924647,-1.458115929136813,-1.5783789356453435,-1.6096570031680628,-1.6197624705857465,-1.2895281190468464,-0.6747666203568196,-0.6340606814605939,-0.5935192026789141,-1.2803369335207555
-0.6459785249170037,1.5087122553444587,-1.6408081177459317,-0.8704029387551875,-1.5783789356453435,0.9468758587228451,1.5654545208812343,1.589418379290299,-0.35752796480589355,-0.6340606814605939,1.684865452518453,-1.2803369335207555
1.516612046880764,1.3994651058079104,0.3627734959253576,0.8927360323896893,-1.5783789356453435,-0.3313905722226089,-0.027153974852256096,0.3098866022515677,-0.35752796480589355,-0.6340606814605939,-0.5935192026789141,-1.5945686020741379
0.6261335761405067,-0.16429520858475244,0.6132211976342689,1.480449022771315,-0.6266882900949404,1.2664424664592087,1.2469328217345361,-1.2895281190468464,-1.6264825870095976,-0.6340606814605939,-0.5935192026789141,-1.5945686020741379
1.1349784165635108,-1.085983122529819,0.11232579421644646,0.8927360323896893,-0.9439185052784081,-0.6509571799589724,1.5654545208812343,-0.3298792862677979,-1.3092439314586717,1.5771361152633603,-0.5935192026789141,-0.6518735964139912
-0.6459785249170037,-0.30309549043837486,0.6132211976342689,0.3050230420080638,-0.9439185052784081,-0.3313905722226089,-0.6641973731456523,1.269535435030616,-0.6747666203568196,-0.6340606814605939,1.684865452518453,0.9192847463529197
0.6261335761405067,0.25366783289814354,1.6150120044699134,-0.8704029387551875,0.9594627858223979,-0.9705237876953359,-0.027153974852256096,-0.9696451747871635,-0.6747666203568196,1.5771361152633603,1.684865452518453,-1.5945686020741379
1.0077672064577599,-0.6763059366950578,-0.639017310910287,-0.8704029387551875,-1.2611487204618759,1.2664424664592087,-1.3012407714390484,0.6297695465112505,-1.3092439314586717,-0.6340606814605939,-0.5935192026789141,0.6050530777995375
1.2621896266692618,-0.19615991631707602,-1.3903604160370207,0.3050230420080638,-0.9439185052784081,-0.9705237876953359,-0.027153974852256096,0.3098866022515677,-0.040289309254967536,1.5771361152633603,-0.5935192026789141,1.2335164149063018
-0.3915561047055016,0.952995855259231,-1.3903604160370207,-1.458115929136813,0.6422325706389302,-1.2900903954316993,0.60988942344114,-0.009996342008115089,1.5459039684996627,1.5771361152633603,-0.5935192026789141,0.29082140924615535
-1.6636682057630119,-0.15577571599921675,0.86366889934318,-0.2826899483735619,-1.2611487204618759,0.3077426432501181,0.9284111225878381,-1.2895281190468464,1.2286653129487366,-0.6340606814605939,-0.5935192026789141,1.5477480834596842
1.0077672064577599,-1.149855221850584,-1.6408081177459317,-1.458115929136813,-0.6266882900949404,-0.3313905722226089,1.2469328217345361,0.6297695465112505,-1.6264825870095976,-0.6340606814605939,-0.5935192026789141,-0.9661052649673734
-0.5187673148112526,1.497311417437714,-0.3885696092013759,-0.8704029387551875,-1.5783789356453435,-0.011823964486245425,-0.9827190722923503,-1.609411063306529,-1.3092439314586717,1.5771361152633603,-0.5935192026789141,-0.9661052649673734
0.6261335761405067,1.5409810934051715,0.3627734959253576,-0.8704029387551875,-1.2611487204618759,-0.9705237876953359,-0.34567567399895416,-0.6497622305274807,1.2286653129487366,1.5771361152633603,1.684865452518453,-1.5945686020741379
-0.3915561047055016,-1.6351017335524423,1.114116601052091,0.8927360323896893,1.2766930010058655,1.5860090741955721,-0.027153974852256096,1.269535435030616,1.5459039684996627,-0.6340606814605939,1.684865452518453,0.9192847463529197
0.11728873571750253,0.33567807628323076,-1.3903604160370207,-1.458115929136813,0.3250023554554625,0.9468758587228451,-0.34567567399895416,0.3098866022515677,0.5941880018468845,-0.6340606814605939,1.684865452518453,-0.33764192786060904
-0.5187673148112526,0.28962158171195773,1.3645643027610024,-1.458115929136813,0.6422325706389302,-0.3313905722226089,-0.027153974852256096,0.6297695465112505,-1.6264825870095976,-0.6340606814605939,1.684865452518453,1.2335164149063018
-0.9004009451285058,-1.7031906890756916,0.3627734959253576,0.3050230420080638,1.2766930010058655,-0.3313905722226089,0.60988942344114,-0.009996342008115089,0.2769493462959585,1.5771361152633603,-0.5935192026789141,1.2335164149063018
-0.2643448945997506,0.20298394181570517,0.3627734959253576,0.8927360323896893,0.6422325706389302,-1.2900903954316993,-0.9827190722923503,0.3098866022515677,1.5459039684996627,-0.6340606814605939,1.684865452518453,-0.6518735964139912
-1.282034575445759,-0.715067746186723,1.6150120044699134,-0.2826899483735619,1.2766930010058655,-0.3313905722226089,0.29136772429444197,-0.6497622305274807,1.2286653129487366,1.5771361152633603,-0.5935192026789141,-0.023410259307226837
-1.1548233653400077,1.4835961735498333,-1.6408081177459317,-1.458115929136813,-1.5783789356453435,-0.3313905722226089,0.60988942344114,0.3098866022515677,-0.35752796480589355,-0.6340606814605939,1.684865452518453,-0.33764192786060904
1.2621896266692618,0.8062810473522428,-0.8894650126191982,1.480449022771315,0.3250023554554625,-0.9705237876953359,0.29136772429444197,-0.3298792862677979,-1.3092439314586717,-0.6340606814605939,-0.5935192026789141,-0.33764192786060904
0.8805559963520088,1.4721010357125186,0.11232579421644646,-1.458115929136813,0.007772140271994877,-1.2900903954316993,0.9284111225878381,0.3098866022515677,0.9114266573978106,-0.6340606814605939,-0.5935192026789141,-1.5945686020741379
0.49892236603475565,0.0382715150916639,-0.3885696092013759,-0.2826899483735619,1.2766930010058655,0.9468758587228451,0.9284111225878381,-0.6497622305274807,-1.3092439314586717,1.5771361152633603,1.684865452518453,-0.33764192786060904
-1.0276121552342568,0.19260688610454088,0.86366889934318,1.480449022771315,0.007772140271994877,1.5860090741955721,1.5654545208812343,1.589418379290299,-0.35752796480589355,-0.6340606814605939,1.684865452518453,0.9192847463529197
0.11728873571750253,1.4372510029614254,0.86366889934318,0.3050230420080638,0.007772140271994877,-0.9705237876953359,-1.3012407714390484,-0.3298792862677979,1.5459039684996627,-0.6340606814605939,-0.5935192026789141,-1.5945686020741379
-0.3915561047055016,-1.3132643569154547,0.3627734959253576,-0.8704029387551875,-0.9439185052784081,-1.6096570031680628,-0.9827190722923503,-1.609411063306529,-0.040289309254967536,-0.6340606814605939,1.684865452518453,0.9192847463529197
-1.6636682057630119,0.21144613239585985,0.3627734959253576,1.480449022771315,-1.2611487204618759,0.9468758587228451,-0.34567567399895416,-0.9696451747871635,-1.3092439314586717,-0.6340606814605939,1.684865452518453,-0.9661052649673734
0.11728873571750253,1.3388779308847532,0.6132211976342689,-0.2826899483735619,-0.6266882900949404,-1.6096570031680628,0.60988942344114,-0.6497622305274807,-0.6747666203568196,-0.6340606814605939,-0.5935192026789141,1.5477480834596842
-0.3915561047055016,0.03266702635333706,0.6132211976342689,0.3050230420080638,0.3250023554554625,0.9468758587228451,1.2469328217345361,-1.2895281190468464,0.9114266573978106,-0.6340606814605939,-0.5935192026789141,-0.6518735964139912
-1.0276121552342568,0.04037685862425151,-0.3885696092013759,-0.2826899483735619,-1.5783789356453435,0.3077426432501181,-0.9827190722923503,-0.3298792862677979,-0.35752796480589355,-0.6340606814605939,1.684865452518453,-1.5945686020741379
1.1349784165635108,0.0396453877339224,0.3627734959253576,1.480449022771315,-0.30945807491147276,-1.6096570031680628,-0.6641973731456523,-1.2895281190468464,-0.35752796480589355,-0.6340606814605939,1.684865452518453,-0.33764192786060904
-1.40924578555151,-0.8582303991039606,-1.3903604160370207,0.3050230420080638,0.007772140271994877,-1.2900903954316993,-1.6197624705857465,0.9496524907709334,1.5459039684996627,-0.6340606814605939,-0.5935192026789141,-1.5945686020741379
0.8805559963520088,0.7089767527052264,0.6132211976342689,1.480449022771315,0.3250023554554625,-0.9705237876953359,0.29136772429444197,-0.3298792862677979,-0.35752796480589355,-0.6340606814605939,-0.5935192026789141,1.5477480834596842
0.49892236603475565,0.6113701762036324,-1.3903604160370207,0.3050230420080638,0.3250023554554625,1.2664424664592087,-0.34567567399895416,-0.009996342008115089,-1.3092439314586717,-0.6340606814605939,-0.5935192026789141,-0.33764192786060904
-0.13713368449399954,1.1390637209322458,0.11232579421644646,0.3050230420080638,-0.9439185052784081,-0.6509571799589724,-0.9827190722923503,-1.609411063306529,-0.040289309254967536,-0.6340606814605939,-0.5935192026789141,-1.2803369335207555
-1.536456995657261,-0.613706288388131,1.114116601052091,0.8927360323896893,-0.6266882900949404,1.2664424664592087,0.60988942344114,0.6297695465112505,-1.6264825870095976,-0.6340606814605939,1.684865452518453,0.9192847463529197
-1.536456995657261,-1.4809482418558928,-1.6408081177459317,-0.2826899483735619,-0.30945807491147276,1.2664424664592087,-1.6197624705857465,0.9496524907709334,-0.9920052759077457,1.5771361152633603,-0.5935192026789141,0.29082140924615535
0.6261335761405067,1.5502065396753484,-1.6408081177459317,1.480449022771315,0.3250023554554625,-0.9705237876953359,1.2469328217345361,-1.2895281190468464,-1.3092439314586717,-0.6340606814605939,-0.5935192026789141,0.29082140924615535
1.1349784165635108,1.6082909462362096,1.114116601052091,0.8927360323896893,-0.6266882900949404,-0.9705237876953359,-0.027153974852256096,-0.9696451747871635,1.2286653129487366,1.5771361152633603,-0.5935192026789141,1.2335164149063018
-0.2643448945997506,-0.6427964625921172,1.3645643027610024,-1.458115929136813,-0.9439185052784081,0.3077426432501181,-1.6197624705857465,0.6297695465112505,0.5941880018468845,-0.6340606814605939,-0.5935192026789141,-0.33764192786060904
-0.13713368449399954,1.3892706556923609,0.6132211976342689,-0.2826899483735619,-0.9439185052784081,-0.3313905722226089,-0.9827190722923503,-0.009996342008115089,1.5459039684996627,-0.6340606814605939,1.684865452518453,0.9192847463529197
-0.7731897350227547,0.22886534322110796,-0.8894650126191982,1.480449022771315,-0.6266882900949404,-0.9705237876953359,0.29136772429444197,-0.3298792862677979,-0.040289309254967536,-0.6340606814605939,1.684865452518453,-1.5945686020741379
-0.9004009451285058,1.1231110619223357,0.86366889934318,0.3050230420080638,0.9594627858223979,0.9468758587228451,1.2469328217345361,1.269535435030616,0.2769493462959585,-0.6340606814605939,-0.5935192026789141,-0.023410259307226837
0.24449994582325357,0.5070582328055202,-0.3885696092013759,-0.2826899483735619,-0.30945807491147276,-0.6509571799589724,-0.6641973731456523,0.9496524907709334,0.2769493462959585,1.5771361152633603,-0.5935192026789141,1.2335164149063018
1.0077672064577599,0.04062218392405582,-0.639017310910287,-0.8704029387551875,0.6422325706389302,-1.2900903954316993,0.60988942344114,-0.3298792862677979,-0.9920052759077457,-0.6340606814605939,-0.5935192026789141,1.2335164149063018
-1.282034575445759,0.5322611595265733,0.11232579421644646,0.3050230420080638,-0.6266882900949404,1.2664424664592087,0.9284111225878381,-0.009996342008115089,-0.9920052759077457,-0.6340606814605939,-0.5935192026789141,1.2335164149063018
0.6261335761405067,-0.5926206559037394,0.86366889934318,-0.8704029387551875,-1.5783789356453435,-0.011823964486245425,1.2469328217345361,-0.009996342008115089,-0.9920052759077457,-0.6340606814605939,-0.5935192026789141,0.29082140924615535
-0.2643448945997506,-0.8121901443291283,-0.3885696092013759,-0.2826899483735619,0.007772140271994877,-0.011823964486245425,-0.027153974852256096,0.6297695465112505,0.9114266573978106,-0.6340606814605939,-0.5935192026789141,-0.33764192786060904
-0.3915561047055016,-0.7202124757576319,-0.8894650126191982,-1.458115929136813,0.6422325706389302,-1.2900903954316993,1.5654545208812343,-1.609411063306529,0.5941880018468845,-0.6340606814605939,-0.5935192026789141,0.6050530777995375
0.24449994582325357,-1.4551108473757262,-0.3885696092013759,-0.8704029387551875,1.593923216189333,0.6273092509864816,-0.027153974852256096,-0.3298792862677979,-1.6264825870095976,-0.6340606814605939,-0.5935192026789141,0.6050530777995375
1.643823256986515,-0.7005075022931682,-0.1381219074924647,-0.8704029387551875,-1.5783789356453435,-0.9705237876953359,0.60988942344114,1.589418379290299,1.5459039684996627,1.5771361152633603,-0.5935192026789141,-0.33764192786060904
0.24449994582325357,0.15321557833962174,1.6150120044699134,0.8927360323896893,0.6422325706389302,0.3077426432501181,-0.9827190722923503,1.589418379290299,-0.040289309254967536,1.5771361152633603,-0.5935192026789141,-0.6518735964139912
1.2621896266692618,-0.397180987050762,-1.1399127143281094,0.8927360323896893,-1.5783789356453435,-1.2900903954316993,1.5654545208812343,-1.2895281190468464,0.9114266573978106,-0.6340606814605939,1.684865452518453,-0.023410259307226837
0.8805559963520088,-0.5537285365468685,-1.3903604160370207,0.8927360323896893,0.6422325706389302,1.5860090741955721,-1.3012407714390484,-0.3298792862677979,0.2769493462959585,-0.6340606814605939,1.684865452518453,0.6050530777995375
-1.282034575445759,-1.6412198142512375,1.114116601052091,0.8927360323896893,-0.30945807491147276,0.6273092509864816,1.5654545208812343,1.269535435030616,0.2769493462959585,1.5771361152633603,-0.5935192026789141,1.2335164149063018
-1.282034575445759,1.1297304047554033,-0.1381219074924647,-1.458115929136813,-0.6266882900949404,0.3077426432501181,1.5654545208812343,-1.2895281190468464,-1.3092439314586717,-0.6340606814605939,-0.5935192026789141,1.2335164149063018
0.11728873571750253,0.6249862728705842,0.86366889934318,-0.2826899483735619,1.2766930010058655,0.9468758587228451,0.29136772429444197,-1.609411063306529,0.2769493462959585,-0.6340606814605939,-0.5935192026789141,-0.6518735964139912
1.0077672064577599,1.1514922384838238,0.3627734959253576,-1.458115929136813,-0.30945807491147276,-0.9705237876953359,-0.6641973731456523,-1.609411063306529,-0.6747666203568196,-0.6340606814605939,1.684865452518453,-0.33764192786060904
0.24449994582325357,1.2232292934801532,1.114116601052091,-0.8704029387551875,-0.30945807491147276,-0.6509571799589724,1.2469328217345361,1.589418379290299,0.2769493462959585,1.5771361152633603,-0.5935192026789141,-0.33764192786060904
-0.7731897350227547,1.2111299280354642,1.6150120044699134,1.480449022771315,0.9594627858223979,-0.011823964486245425,1.2469328217345361,-0.9696451747871635,-1.3092439314586717,-0.6340606814605939,-0.5935192026789141,-0.6518735964139912
0.6261335761405067,-0.13610954667303932,-0.1381219074924647,-1.458115929136813,-1.5783789356453435,-1.6096570031680628,-0.9827190722923503,-0.3298792862677979,-0.35752796480589355,-0.6340606814605939,-0.5935192026789141,0.29082140924615535
1.516612046880764,0.5900562185119442,-0.1381219074924647,0.8927360323896893,-1.2611487204618759,-0.6509571799589724,-0.6641973731456523,0.9496524907709334,-0.35752796480589355,1.5771361152633603,-0.5935192026789141,0.6050530777995375
-1.282034575445759,0.7169866566517549,1.3645643027610024,0.8927360323896893,0.3250023554554625,-0.9705237876953359,-1.3012407714390484,1.269535435030616,1.2286653129487366,1.5771361152633603,-0.5935192026789141,-1.5945686020741379
-0.5187673148112526,0.2716791427200886,0.86366889934318,-0.8704029387551875,0.007772140271994877,0.3077426432501181,-0.9827190722923503,0.6297695465112505,1.5459039684996627,-0.6340606814605939,-0.5935192026789141,-0.6518735964139912
1.516612046880764,0.005126822943175124,-1.1399127143281094,0.3050230420080638,-0.30945807491147276,-0.6509571799589724,1.5654545208812343,1.269535435030616,1.2286653129487366,1.5771361152633603,-0.5935192026789141,-0.9661052649673734
-1.0276121552342568,0.29181173446296654,0.11232579421644646,-0.2826899483735619,0.3250023554554625,0.3077426432501181,1.2469328217345361,0.6297695465112505,-0.6747666203568196,-0.6340606814605939,-0.5935192026789141,1.2335164149063018
-0.2643448945997506,-1.1500743614042541,1.114116601052091,-0.2826899483735619,-1.2611487204618759,1.5860090741955721,0.9284111225878381,1.269535435030616,-1.6264825870095976,1.5771361152633603,-0.5935192026789141,-0.9661052649673734
-1.536456995657261,1.282349980366568,-1.1399127143281094,1.480449022771315,0.9594627858223979,0.3077426432501181,0.9284111225878381,-0.9696451747871635,-0.040289309254967536,-0.6340606814605939,-0.5935192026789141,0.9192847463529197
0.49892236603475565,-1.6653706104739554,1.6150120044699134,0.3050230420080638,0.9594627858223979,1.2664424664592087,1.2469328217345361,1.589418379290299,-0.040289309254967536,-0.6340606814605939,1.684865452518453,1.5477480834596842
-0.6459785249170037,-1.0231988460123684,-0.3885696092013759,0.8927360323896893,1.2766930010058655,0.9468758587228451,-0.9827190722923503,1.589418379290299,1.2286653129487366,1.5771361152633603,-0.5935192026789141,-1.5945686020741379
0.24449994582325357,0.6997920350177269,-1.1399127143281094,-0.2826899483735619,-1.5783789356453435,-0.3313905722226089,1.5654545208812343,1.269535435030616,0.9114266573978106,-0.6340606814605939,-0.5935192026789141,-0.9661052649673734
0.11728873571750253,0.848231766295746,-0.639017310910287,1.480449022771315,-0.9439185052784081,0.6273092509864816,0.29136772429444197,-0.009996342008115089,0.9114266573978106,-0.6340606814605939,1.684865452518453,1.2335164149063018
-1.282034575445759,-0.5280234402584666,0.3627734959253576,-0.2826899483735619,-0.30945807491147276,0.9468758587228451,1.2469328217345361,-0.6497622305274807,-0.9920052759077457,-0.6340606814605939,-0.5935192026789141,-1.5945686020741379
-0.2643448945997506,-0.7037239795770197,-1.3903604160370207,-0.8704029387551875,-1.5783789356453435,-0.9705237876953359,-0.027153974852256096,0.3098866022515677,1.5459039684996627,1.5771361152633603,-0.5935192026789141,-1.2803369335207555
1.1349784165635108,-1.1079168927826784,-0.1381219074924647,1.480449022771315,-0.9439185052784081,-1.2900903954316993,-0.027153974852256096,1.589418379290299,0.2769493462959585,-0.6340606814605939,1.684865452518453,-1.5945686020741379
-1.282034575445759,0.8408832539885238,0.3627734959253576,0.3050230420080638,-1.2611487204618759,-0.011823964486245425,-1.6197624705857465,0.3098866022515677,-0.9920052759077457,-0.6340606814605939,-0.5935192026789141,0.29082140924615535
1.3894008367750128,-0.6556042258300918,0.3627734959253576,-0.8704029387551875,-1.5783789356453435,1.2664424664592087,-1.3012407714390484,-1.609411063306529,1.2286653129487366,1.5771361152633603,-0.5935192026789141,-0.9661052649673734
1.2621896266692618,1.1386654480618579,0.3627734959253576,0.8927360323896893,-0.30945807491147276,0.9468758587228451,-1.6197624705857465,0.6297695465112505,-0.6747666203568196,-0.6340606814605939,-0.5935192026789141,-1.5945686020741379
-1.40924578555151,1.4485923405230032,-0.1381219074924647,-0.8704029387551875,0.3250023554554625,-1.6096570031680628,-1.6197624705857465,0.3098866022515677,-1.3092439314586717,-0.6340606814605939,-0.5935192026789141,1.5477480834596842
-0.6459785249170037,0.9137230727864857,-0.639017310910287,0.8927360323896893,0.007772140271994877,-0.9705237876953359,1.2469328217345361,1.589418379290299,0.2769493462959585,-0.6340606814605939,-0.5935192026789141,0.9192847463529197
0.7533447862462577,0.18205614918668778,1.114116601052091,-0.2826899483735619,-0.6266882900949404,-0.9705237876953359,-1.6197624705857465,-0.3298792862677979,0.5941880018468845,-0.6340606814605939,-0.5935192026789141,1.5477480834596842
0.3717111559290046,0.15889969315277153,-0.639017310910287,-0.2826899483735619,0.6422325706389302,-0.6509571799589724,-0.9827190722923503,1.589418379290299,-0.6747666203568196,-0.6340606814605939,-0.5935192026789141,-0.6518735964139912
1.1349784165635108,1.0424475306400403,0.3627734959253576,0.3050230420080638,1.593923216189333,-0.011823964486245425,-0.027153974852256096,0.9496524907709334,0.2769493462959585,1.5771361152633603,-0.5935192026789141,-0.33764192786060904
-0.9004009451285058,0.01773446017100728,-0.639017310910287,-0.8704029387551875,-1.2611487204618759,-1.6096570031680628,1.2469328217345361,1.269535435030616,-1.3092439314586717,1.5771361152633603,-0.5935192026789141,-1.2803369335207555
-1.6636682057630119,-1.3000519097229153,-1.6408081177459317,-1.458115929136813,0.9594627858223979,0.9468758587228451,-0.9827190722923503,-1.609411063306529,-0.040289309254967536,-0.6340606814605939,-0.5935192026789141,-0.023410259307226837
0.6261335761405067,0.15947900618688998,1.3645643027610024,-0.8704029387551875,-1.2611487204618759,-1.6096570031680628,-1.6197624705857465,1.269535435030616,-1.3092439314586717,-0.6340606814605939,-0.5935192026789141,-0.6518735964139912
-0.009922474388248505,0.17191488446916522,-0.1381219074924647,-1.458115929136813,0.007772140271994877,0.6273092509864816,0.60988942344114,-0.9696451747871635,-1.3092439314586717,1.5771361152633603,-0.5935192026789141,-0.9661052649673734
-1.0276121552342568,0.43264591975885164,1.114116601052091,0.3050230420080638,0.3250023554554625,0.6273092509864816,-0.027153974852256096,0.3098866022515677,-0.6747666203568196,-0.6340606814605939,1.684865452518453,0.9192847463529197
-0.6459785249170037,0.6977548846971289,-1.3903604160370207,-1.458115929136813,-1.2611487204618759,0.9468758587228451,-0.027153974852256096,-0.9696451747871635,-1.3092439314586717,-0.6340606814605939,-0.5935192026789141,1.2335164149063018
-1.1548233653400077,-0.45921295503113174,0.6132211976342689,-0.8704029387551875,-0.9439185052784081,-1.6096570031680628,1.2469328217345361,-0.009996342008115089,-0.6747666203568196,-0.6340606814605939,1.684865452518453,-0.023410259307226837
1.3894008367750128,1.6854167151708699,-1.6408081177459317,0.8927360323896893,0.9594627858223979,-0.011823964486245425,1.2469328217345361,1.589418379290299,-0.6747666203568196,-0.6340606814605939,1.684865452518453,1.2335164149063018
-1.40924578555151,0.025421562386773504,0.3627734959253576,-0.8704029387551875,-0.9439185052784081,1.2664424664592087,1.2469328217345361,1.269535435030616,1.2286653129487366,1.5771361152633603,-0.5935192026789141,-0.023410259307226837
-0.2643448945997506,-0.015033783644443223,-0.639017310910287,0.8927360323896893,-0.30945807491147276,0.9468758587228451,-1.6197624705857465,1.269535435030616,0.2769493462959585,-0.6340606814605939,-0.5935192026789141,-0.33764192786060904
-1.282034575445759,1.5249406086304884,0.3627734959253576,-0.8704029387551875,-0.9439185052784081,0.3077426432501181,0.60988942344114,-0.3298792862677979,-1.6264825870095976,-0.6340606814605939,-0.5935192026789141,-1.5945686020741379
-0.9004009451285058,-0.2251657248698991,0.3627734959253576,1.480449022771315,-0.9439185052784081,0.9468758587228451,1.2469328217345361,1.589418379290299,-0.35752796480589355,-0.6340606814605939,-0.5935192026789141,-0.33764192786060904
-0.2643448945997506,0.7940772852926645,-0.8894650126191982,-0.2826899483735619,-0.9439185052784081,-0.011823964486245425,-1.6197624705857465,-0.6497622305274807,0.2769493462959585,-0.6340606814605939,-0.5935192026789141,-0.33764192786060904
-1.1548233653400077,-0.03116061142111969,-1.1399127143281094,1.480449022771315,0.3250023554554625,0.3077426432501181,1.5654545208812343,-0.009996342008115089,1.2286653129487366,-0.6340606814605939,-0.5935192026789141,-0.9661052649673734
1.1349784165635108,0.070583328235472,-0.3885696092013759,1.480449022771315,-0.30945807491147276,-0.3313905722226089,-1.6197624705857465,-0.009996342008115089,-0.9920052759077457,-0.6340606814605939,-0.5935192026789141,0.29082140924615535
-0.13713368449399954,-1.6153027368548172,-1.1399127143281094,1.480449022771315,-1.2611487204618759,0.9468758587228451,0.9284111225878381,-0.9696451747871635,0.2769493462959585,-0.6340606814605939,-0.5935192026789141,-0.023410259307226837
0.6261335761405067,-0.22414532971766535,1.6150120044699134,1.480449022771315,-1.5783789356453435,0.6273092509864816,-0.6641973731456523,-0.009996342008115089,-1.3092439314586717,1.5771361152633603,-0.5935192026789141,0.6050530777995375
1.2621896266692618,-1.6671716051336265,-0.3885696092013759,-1.458115929136813,1.2766930010058655,-0.3313905722226089,-1.6197624705857465,-1.2895281190468464,-1.3092439314586717,-0.6340606814605939,-0.5935192026789141,1.2335164149063018
-1.40924578555151,1.0467268193552015,-0.3885696092013759,0.8927360323896893,0.9594627858223979,-0.3313905722226089,0.9284111225878381,0.3098866022515677,-1.3092439314586717,1.5771361152633603,-0.5935192026789141,-0.33764192786060904
-1.536456995657261,0.8574147364514936,1.114116601052091,0.3050230420080638,-1.2611487204618759,1.5860090741955721,-0.6641973731456523,-0.6497622305274807,-0.9920052759077457,-0.6340606814605939,1.684865452518453,1.2335164149063018
-0.7731897350227547,-0.9383476897352302,0.11232579421644646,0.8927360323896893,-1.5783789356453435,-0.3313905722226089,1.5654545208812343,1.269535435030616,0.5941880018468845,-0.6340606814605939,-0.5935192026789141,-0.023410259307226837
1.516612046880764,1.6293671722709782,-1.3903604160370207,-1.458115929136813,-0.6266882900949404,1.5860090741955721,0.29136772429444197,1.589418379290299,-1.3092439314586717,-0.6340606814605939,-0.5935192026789141,-0.9661052649673734
0.7533447862462577,-1.1309604235689854,-1.6408081177459317,-0.2826899483735619,-1.5783789356453435,-0.3313905722226089,-0.6641973731456523,-0.009996342008115089,-1.6264825870095976,-0.6340606814605939,1.684865452518453,-1.2803369335207555
1.2621896266692618,-1.2271248264634607,1.114116601052091,-0.2826899483735619,0.9594627858223979,-0.6509571799589724,1.2469328217345361,-0.6497622305274807,1.2286653129487366,-0.6340606814605939,-0.5935192026789141,-1.5945686020741379
1.516612046880764,0.5372371833283717,-1.6408081177459317,0.3050230420080638,0.3250023554554625,-0.6509571799589724,1.2469328217345361,1.269535435030616,1.5459039684996627,-0.6340606814605939,-0.5935192026789141,-0.9661052649673734
0.3717111559290046,0.40404797985616403,0.11232579421644646,-1.458115929136813,-0.6266882900949404,0.3077426432501181,0.9284111225878381,-0.9696451747871635,1.2286653129487366,1.5771361152633603,-0.5935192026789141,-0.6518735964139912
-0.6459785249170037,0.7928276875351907,0.11232579421644646,-0.8704029387551875,0.9594627858223979,-0.3313905722226089,0.9284111225878381,-0.3298792862677979,0.9114266573978106,1.5771361152633603,-0.5935192026789141,-0.9661052649673734
0.49892236603475565,0.5426653299334525,-1.3903604160370207,0.8927360323896893,0.6422325706389302,-0.011823964486245425,0.9284111225878381,-0.6497622305274807,-1.6264825870095976,1.5771361152633603,-0.5935192026789141,-0.33764192786060904
0.49892236603475565,1.0567870879626196,-0.639017310910287,-0.8704029387551875,-1.2611487204618759,0.9468758587228451,0.29136772429444197,0.3098866022515677,-0.040289309254967536,-0.6340606814605939,1.684865452518453,0.9192847463529197
0.11728873571750253,-0.35576557580118984,-0.1381219074924647,-1.458115929136813,1.2766930010058655,-1.2900903954316993,1.2469328217345361,-0.9696451747871635,1.2286653129487366,-0.6340606814605939,1.684865452518453,1.2335164149063018
0.49892236603475565,-0.5757652933494092,0.11232579421644646,1.480449022771315,-1.2611487204618759,0.6273092509864816,-0.6641973731456523,-0.9696451747871635,1.5459039684996627,-0.6340606814605939,-0.5935192026789141,0.9192847463529197
-0.3915561047055016,1.348030814988527,-0.3885696092013759,-0.2826899483735619,1.593923216189333,-0.9705237876953359,-1.6197624705857465,0.3098866022515677,0.2769493462959585,1.5771361152633603,1.684865452518453,0.29082140924615535
1.2621896266692618,0.11778506954096167,0.11232579421644646,1.480449022771315,0.3250023554554625,1.2664424664592087,-0.9827190722923503,1.269535435030616,-0.6747666203568196,-0.6340606814605939,-0.5935192026789141,1.2335164149063018
1.2621896266692618,0.9436543870550881,-0.8894650126191982,1.480449022771315,-1.2611487204618759,0.6273092509864816,0.29136772429444197,-1.609411063306529,-0.6747666203568196,-0.6340606814605939,1.684865452518453,-0.023410259307226837
1.3894008367750128,0.24119317250753763,-0.639017310910287,-1.458115929136813,1.2766930010058655,0.6273092509864816,-1.3012407714390484,-1.2895281190468464,-0.9920052759077457,-0.6340606814605939,-0.5935192026789141,0.29082140924615535
-0.7731897350227547,0.045915973253706485,0.6132211976342689,-1.458115929136813,0.007772140271994877,-0.011823964486245425,1.2469328217345361,-0.3298792862677979,-1.3092439314586717,-0.6340606814605939,-0.5935192026789141,0.29082140924615535
-1.282034575445759,-0.6669386076951604,1.6150120044699134,0.8927360323896893,-0.30945807491147276,-0.6509571799589724,0.60988942344114,1.269535435030616,-0.35752796480589355,-0.6340606814605939,1.684865452518453,-1.2803369335207555
-0.7731897350227547,1.061798409388002,-0.639017310910287,-1.458115929136813,-0.30945807491147276,-0.011823964486245425,0.9284111225878381,0.6297695465112505,0.5941880018468845,-0.6340606814605939,-0.5935192026789141,-1.5945686020741379
0.8805559963520088,-0.262294262906999,0.6132211976342689,-0.8704029387551875,0.007772140271994877,-1.6096570031680628,0.29136772429444197,-1.609411063306529,-1.6264825870095976,1.5771361152633603,-0.5935192026789141,-0.33764192786060904
-0.13713368449399954,-1.325926633523554,0.11232579421644646,0.8927360323896893,-1.5783789356453435,-0.011823964486245425,1.2469328217345361,0.9496524907709334,0.9114266573978106,-0.6340606814605939,-0.5935192026789141,-0.9661052649673734
1.3894008367750128,0.7592358569511131,1.114116601052091,-0.8704029387551875,0.9594627858223979,-0.3313905722226089,-0.9827190722923503,1.269535435030616,-1.6264825870095976,-0.6340606814605939,1.684865452518453,-0.33764192786060904
-1.282034575445759,1.6700204900380264,0.11232579421644646,0.8927360323896893,1.2766930010058655,0.9468758587228451,0.29136772429444197,-0.6497622305274807,0.2769493462959585,-0.6340606814605939,-0.5935192026789141,-0.023410259307226837
-0.3915561047055016,-0.531437657332709,-0.3885696092013759,-0.8704029387551875,-0.6266882900949404,-0.6509571799589724,1.5654545208812343,0.9496524907709334,0.9114266573978106,1.5771361152633603,-0.5935192026789141,-0.6518735964139912
-1.6636682057630119,-0.8073357248939911,-1.1399127143281094,-1.458115929136813,0.3250023554554625,1.2664424664592087,-0.34567567399895416,-1.2895281190468464,1.5459039684996627,1.5771361152633603,-0.5935192026789141,0.6050530777995375
1.516612046880764,-0.44710406668453195,0.3627734959253576,-0.8704029387551875,-1.5783789356453435,-1.2900903954316993,-0.34567567399895416,-0.3298792862677979,-0.35752796480589355,1.5771361152633603,1.684865452518453,-0.33764192786060904
1.3894008367750128,0.4763327401113021,-0.8894650126191982,0.8927360323896893,0.6422325706389302,-0.9705237876953359,1.5654545208812343,0.9496524907709334,1.5459039684996627,-0.6340606814605939,-0.5935192026789141,-1.5945686020741379
-1.1548233653400077,1.3897437615272328,-0.639017310910287,0.8927360323896893,-0.6266882900949404,1.5860090741955721,-0.027153974852256096,-0.6497622305274807,0.5941880018468845,-0.6340606814605939,1.684865452518453,-0.6518735964139912
1.3894008367750128,-1.5230501276545623,-0.1381219074924647,-0.8704029387551875,1.593923216189333,0.3077426432501181,-1.6197624705857465,1.269535435030616,-1.3092439314586717,-0.6340606814605939,-0.5935192026789141,-0.33764192786060904
-1.6636682057630119,0.9692682347935704,-1.6408081177459317,0.8927360323896893,1.593923216189333,-0.6509571799589724,0.29136772429444197,0.6297695465112505,1.5459039684996627,1.5771361152633603,-0.5935192026789141,-0.9661052649673734
-0.5187673148112526,1.278648585554174,-0.639017310910287,-0.2826899483735619,-1.5783789356453435,-0.3313905722226089,0.29136772429444197,0.3098866022515677,-1.6264825870095976,-0.6340606814605939,-0.5935192026789141,-1.5945686020741379
-0.5187673148112526,0.8567198660432651,1.6150120044699134,-0.2826899483735619,0.6422325706389302,1.5860090741955721,0.29136772429444197,0.3098866022515677,0.5941880018468845,-0.6340606814605939,-0.5935192026789141,-1.2803369335207555
0.7533447862462577,-1.606794388531263,0.3627734959253576,0.8927360323896893,-1.2611487204618759,-1.2900903954316993,-0.027153974852256096,-1.2895281190468464,-0.6747666203568196,-0.6340606814605939,-0.5935192026789141,-0.6518735964139912
-0.009922474388248505,-1.2980804543652376,0.3627734959253576,0.8927360323896893,0.6422325706389302,-0.6509571799589724,0.29136772429444197,-1.609411063306529,0.9114266573978106,1.5771361152633603,-0.5935192026789141,1.5477480834596842
0.8805559963520088,0.8270529259426459,-0.1381219074924647,-0.8704029387551875,0.9594627858223979,0.6273092509864816,1.5654545208812343,-0.3298792862677979,0.2769493462959585,1.5771361152633603,-0.5935192026789141,0.29082140924615535
-0.3915561047055016,0.7826423558889024,-0.3885696092013759,-0.8704029387551875,-0.6266882900949404,-0.6509571799589724,0.29136772429444197,-1.609411063306529,0.2769493462959585,-0.6340606814605939,-0.5935192026789141,-1.5945686020741379
-1.1548233653400077,-0.5282402134849975,0.86366889934318,-0.2826899483735619,0.007772140271994877,1.5860090741955721,0.29136772429444197,-0.009996342008115089,-0.35752796480589355,-0.6340606814605939,-0.5935192026789141,1.5477480834596842
0.7533447862462577,0.033946747587600044,-0.3885696092013759,-1.458115929136813,-1.2611487204618759,-0.9705237876953359,1.2469328217345361,1.269535435030616,0.2769493462959585,-0.6340606814605939,-0.5935192026789141,-1.5945686020741379
0.8805559963520088,1.506439946935424,0.11232579421644646,-0.8704029387551875,1.2766930010058655,-0.9705237876953359,1.2469328217345361,0.6297695465112505,-0.040289309254967536,-0.6340606814605939,-0.5935192026789141,-0.023410259307226837
0.49892236603475565,1.562806842896432,1.6150120044699134,0.8927360323896893,-0.6266882900949404,0.3077426432501181,0.9284111225878381,0.3098866022515677,-0.9920052759077457,-0.6340606814605939,-0.5935192026789141,-0.023410259307226837
1.0077672064577599,-1.5978818207530578,-0.1381219074924647,-1.458115929136813,-0.6266882900949404,-0.6509571799589724,-0.027153974852256096,-1.2895281190468464,0.5941880018468845,-0.6340606814605939,-0.5935192026789141,-1.5945686020741379
1.643823256986515,1.108361670996172,-1.3903604160370207,-0.8704029387551875,-0.9439185052784081,-0.3313905722226089,-1.6197624705857465,-0.3298792862677979,-0.040289309254967536,-0.6340606814605939,1.684865452518453,1.5477480834596842
1.1349784165635108,1.6485843649585183,-0.1381219074924647,1.480449022771315,0.6422325706389302,0.3077426432501181,-0.6641973731456523,-1.609411063306529,0.5941880018468845,-0.6340606814605939,-0.5935192026789141,-0.023410259307226837
0.8805559963520088,0.10867062827398895,-1.6408081177459317,-1.458115929136813,-0.6266882900949404,1.5860090741955721,-1.3012407714390484,-0.9696451747871635,1.5459039684996627,1.5771361152633603,-0.5935192026789141,-0.6518735964139912
-0.9004009451285058,-0.01225598002110528,0.6132211976342689,0.3050230420080638,1.2766930010058655,-0.9705237876953359,1.2469328217345361,0.6297695465112505,-1.3092439314586717,-0.6340606814605939,1.684865452518453,-1.2803369335207555
-0.009922474388248505,0.7944703825099917,-0.8894650126191982,-0.8704029387551875,1.2766930010058655,0.9468758587228451,0.60988942344114,1.269535435030616,-0.040289309254967536,1.5771361152633603,-0.5935192026789141,-0.33764192786060904
-1.6636682057630119,-0.9958933180806734,1.114116601052091,-1.458115929136813,1.2766930010058655,0.6273092509864816,-1.6197624705857465,-0.009996342008115089,-1.3092439314586717,1.5771361152633603,-0.5935192026789141,0.9192847463529197
-1.1548233653400077,0.32160359482045375,-0.1381219074924647,-0.8704029387551875,-1.2611487204618759,-0.9705237876953359,-0.6641973731456523,0.3098866022515677,0.9114266573978106,-0.6340606814605939,-0.5935192026789141,0.9192847463529197
0.24449994582325357,1.2539482884528412,-0.639017310910287,0.8927360323896893,0.6422325706389302,-0.011823964486245425,0.9284111225878381,-0.6497622305274807,0.2769493462959585,1.5771361152633603,-0.5935192026789141,1.5477480834596842
-0.7731897350227547,-1.3416263289140986,1.114116601052091,-1.458115929136813,0.6422325706389302,-1.2900903954316993,1.5654545208812343,0.3098866022515677,-0.040289309254967536,1.5771361152633603,-0.5935192026789141,-1.5945686020741379
1.0077672064577599,-0.28710635591098893,-0.639017310910287,0.8927360323896893,-0.30945807491147276,-0.011823964486245425,0.60988942344114,0.3098866022515677,-0.9920052759077457,1.5771361152633603,1.684865452518453,0.9192847463529197
-0.2643448945997506,1.436938159193845,-0.8894650126191982,0.8927360323896893,-1.5783789356453435,-1.2900903954316993,-0.9827190722923503,0.6297695465112505,-1.6264825870095976,1.5771361152633603,1.684865452518453,0.6050530777995375
0.3717111559290046,-0.6107297443617663,0.3627734959253576,-1.458115929136813,1.593923216189333,1.5860090741955721,-1.3012407714390484,-1.2895281190468464,1.5459039684996627,-0.6340606814605939,-0.5935192026789141,0.29082140924615535
1.2621896266692618,-0.1690456150416039,0.11232579421644646,0.3050230420080638,-0.9439185052784081,-0.3313905722226089,0.9284111225878381,0.6297695465112505,0.9114266573978106,1.5771361152633603,-0.5935192026789141,1.5477480834596842
1.1349784165635108,0.462032225547383,-0.639017310910287,-0.2826899483735619,0.9594627858223979,0.6273092509864816,-0.6641973731456523,-0.3298792862677979,-0.9920052759077457,-0.6340606814605939,1.684865452518453,0.9192847463529197
1.516612046880764,1.4051556730744383,1.3645643027610024,-0.8704029387551875,-0.6266882900949404,-1.6096570031680628,-0.34567567399895416,0.6297695465112505,-0.6747666203568196,-0.6340606814605939,1.684865452518453,0.6050530777995375
-1.0276121552342568,1.0217437086245256,0.11232579421644646,-1.458115929136813,1.2766930010058655,0.3077426432501181,1.5654545208812343,0.9496524907709334,0.9114266573978106,-0.6340606814605939,-0.5935192026789141,-0.33764192786060904
1.643823256986515,-0.7262983405955541,0.6132211976342689,-0.8704029387551875,-1.5783789356453435,-1.2900903954316993,1.2469328217345361,-1.609411063306529,0.5941880018468845,-0.6340606814605939,-0.5935192026789141,-0.33764192786060904
-0.13713368449399954,0.02293245455913407,-0.1381219074924647,1.480449022771315,-0.30945807491147276,0.3077426432501181,0.29136772429444197,0.9496524907709334,0.9114266573978106,1.5771361152633603,1.684865452518453,0.6050530777995375
-0.009922474388248505,0.7368285341983281,-1.3903604160370207,1.480449022771315,-0.6266882900949404,-0.9705237876953359,0.9284111225878381,-0.9696451747871635,-0.040289309254967536,-0.6340606814605939,-0.5935192026789141,-1.5945686020741379
-0.2643448945997506,-0.3435904373820246,-0.1381219074924647,-0.2826899483735619,-0.6266882900949404,0.3077426432501181,-1.3012407714390484,-0.6497622305274807,-0.040289309254967536,-0.6340606814605939,-0.5935192026789141,1.5477480834596842
1.643823256986515,-0.4121502822670933,1.114116601052091,-0.2826899483735619,-0.9439185052784081,0.9468758587228451,0.60988942344114,-0.6497622305274807,1.5459039684996627,1.5771361152633603,-0.5935192026789141,0.6050530777995375
0.6261335761405067,-1.6737880565326446,0.3627734959253576,-0.8704029387551875,1.593923216189333,-0.3313905722226089,1.2469328217345361,0.6297695465112505,0.2769493462959585,1.5771361152633603,-0.5935192026789141,-1.2803369335207555
1.2621896266692618,1.3299645726432983,1.114116601052091,-0.2826899483735619,1.593923216189333,1.5860090741955721,-0.6641973731456523,-0.3298792862677979,0.9114266573978106,-0.6340606814605939,1.684865452518453,-0.9661052649673734
-1.1548233653400077,-0.22990517065005045,-1.1399127143281094,-0.2826899483735619,-0.9439185052784081,-0.6509571799589724,1.5654545208812343,0.3098866022515677,-0.6747666203568196,-0.6340606814605939,-0.5935192026789141,0.6050530777995375
0.6261335761405067,-1.537215521105825,-1.3903604160370207,0.3050230420080638,0.007772140271994877,-1.6096570031680628,0.60988942344114,0.3098866022515677,1.2286653129487366,-0.6340606814605939,1.684865452518453,-0.023410259307226837
-0.7731897350227547,-0.38796143025499125,-1.3903604160370207,-1.458115929136813,-0.9439185052784081,0.9468758587228451,-0.6641973731456523,0.3098866022515677,0.5941880018468845,-0.6340606814605939,-0.5935192026789141,1.2335164149063018
0.3717111559290046,-1.022555361737807,-0.3885696092013759,-1.458115929136813,-0.30945807491147276,0.9468758587228451,-0.9827190722923503,-0.9696451747871635,-0.040289309254967536,1.5771361152633603,-0.5935192026789141,0.29082140924615535
-0.3915561047055016,0.4917295413306222,0.3627734959253576,-0.2826899483735619,-0.30945807491147276,-0.9705237876953359,-0.34567567399895416,1.269535435030616,-1.3092439314586717,-0.6340606814605939,1.684865452518453,-1.5945686020741379
-1.6636682057630119,-1.005061866282766,-0.639017310910287,-0.2826899483735619,-0.30945807491147276,0.9468758587228451,-0.027153974852256096,0.3098866022515677,-0.040289309254967536,-0.6340606814605939,-0.5935192026789141,-0.023410259307226837
-1.282034575445759,0.6550835328795169,0.86366889934318,1.480449022771315,0.007772140271994877,0.6273092509864816,1.5654545208812343,-0.6497622305274807,-0.040289309254967536,1.5771361152633603,-0.5935192026789141,-0.33764192786060904
-0.13713368449399954,1.661499852833949,0.11232579421644646,0.8927360323896893,1.2766930010058655,-0.6509571799589724,-0.6641973731456523,0.3098866022515677,0.2769493462959585,-0.6340606814605939,1.684865452518453,0.6050530777995375
-0.6459785249170037,1.5528148019492851,-0.1381219074924647,-0.2826899483735619,-0.9439185052784081,1.5860090741955721,0.60988942344114,-1.2895281190468464,-1.6264825870095976,-0.6340606814605939,-0.5935192026789141,1.5477480834596842
0.24449994582325357,-0.5258920516015758,1.114116601052091,0.3050230420080638,-1.5783789356453435,1.2664424664592087,1.2469328217345361,-0.9696451747871635,1.2286653129487366,1.5771361152633603,-0.5935192026789141,-1.5945686020741379
-0.2643448945997506,-0.8784335631111544,-0.1381219074924647,0.3050230420080638,-0.30945807491147276,1.2664424664592087,-1.3012407714390484,1.589418379290299,-0.9920052759077457,-0.6340606814605939,1.684865452518453,-0.023410259307226837
-0.5187673148112526,0.37334374603564546,-1.1399127143281094,-0.2826899483735619,-1.2611487204618759,-0.6509571799589724,-0.9827190722923503,-0.009996342008115089,-0.9920052759077457,1.5771361152633603,-0.5935192026789141,-1.2803369335207555
-0.009922474388248505,-0.11547606495258218,0.3627734959253576,0.8927360323896893,-1.2611487204618759,-1.2900903954316993,0.29136772429444197,-0.9696451747871635,-0.040289309254967536,-0.6340606814605939,1.684865452518453,1.5477480834596842
-1.6636682057630119,-0.11134701444413948,1.3645643027610024,0.8927360323896893,-0.6266882900949404,0.9468758587228451,-1.6197624705857465,0.3098866022515677,0.2769493462959585,-0.6340606814605939,1.684865452518453,1.5477480834596842
0.11728873571750253,-0.14563017731766692,1.6150120044699134,0.3050230420080638,-0.30945807491147276,-1.2900903954316993,1.2469328217345361,0.3098866022515677,0.2769493462959585,-0.6340606814605939,-0.5935192026789141,0.9192847463529197
1.643823256986515,-0.7472871442116841,-0.639017310910287,1.480449022771315,-0.30945807491147276,0.3077426432501181,-1.6197624705857465,-1.2895281190468464,-1.3092439314586717,-0.6340606814605939,-0.5935192026789141,0.9192847463529197
0.3717111559290046,1.2409056447874762,0.11232579421644646,1.480449022771315,-0.6266882900949404,0.9468758587228451,1.2469328217345361,-0.6497622305274807,-0.040289309254967536,-0.6340606814605939,-0.5935192026789141,0.9192847463529197
-1.40924578555151,0.5303825198201986,0.6132211976342689,0.8927360323896893,-0.6266882900949404,-0.3313905722226089,-1.3012407714390484,-0.6497622305274807,0.5941880018468845,-0.6340606814605939,-0.5935192026789141,-1.2803369335207555
-0.009922474388248505,-1.1001071258127748,-1.6408081177459317,1.480449022771315,0.007772140271994877,-0.011823964486245425,0.9284111225878381,0.3098866022515677,0.9114266573978106,-0.6340606814605939,-0.5935192026789141,1.5477480834596842
-0.5187673148112526,-0.4519352108374585,-1.6408081177459317,0.3050230420080638,-0.30945807491147276,-0.011823964486245425,-1.6197624705857465,0.6297695465112505,-0.040289309254967536,-0.6340606814605939,-0.5935192026789141,-0.33764192786060904
1.516612046880764,1.395329230067745,-0.3885696092013759,-0.8704029387551875,0.6422325706389302,1.5860090741955721,1.5654545208812343,1.269535435030616,0.9114266573978106,-0.6340606814605939,-0.5935192026789141,0.9192847463529197
1.1349784165635108,-1.2793547319143137,1.114116601052091,-0.8704029387551875,0.6422325706389302,-1.6096570031680628,-1.6197624705857465,0.6297695465112505,-1.6264825870095976,-0.6340606814605939,1.684865452518453,-1.5945686020741379
1.1349784165635108,-0.9793365219591301,-0.1381219074924647,-0.2826899483735619,1.593923216189333,0.6273092509864816,-0.9827190722923503,-0.009996342008115089,-1.3092439314586717,-0.6340606814605939,-0.5935192026789141,1.2335164149063018
0.6261335761405067,-1.23221864960069,-1.1399127143281094,-1.458115929136813,-0.6266882900949404,0.6273092509864816,0.60988942344114,-1.2895281190468464,0.2769493462959585,-0.6340606814605939,1.684865452518453,0.9192847463529197
-0.3915561047055016,-1.0378039681021574,-1.3903604160370207,-0.8704029387551875,-0.30945807491147276,-0.011823964486245425,-0.6641973731456523,0.9496524907709334,0.9114266573978106,-0.6340606814605939,-0.5935192026789141,-0.023410259307226837
-1.0276121552342568,-1.5760989368469207,-1.6408081177459317,-0.2826899483735619,-1.5783789356453435,-1.6096570031680628,-0.9827190722923503,-0.009996342008115089,0.2769493462959585,-0.6340606814605939,-0.5935192026789141,-0.9661052649673734
-0.2643448945997506,-1.736851931495345,-0.3885696092013759,-0.8704029387551875,-0.9439185052784081,-0.9705237876953359,0.9284111225878381,-0.3298792862677979,0.5941880018468845,1.5771361152633603,1.684865452518453,-0.6518735964139912
-1.282034575445759,0.7205420144555996,-0.8894650126191982,-0.2826899483735619,1.2766930010058655,-1.2900903954316993,-1.6197624705857465,1.269535435030616,0.9114266573978106,-0.6340606814605939,-0.5935192026789141,-0.9661052649673734
1.2621896266692618,0.7851584082917276,-1.1399127143281094,-0.2826899483735619,1.593923216189333,1.5860090741955721,-0.027153974852256096,0.9496524907709334,0.5941880018468845,-0.6340606814605939,-0.5935192026789141,-1.2803369335207555
-1.6636682057630119,-0.04283452289424441,-1.1399127143281094,0.8927360323896893,0.9594627858223979,0.9468758587228451,0.60988942344114,0.3098866022515677,1.2286653129487366,-0.6340606814605939,-0.5935192026789141,1.5477480834596842
-0.3915561047055016,-1.4785438222445113,0.86366889934318,0.3050230420080638,0.007772140271994877,0.6273092509864816,1.2469328217345361,0.6297695465112505,-0.9920052759077457,1.5771361152633603,-0.5935192026789141,-0.6518735964139912
-0.5187673148112526,0.465768866972714,0.6132211976342689,0.3050230420080638,0.3250023554554625,-0.6509571799589724,1.2469328217345361,0.6297695465112505,1.5459039684996627,-0.6340606814605939,-0.5935192026789141,-0.33764192786060904
-1.6636682057630119,0.7760147987659731,1.3645643027610024,-0.8704029387551875,-0.30945807491147276,1.5860090741955721,1.5654545208812343,-0.009996342008115089,1.2286653129487366,-0.6340606814605939,1.684865452518453,-0.9661052649673734
-1.1548233653400077,-0.34322694616961136,-0.8894650126191982,1.480449022771315,1.2766930010058655,0.6273092509864816,-0.6641973731456523,-0.9696451747871635,-0.040289309254967536,-0.6340606814605939,-0.5935192026789141,1.5477480834596842
-0.6459785249170037,-0.8558266093521543,-0.8894650126191982,1.480449022771315,0.007772140271994877,-1.2900903954316993,1.2469328217345361,-0.009996342008115089,-0.6747666203568196,-0.6340606814605939,1.684865452518453,-0.6518735964139912
0.11728873571750253,-1.430173030044215,0.6132211976342689,-0.2826899483735619,1.2766930010058655,0.3077426432501181,-0.9827190722923503,1.269535435030616,-1.3092439314586717,1.5771361152633603,-0.5935192026789141,-0.023410259307226837
-1.1548233653400077,-1.2542697104951013,0.3627734959253576,-1.458115929136813,0.9594627858223979,-0.3313905722226089,1.2469328217345361,-1.609411063306529,1.5459039684996627,-0.6340606814605939,-0.5935192026789141,0.9192847463529197
0.7533447862462577,-0.563677236938256,-0.1381219074924647,-0.8704029387551875,0.007772140271994877,-1.6096570031680628,-1.6197624705857465,-0.6497622305274807,-1.3092439314586717,-0.6340606814605939,1.684865452518453,-1.5945686020741379
1.2621896266692618,0.7334013611459017,-1.3903604160370207,0.3050230420080638,0.3250023554554625,-0.9705237876953359,1.5654545208812343,-0.3298792862677979,0.2769493462959585,1.5771361152633603,-0.5935192026789141,1.5477480834596842
-0.7731897350227547,-1.3536762819303196,0.11232579421644646,0.8927360323896893,-0.6266882900949404,-1.2900903954316993,-1.3012407714390484,0.9496524907709334,1.2286653129487366,-0.6340606814605939,-0.5935192026789141,-1.5945686020741379
-1.536456995657261,-0.9622422461345898,1.6150120044699134,-0.8704029387551875,-1.5783789356453435,-0.011823964486245425,-0.9827190722923503,-0.009996342008115089,0.9114266573978106,-0.6340606814605939,-0.5935192026789141,1.2335164149063018
0.49892236603475565,1.4396057580278738,0.86366889934318,1.480449022771315,0.6422325706389302,0.3077426432501181,0.60988942344114,-0.9696451747871635,0.9114266573978106,-0.6340606814605939,1.684865452518453,-1.2803369335207555
-1.282034575445759,0.03935947842279725,1.114116601052091,0.3050230420080638,-0.6266882900949404,0.6273092509864816,-0.9827190722923503,-1.2895281190468464,-1.6264825870095976,1.5771361152633603,-0.5935192026789141,-0.9661052649673734
-0.9004009451285058,-0.6095891242823265,-1.3903604160370207,1.480449022771315,-0.6266882900949404,-0.011823964486245425,1.5654545208812343,-1.2895281190468464,-0.35752796480589355,1.5771361152633603,-0.5935192026789141,-0.33764192786060904
0.7533447862462577,-1.3417658470619176,1.3645643027610024,0.3050230420080638,1.2766930010058655,0.6273092509864816,-1.6197624705857465,-1.609411063306529,1.2286653129487366,-0.6340606814605939,1.684865452518453,-0.9661052649673734
0.49892236603475565,0.9145315562703941,-0.3885696092013759,-1.458115929136813,0.9594627858223979,-0.6509571799589724,-1.3012407714390484,0.6297695465112505,1.5459039684996627,-0.6340606814605939,-0.5935192026789141,1.2335164149063018
1.516612046880764,1.4606335802232937,1.6150120044699134,1.480449022771315,1.2766930010058655,1.2664424664592087,-0.027153974852256096,1.589418379290299,-1.3092439314586717,1.5771361152633603,-0.5935192026789141,-0.9661052649673734
-1.6636682057630119,0.9341479210820212,-0.3885696092013759,-0.2826899483735619,1.2766930010058655,-1.6096570031680628,-0.027153974852256096,-0.009996342008115089,0.9114266573978106,-0.6340606814605939,-0.5935192026789141,1.5477480834596842
-1.1548233653400077,0.4582371558909678,-0.3885696092013759,-1.458115929136813,-0.30945807491147276,-1.6096570031680628,-0.6641973731456523,1.589418379290299,1.5459039684996627,-0.6340606814605939,-0.5935192026789141,-0.023410259307226837
0.7533447862462577,0.7801146046440749,0.86366889934318,0.8927360323896893,-0.9439185052784081,0.3077426432501181,0.29136772429444197,1.589418379290299,0.9114266573978106,-0.6340606814605939,-0.5935192026789141,-1.5945686020741379
1.3894008367750128,1.3696275114173406,-0.1381219074924647,-0.8704029387551875,-1.5783789356453435,0.6273092509864816,-1.3012407714390484,-0.9696451747871635,0.5941880018468845,-0.6340606814605939,-0.5935192026789141,0.6050530777995375
-1.282034575445759,0.9544487363445053,0.3627734959253576,-0.8704029387551875,0.007772140271994877,0.3077426432501181,1.5654545208812343,-0.9696451747871635,-1.6264825870095976,1.5771361152633603,1.684865452518453,-0.9661052649673734
-0.009922474388248505,0.31175331084078506,0.11232579421644646,-0.8704029387551875,-0.9439185052784081,-0.9705237876953359,-0.6641973731456523,0.6297695465112505,-1.3092439314586717,1.5771361152633603,-0.5935192026789141,1.2335164149063018
0.6261335761405067,0.4938677688984969,-1.1399127143281094,0.3050230420080638,-1.2611487204618759,-0.3313905722226089,-0.34567567399895416,-0.3298792862677979,-0.040289309254967536,-0.6340606814605939,-0.5935192026789141,-1.2803369335207555
-1.0276121552342568,0.2224738713116404,-1.1399127143281094,1.480449022771315,0.9594627858223979,0.3077426432501181,-1.6197624705857465,0.3098866022515677,1.2286653129487366,-0.6340606814605939,1.684865452518453,-0.023410259307226837
-0.6459785249170037,0.938047761264261,0.11232579421644646,0.3050230420080638,1.2766930010058655,0.9468758587228451,0.9284111225878381,-0.9696451747871635,1.2286653129487366,-0.6340606814605939,-0.5935192026789141,1.2335164149063018
-0.6459785249170037,0.21788779768463343,-1.3903604160370207,0.8927360323896893,1.2766930010058655,0.9468758587228451,-0.34567567399895416,-1.2895281190468464,-0.9920052759077457,1.5771361152633603,1.684865452518453,0.9192847463529197
0.11728873571750253,0.40776022333950196,1.6150120044699134,-0.2826899483735619,-0.9439185052784081,1.5860090741955721,-0.34567567399895416,0.6297695465112505,0.5941880018468845,1.5771361152633603,-0.5935192026789141,-0.6518735964139912
1.516612046880764,-1.6875893867213754,0.86366889934318,1.480449022771315,0.6422325706389302,-1.6096570031680628,1.5654545208812343,-0.009996342008115089,-0.040289309254967536,1.5771361152633603,-0.5935192026789141,1.5477480834596842
0.24449994582325357,1.3560094241398866,-0.3885696092013759,-0.2826899483735619,0.007772140271994877,0.9468758587228451,1.2469328217345361,1.589418379290299,0.9114266573978106,-0.6340606814605939,-0.5935192026789141,0.29082140924615535
-0.2643448945997506,-0.30281274477408227,0.86366889934318,-1.458115929136813,-1.5783789356453435,-0.3313905722226089,-0.34567567399895416,-1.2895281190468464,1.5459039684996627,-0.6340606814605939,-0.5935192026789141,-0.6518735964139912
-1.282034575445759,-0.7160392727302589,-0.8894650126191982,0.8927360323896893,0.9594627858223979,-1.2900903954316993,0.29136772429444197,1.589418379290299,-1.6264825870095976,-0.6340606814605939,1.684865452518453,0.29082140924615535
-1.6636682057630119,0.8989921915706904,1.114116601052091,0.8927360323896893,0.007772140271994877,-0.011823964486245425,-0.34567567399895416,0.3098866022515677,-1.6264825870095976,-0.6340606814605939,1.684865452518453,-0.9661052649673734
-1.536456995657261,0.10650181456043982,-0.8894650126191982,0.3050230420080638,0.007772140271994877,-1.6096570031680628,1.5654545208812343,1.269535435030616,-0.040289309254967536,1.5771361152633603,-0.5935192026789141,-1.2803369335207555
1.3894008367750128,0.6980431614184641,1.3645643027610024,-0.8704029387551875,-0.9439185052784081,-0.6509571799589724,-0.6641973731456523,1.269535435030616,-0.35752796480589355,1.5771361152633603,-0.5935192026789141,-0.023410259307226837
-1.282034575445759,0.6781235726510421,0.3627734959253576,-0.8704029387551875,-0.9439185052784081,-0.011823964486245425,1.2469328217345361,0.9496524907709334,-0.35752796480589355,-0.6340606814605939,-0.5935192026789141,-1.2803369335207555
1.1349784165635108,1.0822042227553468,1.114116601052091,-0.2826899483735619,1.593923216189333,0.9468758587228451,-1.6197624705857465,-0.9696451747871635,-0.9920052759077457,-0.6340606814605939,-0.5935192026789141,-0.6518735964139912
0.3717111559290046,-0.8614437672800985,-0.3885696092013759,-0.2826899483735619,0.6422325706389302,-0.9705237876953359,-0.9827190722923503,-0.6497622305274807,0.2769493462959585,-0.6340606814605939,-0.5935192026789141,0.29082140924615535
1.516612046880764,-1.4102849716106862,-1.1399127143281094,0.8927360323896893,0.9594627858223979,-1.6096570031680628,-0.9827190722923503,-0.3298792862677979,-0.35752796480589355,-0.6340606814605939,-0.5935192026789141,1.5477480834596842
1.516612046880764,0.01315201805104178,0.3627734959253576,0.3050230420080638,-1.2611487204618759,1.2664424664592087,1.5654545208812343,-0.3298792862677979,1.5459039684996627,-0.6340606814605939,-0.5935192026789141,-1.5945686020741379
0.49892236603475565,1.3713252954634092,-1.6408081177459317,1.480449022771315,0.9594627858223979,1.5860090741955721,0.29136772429444197,0.9496524907709334,-0.35752796480589355,1.5771361152633603,-0.5935192026789141,-1.5945686020741379
-0.009922474388248505,-1.5537449421658343,0.6132211976342689,0.8927360323896893,0.6422325706389302,-0.011823964486245425,-0.9827190722923503,-0.3298792862677979,1.5459039684996627,1.5771361152633603,-0.5935192026789141,-1.5945686020741379
-1.40924578555151,-0.6534703574330691,0.3627734959253576,1.480449022771315,0.6422325706389302,1.2664424664592087,-0.9827190722923503,-0.3298792862677979,-0.35752796480589355,1.5771361152633603,-0.5935192026789141,1.2335164149063018
0.11728873571750253,0.38369550970911476,-0.1381219074924647,-1.458115929136813,1.2766930010058655,-0.6509571799589724,0.60988942344114,-0.3298792862677979,0.5941880018468845,-0.6340606814605939,1.684865452518453,-0.6518735964139912
0.7533447862462577,-1.353863756875625,-0.1381219074924647,1.480449022771315,-0.6266882900949404,1.5860090741955721,0.60988942344114,0.6297695465112505,-1.6264825870095976,-0.6340606814605939,-0.5935192026789141,1.5477480834596842
-1.40924578555151,-0.19816944785658552,0.3627734959253576,1.480449022771315,0.3250023554554625,-0.6509571799589724,-0.34567567399895416,-0.6497622305274807,0.2769493462959585,1.5771361152633603,1.684865452518453,0.6050530777995375
1.643823256986515,-1.010259543020709,0.11232579421644646,-1.458115929136813,-1.2611487204618759,-0.011823964486245425,-0.34567567399895416,0.6297695465112505,0.9114266573978106,1.5771361152633603,-0.5935192026789141,1.5477480834596842
-0.6459785249170037,0.3119289509764153,-0.1381219074924647,-1.458115929136813,-0.6266882900949404,-0.6509571799589724,0.9284111225878381,-1.2895281190468464,-0.040289309254967536,-0.6340606814605939,-0.5935192026789141,-0.6518735964139912
0.7533447862462577,0.6776804564737835,1.114116601052091,0.3050230420080638,0.007772140271994877,-0.3313905722226089,-0.027153974852256096,-0.9696451747871635,1.2286653129487366,-0.6340606814605939,-0.5935192026789141,-0.023410259307226837
1.1349784165635108,-0.7270347862259566,0.6132211976342689,0.3050230420080638,1.593923216189333,0.6273092509864816,-1.6197624705857465,-0.9696451747871635,-0.9920052759077457,-0.6340606814605939,1.684865452518453,1.5477480834596842
-1.282034575445759,0.34295297642098466,0.11232579421644646,0.3050230420080638,-0.6266882900949404,-1.2900903954316993,-1.3012407714390484,-0.9696451747871635,-1.3092439314586717,-0.6340606814605939,-0.5935192026789141,-0.6518735964139912
-1.40924578555151,-1.3597994655024703,0.6132211976342689,0.3050230420080638,0.9594627858223979,-0.9705237876953359,0.60988942344114,0.6297695465112505,-0.35752796480589355,-0.6340606814605939,-0.5935192026789141,-0.6518735964139912
-1.282034575445759,1.5338509617815728,-0.639017310910287,-0.2826899483735619,0.3250023554554625,-0.6509571799589724,-0.34567567399895416,1.589418379290299,-0.35752796480589355,1.5771361152633603,-0.5935192026789141,0.6050530777995375
0.3717111559290046,0.4261930070890128,-1.1399127143281094,0.3050230420080638,0.007772140271994877,-1.6096570031680628,1.2469328217345361,-0.009996342008115089,1.2286653129487366,-0.6340606814605939,-0.5935192026789141,-0.023410259307226837
-1.6636682057630119,-0.9113224667065241,1.114116601052091,0.3050230420080638,1.2766930010058655,-1.2900903954316993,0.29136772429444197,0.3098866022515677,-0.9920052759077457,-0.6340606814605939,-0.5935192026789141,-0.6518735964139912
0.7533447862462577,0.9349982377188734,0.3627734959253576,1.480449022771315,-1.2611487204618759,-0.3313905722226089,-1.3012407714390484,-1.609411063306529,-0.6747666203568196,-0.6340606814605939,1.684865452518453,-0.023410259307226837
-0.3915561047055016,-0.24918358955441533,1.114116601052091,0.8927360323896893,0.3250023554554625,-0.011823964486245425,-0.6641973731456523,-0.6497622305274807,-1.6264825870095976,-0.6340606814605939,-0.5935192026789141,1.2335164149063018
1.0077672064577599,-0.5661495215477221,0.3627734959253576,0.8927360323896893,-0.30945807491147276,-0.9705237876953359,0.9284111225878381,-0.6497622305274807,-0.040289309254967536,1.5771361152633603,-0.5935192026789141,1.2335164149063018
-0.7731897350227547,1.1389118265952591,-0.1381219074924647,0.8927360323896893,-0.9439185052784081,-0.3313905722226089,-1.6197624705857465,-0.6497622305274807,0.2769493462959585,1.5771361152633603,1.684865452518453,0.6050530777995375
-1.6636682057630119,0.038766562009506754,0.11232579421644646,-0.2826899483735619,-1.2611487204618759,-0.9705237876953359,-0.9827190722923503,1.269535435030616,-0.040289309254967536,-0.6340606814605939,-0.5935192026789141,-0.9661052649673734
-1.40924578555151,-0.5700785398951452,0.3627734959253576,1.480449022771315,0.007772140271994877,1.2664424664592087,-0.34567567399895416,1.269535435030616,0.5941880018468845,-0.6340606814605939,-0.5935192026789141,-0.33764192786060904
-1.40924578555151,-1.694850470975687,0.86366889934318,0.8927360323896893,-0.9439185052784081,-0.011823964486245425,0.29136772429444197,0.3098866022515677,-0.6747666203568196,-0.6340606814605939,-0.5935192026789141,0.9192847463529197
-0.2643448945997506,-0.19518761053293676,0.3627734959253576,-0.2826899483735619,1.593923216189333,-1.2900903954316993,-0.9827190722923503,-0.009996342008115089,-0.040289309254967536,-0.6340606814605939,1.684865452518453,1.2335164149063018
-0.2643448945997506,1.6425511299084836,-0.1381219074924647,0.8927360323896893,0.3250023554554625,-0.9705237876953359,-0.6641973731456523,-0.9696451747871635,0.9114266573978106,1.5771361152633603,-0.5935192026789141,0.6050530777995375
-0.13713368449399954,0.6661119570501525,-1.1399127143281094,-0.2826899483735619,1.2766930010058655,-0.3313905722226089,1.5654545208812343,1.269535435030616,-0.35752796480589355,-0.6340606814605939,-0.5935192026789141,1.2335164149063018
-1.1548233653400077,0.958069010764811,-1.1399127143281094,0.8927360323896893,1.593923216189333,0.6273092509864816,-1.3012407714390484,-1.609411063306529,-0.6747666203568196,-0.6340606814605939,-0.5935192026789141,-0.33764192786060904
-0.2643448945997506,1.5042447857837924,1.6150120044699134,0.3050230420080638,-0.9439185052784081,1.5860090741955721,-0.6641973731456523,-1.609411063306529,1.2286653129487366,-0.6340606814605939,-0.5935192026789141,-0.9661052649673734
1.1349784165635108,1.0103848698046138,0.6132211976342689,-0.8704029387551875,0.3250023554554625,1.2664424664592087,-1.3012407714390484,-0.6497622305274807,0.9114266573978106,-0.6340606814605939,-0.5935192026789141,1.5477480834596842
0.3717111559290046,0.7411586876171945,1.3645643027610024,0.3050230420080638,-1.5783789356453435,1.5860090741955721,0.9284111225878381,-1.609411063306529,-0.6747666203568196,1.5771361152633603,-0.5935192026789141,-1.5945686020741379
-0.5187673148112526,-1.4821343095903952,1.3645643027610024,0.3050230420080638,-0.30945807491147276,-0.011823964486245425,-1.6197624705857465,-0.009996342008115089,-0.040289309254967536,-0.6340606814605939,-0.5935192026789141,-1.5945686020741379
0.49892236603475565,0.04772588386806292,0.3627734959253576,-0.2826899483735619,0.3250023554554625,0.6273092509864816,0.29136772429444197,0.3098866022515677,-1.6264825870095976,1.5771361152633603,-0.5935192026789141,-0.023410259307226837
0.11728873571750253,1.202334513515086,-1.3903604160370207,0.3050230420080638,-1.2611487204618759,0.3077426432501181,0.9284111225878381,1.589418379290299,0.9114266573978106,1.5771361152633603,1.684865452518453,0.29082140924615535
-0.2643448945997506,-0.7424025845327809,1.114116601052091,1.480449022771315,-1.2611487204618759,0.3077426432501181,-1.3012407714390484,1.269535435030616,-0.040289309254967536,1.5771361152633603,-0.5935192026789141,-0.33764192786060904
1.1349784165635108,-0.344758657610005,1.3645643027610024,0.8927360323896893,1.593923216189333,-1.6096570031680628,-0.6641973731456523,0.9496524907709334,-1.6264825870095976,1.5771361152633603,-0.5935192026789141,-1.5945686020741379
1.1349784165635108,-0.7803587526180793,0.11232579421644646,0.3050230420080638,0.3250023554554625,1.2664424664592087,0.9284111225878381,0.3098866022515677,-0.6747666203568196,-0.6340606814605939,1.684865452518453,0.9192847463529197
-0.9004009451285058,1.179637299209538,0.86366889934318,0.3050230420080638,0.9594627858223979,-0.9705237876953359,1.5654545208812343,-1.609411063306529,0.9114266573978106,-0.6340606814605939,1.684865452518453,1.2335164149063018
0.6261335761405067,0.5222906481409115,-1.6408081177459317,1.480449022771315,0.9594627858223979,-0.6509571799589724,-0.9827190722923503,-0.009996342008115089,-0.040289309254967536,-0.6340606814605939,-0.5935192026789141,0.9192847463529197
1.3894008367750128,-1.4894814227580564,-1.6408081177459317,-1.458115929136813,1.2766930010058655,-0.6509571799589724,0.9284111225878381,-0.009996342008115089,1.5459039684996627,-0.6340606814605939,-0.5935192026789141,0.9192847463529197
0.49892236603475565,-1.7292315963183436,-0.639017310910287,-0.8704029387551875,-0.9439185052784081,-0.011823964486245425,0.60988942344114,-1.609411063306529,-0.35752796480589355,-0.6340606814605939,1.684865452518453,-0.33764192786060904
0.8805559963520088,-0.2950734127125913,-0.8894650126191982,1.480449022771315,1.593923216189333,0.9468758587228451,-0.34567567399895416,1.269535435030616,-0.35752796480589355,-0.6340606814605939,-0.5935192026789141,1.2335164149063018
0.49892236603475565,1.0176461575808662,0.11232579421644646,0.3050230420080638,-0.6266882900949404,-0.6509571799589724,1.2469328217345361,0.6297695465112505,-0.9920052759077457,1.5771361152633603,-0.5935192026789141,1.2335164149063018
-0.5187673148112526,-0.4321569486223553,1.114116601052091,0.8927360323896893,-1.2611487204618759,1.2664424664592087,0.60988942344114,1.269535435030616,-1.6264825870095976,-0.6340606814605939,-0.5935192026789141,0.9192847463529197
-1.40924578555151,-1.1549840951049533,1.3645643027610024,0.8927360323896893,1.593923216189333,-0.6509571799589724,-1.6197624705857465,1.589418379290299,-1.6264825870095976,-0.6340606814605939,1.684865452518453,0.6050530777995375
0.11728873571750253,1.1437140405232848,1.6150120044699134,1.480449022771315,0.9594627858223979,-1.6096570031680628,0.29136772429444197,0.9496524907709334,-0.6747666203568196,-0.6340606814605939,-0.5935192026789141,0.9192847463529197
-1.40924578555151,-0.6254831821947017,-1.1399127143281094,1.480449022771315,-0.6266882900949404,0.6273092509864816,0.29136772429444197,1.269535435030616,-1.3092439314586717,-0.6340606814605939,-0.5935192026789141,0.29082140924615535
-0.9004009451285058,-1.29360955292569,-0.639017310910287,-0.2826899483735619,0.3250023554554625,-0.9705237876953359,1.5654545208812343,-0.9696451747871635,0.2769493462959585,-0.6340606814605939,-0.5935192026789141,0.29082140924615535
-1.1548233653400077,-1.4643133656049596,0.3627734959253576,0.3050230420080638,1.2766930010058655,-0.6509571799589724,-1.3012407714390484,0.3098866022515677,1.5459039684996627,1.5771361152633603,1.684865452518453,1.5477480834596842
-1.0276121552342568,-0.44094526554717167,0.6132211976342689,1.480449022771315,-0.30945807491147276,-0.9705237876953359,0.9284111225878381,-1.609411063306529,0.5941880018468845,1.5771361152633603,-0.5935192026789141,0.9192847463529197
-1.282034575445759,1.519311580423353,1.6150120044699134,-1.458115929136813,0.007772140271994877,-1.6096570031680628,1.2469328217345361,0.9496524907709334,0.5941880018468845,-0.6340606814605939,-0.5935192026789141,0.6050530777995375
0.11728873571750253,0.7094063574293065,0.3627734959253576,0.8927360323896893,-0.30945807491147276,-0.6509571799589724,-0.027153974852256096,-0.6497622305274807,-1.6264825870095976,-0.6340606814605939,-0.5935192026789141,-0.6518735964139912
1.1349784165635108,-1.3563990300439592,1.114116601052091,-1.458115929136813,-0.6266882900949404,0.9468758587228451,0.60988942344114,-1.2895281190468464,0.2769493462959585,-0.6340606814605939,-0.5935192026789141,1.5477480834596842
0.8805559963520088,-0.8929730436295428,0.86366889934318,-0.2826899483735619,0.3250023554554625,-0.6509571799589724,-0.027153974852256096,0.6297695465112505,0.9114266573978106,-0.6340606814605939,1.684865452518453,0.9192847463529197
-0.009922474388248505,0.7465595288003488,0.86366889934318,1.480449022771315,0.9594627858223979,-0.6509571799589724,0.60988942344114,-1.609411063306529,0.5941880018468845,-0.6340606814605939,1.684865452518453,-0.9661052649673734
0.8805559963520088,-0.6068604276218769,0.86366889934318,1.480449022771315,-0.30945807491147276,0.6273092509864816,-0.34567567399895416,1.269535435030616,1.2286653129487366,1.5771361152633603,-0.5935192026789141,-1.2803369335207555
-0.5187673148112526,0.33979675107975243,-0.3885696092013759,1.480449022771315,-0.30945807491147276,0.9468758587228451,-0.34567567399895416,-0.9696451747871635,-0.040289309254967536,-0.6340606814605939,-0.5935192026789141,0.29082140924615535
-1.6636682057630119,-1.2640428198582387,-0.8894650126191982,0.8927360323896893,-1.2611487204618759,-0.6509571799589724,-0.34567567399895416,-1.2895281190468464,-0.6747666203568196,-0.6340606814605939,-0.5935192026789141,0.29082140924615535
-0.5187673148112526,1.2851886815631433,-0.8894650126191982,1.480449022771315,-1.5783789356453435,-1.2900903954316993,0.29136772429444197,-0.009996342008115089,0.2769493462959585,1.5771361152633603,-0.5935192026789141,0.29082140924615535
-1.536456995657261,0.7394643945410578,0.86366889934318,0.8927360323896893,1.593923216189333,-0.9705237876953359,-0.9827190722923503,-0.009996342008115089,-0.9920052759077457,-0.6340606814605939,-0.5935192026789141,-0.33764192786060904
-1.1548233653400077,1.1074316156079245,1.6150120044699134,-0.2826899483735619,-1.2611487204618759,0.9468758587228451,-1.3012407714390484,0.3098866022515677,0.2769493462959585,-0.6340606814605939,1.684865452518453,0.6050530777995375
0.3717111559290046,0.9618763937635018,0.6132211976342689,-0.8704029387551875,-1.5783789356453435,-0.3313905722226089,1.2469328217345361,-0.6497622305274807,0.2769493462959585,-0.6340606814605939,-0.5935192026789141,0.29082140924615535
0.24449994582325357,-1.6176094217563168,0.86366889934318,-0.2826899483735619,-1.2611487204618759,0.6273092509864816,0.60988942344114,-0.009996342008115089,-0.35752796480589355,1.5771361152633603,-0.5935192026789141,1.5477480834596842
-1.0276121552342568,0.8498367643607514,1.3645643027610024,0.8927360323896893,0.9594627858223979,1.2664424664592087,0.29136772429444197,-1.2895281190468464,-1.6264825870095976,1.5771361152633603,-0.5935192026789141,-1.5945686020741379
1.0077672064577599,-0.9283071839976681,-1.3903604160370207,-0.2826899483735619,1.2766930010058655,1.2664424664592087,1.5654545208812343,-0.9696451747871635,0.5941880018468845,-0.6340606814605939,-0.5935192026789141,1.2335164149063018
-1.1548233653400077,0.7739761513669083,1.3645643027610024,1.480449022771315,0.3250023554554625,0.3077426432501181,-1.6197624705857465,0.9496524907709334,-1.6264825870095976,-0.6340606814605939,-0.5935192026789141,1.2335164149063018
1.3894008367750128,1.7035009345533898,0.3627734959253576,-1.458115929136813,-1.2611487204618759,0.9468758587228451,0.9284111225878381,-0.6497622305274807,-1.3092439314586717,-0.6340606814605939,-0.5935192026789141,-1.2803369335207555
0.3717111559290046,1.274495857747727,-1.3903604160370207,0.3050230420080638,-1.2611487204618759,0.3077426432501181,0.29136772429444197,1.269535435030616,0.5941880018468845,1.5771361152633603,-0.5935192026789141,-0.9661052649673734
1.0077672064577599,0.20229622052851667,0.11232579421644646,-0.8704029387551875,-0.6266882900949404,1.2664424664592087,1.2469328217345361,-0.6497622305274807,0.9114266573978106,-0.6340606814605939,1.684865452518453,-1.5945686020741379
-1.40924578555151,0.8739451692907803,-0.1381219074924647,-0.8704029387551875,-1.2611487204618759,-1.2900903954316993,1.5654545208812343,0.6297695465112505,-0.040289309254967536,-0.6340606814605939,-0.5935192026789141,-1.5945686020741379
0.49892236603475565,0.6883739093543576,1.114116601052091,0.8927360323896893,0.007772140271994877,0.6273092509864816,1.2469328217345361,-0.9696451747871635,0.9114266573978106,-0.6340606814605939,1.684865452518453,1.2335164149063018
-0.2643448945997506,0.23230047503926654,0.86366889934318,0.8927360323896893,-0.6266882900949404,0.3077426432501181,1.2469328217345361,-0.6497622305274807,-0.6747666203568196,-0.6340606814605939,-0.5935192026789141,-1.2803369335207555
1.3894008367750128,-1.6211757526494839,-1.3903604160370207,-0.2826899483735619,-0.6266882900949404,1.2664424664592087,-1.6197624705857465,0.6297695465112505,1.5459039684996627,-0.6340606814605939,-0.5935192026789141,-1.5945686020741379
1.1349784165635108,-0.9346607130862747,-1.1399127143281094,-0.2826899483735619,-0.9439185052784081,-1.6096570031680628,-0.6641973731456523,0.3098866022515677,-0.35752796480589355,-0.6340606814605939,-0.5935192026789141,-0.023410259307226837
-1.0276121552342568,-0.019196334247148696,1.6150120044699134,-0.8704029387551875,-1.2611487204618759,1.2664424664592087,-1.6197624705857465,1.269535435030616,1.5459039684996627,-0.6340606814605939,-0.5935192026789141,0.9192847463529197
-1.40924578555151,-0.3190344837012294,-1.1399127143281094,-1.458115929136813,0.3250023554554625,-0.6509571799589724,0.9284111225878381,0.6297695465112505,-0.040289309254967536,-0.6340606814605939,-0.5935192026789141,-0.9661052649673734
-1.536456995657261,-0.7409568655277864,0.3627734959253576,0.3050230420080638,1.593923216189333,-0.3313905722226089,-0.027153974852256096,1.589418379290299,-0.040289309254967536,-0.6340606814605939,-0.5935192026789141,0.9192847463529197
-1.6636682057630119,-0.5498562871155264,0.6132211976342689,0.8927360323896893,-0.30945807491147276,-0.3313905722226089,1.5654545208812343,-0.9696451747871635,1.2286653129487366,-0.6340606814605939,1.684865452518453,-0.023410259307226837
0.24449994582325357,-1.1844846484060272,-1.3903604160370207,0.3050230420080638,0.007772140271994877,0.3077426432501181,-0.6641973731456523,0.6297695465112505,0.2769493462959585,1.5771361152633603,1.684865452518453,1.2335164149063018
1.516612046880764,0.6836238214918007,0.11232579421644646,1.480449022771315,-1.5783789356453435,-1.6096570031680628,1.2469328217345361,0.6297695465112505,0.9114266573978106,-0.6340606814605939,1.684865452518453,0.9192847463529197
-1.536456995657261,0.5367231418632747,0.86366889934318,-0.2826899483735619,-1.5783789356453435,1.5860090741955721,-0.9827190722923503,0.3098866022515677,1.5459039684996627,-0.6340606814605939,-0.5935192026789141,1.5477480834596842
-0.009922474388248505,0.7107941422551199,-0.3885696092013759,-0.8704029387551875,1.593923216189333,-0.6509571799589724,-0.6641973731456523,-1.609411063306529,-1.3092439314586717,1.5771361152633603,-0.5935192026789141,-0.6518735964139912
1.2621896266692618,1.3205352884017696,-1.3903604160370207,-0.2826899483735619,0.6422325706389302,0.3077426432501181,0.9284111225878381,-0.6497622305274807,-1.3092439314586717,-0.6340606814605939,1.684865452518453,-1.2803369335207555
-0.5187673148112526,0.4978333120047948,-0.8894650126191982,-0.2826899483735619,-0.6266882900949404,-0.011823964486245425,0.60988942344114,-0.009996342008115089,0.5941880018468845,-0.6340606814605939,-0.5935192026789141,1.5477480834596842
1.1349784165635108,0.8071931599437161,0.6132211976342689,0.3050230420080638,-1.5783789356453435,-0.9705237876953359,-0.6641973731456523,-0.009996342008115089,0.9114266573978106,-0.6340606814605939,1.684865452518453,0.6050530777995375
1.3894008367750128,-0.24522563525108776,-0.1381219074924647,0.8927360323896893,0.3250023554554625,0.3077426432501181,0.29136772429444197,-0.9696451747871635,-0.9920052759077457,-0.6340606814605939,-0.5935192026789141,-1.2803369335207555
0.49892236603475565,0.21912586086051816,-0.1381219074924647,-1.458115929136813,-0.30945807491147276,-0.6509571799589724,0.60988942344114,1.589418379290299,0.2769493462959585,1.5771361152633603,1.684865452518453,1.5477480834596842
1.0077672064577599,-0.2741585623191754,-1.1399127143281094,0.3050230420080638,0.9594627858223979,-0.3313905722226089,-0.34567567399895416,-0.9696451747871635,1.5459039684996627,-0.6340606814605939,-0.5935192026789141,-1.2803369335207555
1.0077672064577599,-1.0377347017365,-1.1399127143281094,-0.2826899483735619,0.3250023554554625,0.9468758587228451,0.29136772429444197,0.6297695465112505,0.2769493462959585,-0.6340606814605939,-0.5935192026789141,-0.9661052649673734
1.643823256986515,-0.2710599586522651,-0.1381219074924647,-0.8704029387551875,0.6422325706389302,-0.3313905722226089,0.29136772429444197,1.589418379290299,-0.6747666203568196,-0.6340606814605939,-0.5935192026789141,1.2335164149063018
0.49892236603475565,1.7253962152972844,1.3645643027610024,0.8927360323896893,-1.2611487204618759,0.3077426432501181,-1.3012407714390484,0.6297695465112505,-0.040289309254967536,1.5771361152633603,1.684865452518453,-0.023410259307226837
-0.6459785249170037,-1.4678344581605067,0.11232579421644646,0.8927360323896893,0.9594627858223979,1.2664424664592087,1.5654545208812343,-0.3298792862677979,-1.3092439314586717,-0.6340606814605939,1.684865452518453,-0.6518735964139912
0.11728873571750253,-1.723988930335233,-0.1381219074924647,-1.458115929136813,0.3250023554554625,-0.6509571799589724,1.2469328217345361,0.6297695465112505,-0.040289309254967536,-0.6340606814605939,-0.5935192026789141,-0.023410259307226837
-0.13713368449399954,0.418188370527117,0.11232579421644646,-0.8704029387551875,0.3250023554554625,0.3077426432501181,-0.6641973731456523,1.589418379290299,-0.35752796480589355,1.5771361152633603,-0.5935192026789141,-1.5945686020741379
0.7533447862462577,0.11776552722668446,1.3645643027610024,-0.2826899483735619,1.593923216189333,0.6273092509864816,1.5654545208812343,-0.3298792862677979,0.2769493462959585,-0.6340606814605939,-0.5935192026789141,-0.9661052649673734
0.8805559963520088,-0.051209673013860244,0.6132211976342689,1.480449022771315,0.9594627858223979,0.3077426432501181,-0.9827190722923503,-0.3298792862677979,0.2769493462959585,-0.6340606814605939,1.684865452518453,1.5477480834596842
0.24449994582325357,1.2529578408672044,-0.3885696092013759,1.480449022771315,-0.6266882900949404,0.3077426432501181,-0.9827190722923503,1.589418379290299,1.5459039684996627,1.5771361152633603,-0.5935192026789141,0.6050530777995375
-1.6636682057630119,0.7005148784914477,-0.3885696092013759,1.480449022771315,0.9594627858223979,-0.6509571799589724,0.9284111225878381,-1.2895281190468464,-0.35752796480589355,-0.6340606814605939,-0.5935192026789141,0.29082140924615535
1.2621896266692618,0.9479485118917123,0.86366889934318,1.480449022771315,1.593923216189333,1.2664424664592087,-0.34567567399895416,-1.609411063306529,1.2286653129487366,-0.6340606814605939,-0.5935192026789141,0.9192847463529197
0.6261335761405067,1.3833514328622563,-0.3885696092013759,0.3050230420080638,-1.2611487204618759,1.2664424664592087,-1.6197624705857465,0.6297695465112505,0.5941880018468845,1.5771361152633603,-0.5935192026789141,0.9192847463529197
-0.13713368449399954,-1.6444895252510305,-0.3885696092013759,0.3050230420080638,-1.5783789356453435,0.6273092509864816,0.9284111225878381,-0.009996342008115089,1.5459039684996627,1.5771361152633603,-0.5935192026789141,-1.5945686020741379
1.3894008367750128,-1.5825290559356533,1.3645643027610024,-0.2826899483735619,0.6422325706389302,-0.9705237876953359,-1.6197624705857465,-1.2895281190468464,-0.35752796480589355,-0.6340606814605939,-0.5935192026789141,0.9192847463529197
-1.282034575445759,-0.4593416209254892,-1.6408081177459317,-1.458115929136813,-1.5783789356453435,0.3077426432501181,-0.9827190722923503,0.3098866022515677,-1.6264825870095976,1.5771361152633603,-0.5935192026789141,-0.6518735964139912
-0.5187673148112526,-0.8665566932021201,-0.3885696092013759,1.480449022771315,0.6422325706389302,0.9468758587228451,-0.6641973731456523,1.589418379290299,-0.35752796480589355,1.5771361152633603,1.684865452518453,-0.023410259307226837
-1.0276121552342568,0.37970554293258024,-0.3885696092013759,1.480449022771315,0.007772140271994877,-0.3313905722226089,-0.027153974852256096,-0.009996342008115089,0.9114266573978106,1.5771361152633603,-0.5935192026789141,-0.023410259307226837
-1.282034575445759,-1.0048657147415423,1.6150120044699134,0.8927360323896893,0.6422325706389302,-1.6096570031680628,-1.3012407714390484,-0.9696451747871635,0.5941880018468845,-0.6340606814605939,-0.5935192026789141,-1.2803369335207555
1.1349784165635108,-0.5238806741369015,1.114116601052091,1.480449022771315,1.593923216189333,-1.2900903954316993,-0.027153974852256096,1.269535435030616,-1.6264825870095976,-0.6340606814605939,-0.5935192026789141,1.5477480834596842
-0.6459785249170037,1.2676873239550177,-0.8894650126191982,-0.2826899483735619,-1.5783789356453435,1.2664424664592087,0.9284111225878381,1.589418379290299,-1.6264825870095976,1.5771361152633603,-0.5935192026789141,0.6050530777995375
-1.0276121552342568,1.6696005373062106,-0.8894650126191982,1.480449022771315,-1.5783789356453435,0.6273092509864816,0.9284111225878381,-0.009996342008115089,-0.35752796480589355,-0.6340606814605939,-0.5935192026789141,0.29082140924615535
-0.3915561047055016,0.3544329679809462,1.3645643027610024,1.480449022771315,0.3250023554554625,-0.6509571799589724,1.2469328217345361,-0.6497622305274807,-0.9920052759077457,-0.6340606814605939,-0.5935192026789141,0.29082140924615535
0.49892236603475565,-0.9455969958100334,1.114116601052091,1.480449022771315,0.6422325706389302,-1.2900903954316993,1.5654545208812343,-1.609411063306529,1.5459039684996627,-0.6340606814605939,1.684865452518453,1.2335164149063018
-0.13713368449399954,-0.6940076358424261,-0.8894650126191982,-0.2826899483735619,-1.5783789356453435,0.9468758587228451,1.2469328217345361,1.589418379290299,-0.35752796480589355,-0.6340606814605939,-0.5935192026789141,-0.9661052649673734
-1.40924578555151,0.12016426257582717,-0.8894650126191982,-1.458115929136813,0.3250023554554625,0.6273092509864816,-0.9827190722923503,-0.009996342008115089,-1.6264825870095976,1.5771361152633603,-0.5935192026789141,1.5477480834596842
-0.2643448945997506,-0.7506396286863267,0.6132211976342689,0.8927360323896893,0.3250023554554625,-0.9705237876953359,-0.34567567399895416,1.589418379290299,-0.35752796480589355,1.5771361152633603,-0.5935192026789141,-0.6518735964139912
-1.40924578555151,0.118354586110938,1.3645643027610024,1.480449022771315,0.9594627858223979,0.3077426432501181,-0.34567567399895416,-1.2895281190468464,-0.040289309254967536,-0.6340606814605939,-0.5935192026789141,-0.023410259307226837
-1.282034575445759,-1.6874838626328221,0.11232579421644646,-0.2826899483735619,0.007772140271994877,-1.2900903954316993,-0.34567567399895416,-0.9696451747871635,1.2286653129487366,1.5771361152633603,-0.5935192026789141,0.6050530777995375
0.6261335761405067,-0.8860959356246866,1.6150120044699134,-0.2826899483735619,-1.5783789356453435,0.6273092509864816,-0.34567567399895416,-1.2895281190468464,1.5459039684996627,1.5771361152633603,-0.5935192026789141,1.2335164149063018
-0.13713368449399954,-0.3002165281512735,-0.3885696092013759,0.8927360323896893,0.9594627858223979,-0.3313905722226089,0.60988942344114,-1.2895281190468464,-1.6264825870095976,-0.6340606814605939,1.684865452518453,-0.6518735964139912
-0.2643448945997506,0.4539778601366502,1.3645643027610024,-1.458115929136813,0.007772140271994877,-1.6096570031680628,-1.6197624705857465,-0.3298792862677979,-1.3092439314586717,-0.6340606814605939,-0.5935192026789141,-1.2803369335207555
0.24449994582325357,-1.2999930474034287,-0.639017310910287,0.3050230420080638,-0.30945807491147276,1.2664424664592087,-1.6197624705857465,1.589418379290299,-0.6747666203568196,-0.6340606814605939,1.684865452518453,0.6050530777995375
0.7533447862462577,-0.008274311672083073,-1.3903604160370207,-0.2826899483735619,1.593923216189333,-0.3313905722226089,0.60988942344114,0.6297695465112505,-0.6747666203568196,1.5771361152633603,-0.5935192026789141,0.29082140924615535
1.516612046880764,-0.1993656429714489,-1.3903604160370207,1.480449022771315,-0.9439185052784081,1.5860090741955721,-0.027153974852256096,0.3098866022515677,1.5459039684996627,1.5771361152633603,1.684865452518453,0.6050530777995375
0.7533447862462577,0.39496981364181943,-0.3885696092013759,0.3050230420080638,0.007772140271994877,-0.6509571799589724,0.9284111225878381,-0.9696451747871635,1.5459039684996627,-0.6340606814605939,-0.5935192026789141,1.2335164149063018
-1.6636682057630119,-1.3706214885682069,-1.1399127143281094,0.3050230420080638,-0.6266882900949404,-0.6509571799589724,-1.3012407714390484,-1.609411063306529,0.5941880018468845,-0.6340606814605939,-0.5935192026789141,1.5477480834596842
-0.5187673148112526,0.5103186213978471,-1.6408081177459317,0.3050230420080638,0.9594627858223979,0.9468758587228451,-0.6641973731456523,-1.2895281190468464,-0.9920052759077457,1.5771361152633603,-0.5935192026789141,-1.5945686020741379
0.49892236603475565,-0.4756130155574196,1.6150120044699134,-0.2826899483735619,0.9594627858223979,0.9468758587228451,0.60988942344114,1.269535435030616,-0.040289309254967536,1.5771361152633603,-0.5935192026789141,0.29082140924615535
1.1349784165635108,1.6059803606086271,0.11232579421644646,1.480449022771315,1.2766930010058655,0.3077426432501181,-0.34567567399895416,0.3098866022515677,1.2286653129487366,-0.6340606814605939,-0.5935192026789141,-0.6518735964139912
1.1349784165635108,0.7089069499243372,0.6132211976342689,0.3050230420080638,1.2766930010058655,-0.011823964486245425,0.9284111225878381,-0.009996342008115089,-0.6747666203568196,1.5771361152633603,-0.5935192026789141,1.5477480834596842
0.8805559963520088,1.2669089829906925,1.6150120044699134,1.480449022771315,0.007772140271994877,-1.6096570031680628,-1.6197624705857465,-0.009996342008115089,1.2286653129487366,-0.6340606814605939,-0.5935192026789141,1.2335164149063018
0.49892236603475565,-1.0843927132809619,-1.6408081177459317,1.480449022771315,-1.2611487204618759,0.6273092509864816,-0.6641973731456523,-1.609411063306529,0.9114266573978106,-0.6340606814605939,-0.5935192026789141,0.29082140924615535
1.516612046880764,-1.585356643488299,0.86366889934318,-0.2826899483735619,-1.2611487204618759,0.6273092509864816,1.5654545208812343,1.269535435030616,0.5941880018468845,1.5771361152633603,1.684865452518453,-1.2803369335207555
0.3717111559290046,-0.22577752319445543,-0.639017310910287,-1.458115929136813,0.007772140271994877,-1.6096570031680628,1.5654545208812343,0.6297695465112505,-0.35752796480589355,1.5771361152633603,1.684865452518453,1.2335164149063018
-1.6636682057630119,-1.0842304225178838,0.86366889934318,1.480449022771315,-0.6266882900949404,0.3077426432501181,-0.6641973731456523,-0.009996342008115089,1.5459039684996627,1.5771361152633603,-0.5935192026789141,0.9192847463529197
1.3894008367750128,-1.1607317638222274,-1.1399127143281094,-0.2826899483735619,-0.6266882900949404,-0.9705237876953359,0.29136772429444197,1.269535435030616,1.5459039684996627,1.5771361152633603,-0.5935192026789141,1.2335164149063018
-0.2643448945997506,0.17907533366113296,-0.8894650126191982,-0.8704029387551875,-0.6266882900949404,0.3077426432501181,0.29136772429444197,-1.2895281190468464,0.9114266573978106,1.5771361152633603,-0.5935192026789141,1.2335164149063018
-0.6459785249170037,1.2970312635770727,-0.8894650126191982,0.8927360323896893,-1.5783789356453435,0.9468758587228451,-1.6197624705857465,1.269535435030616,1.5459039684996627,-0.6340606814605939,-0.5935192026789141,1.5477480834596842
1.0077672064577599,-0.29923213919599045,1.6150120044699134,-0.8704029387551875,0.007772140271994877,-0.011823964486245425,-0.34567567399895416,-1.609411063306529,0.5941880018468845,-0.6340606814605939,-0.5935192026789141,1.2335164149063018
-0.009922474388248505,-0.6549545997351814,-0.8894650126191982,-0.8704029387551875,0.9594627858223979,-1.6096570031680628,1.2469328217345361,0.6297695465112505,-0.35752796480589355,-0.6340606814605939,-0.5935192026789141,-0.33764192786060904
-0.6459785249170037,-0.7376629543452137,0.11232579421644646,-1.458115929136813,1.2766930010058655,0.6273092509864816,-0.9827190722923503,-0.009996342008115089,0.2769493462959585,-0.6340606814605939,-0.5935192026789141,1.2335164149063018
-0.13713368449399954,0.9450044743686571,1.3645643027610024,1.480449022771315,1.2766930010058655,0.3077426432501181,1.2469328217345361,-1.2895281190468464,-0.35752796480589355,-0.6340606814605939,-0.5935192026789141,1.2335164149063018
-1.536456995657261,0.3020386218439156,-1.6408081177459317,0.8927360323896893,-0.30945807491147276,-0.9705237876953359,-1.3012407714390484,-0.9696451747871635,-0.9920052759077457,1.5771361152633603,1.684865452518453,0.9192847463529197
-0.7731897350227547,-0.008332045277597394,0.3627734959253576,0.8927360323896893,0.9594627858223979,0.6273092509864816,-0.9827190722923503,-0.9696451747871635,-0.9920052759077457,1.5771361152633603,-0.5935192026789141,-0.6518735964139912
-0.2643448945997506,-0.8349371148111502,0.3627734959253576,-1.458115929136813,-1.2611487204618759,-0.011823964486245425,-0.9827190722923503,-0.3298792862677979,-1.6264825870095976,-0.6340606814605939,1.684865452518453,0.6050530777995375
-1.282034575445759,1.578464501118378,0.6132211976342689,0.3050230420080638,0.6422325706389302,1.2664424664592087,0.29136772429444197,-1.609411063306529,-0.040289309254967536,-0.6340606814605939,1.684865452518453,-0.023410259307226837
-1.1548233653400077,-0.734149804370966,0.6132211976342689,0.8927360323896893,-0.6266882900949404,-1.2900903954316993,1.5654545208812343,0.3098866022515677,0.5941880018468845,-0.6340606814605939,1.684865452518453,-0.6518735964139912
-1.1548233653400077,-0.8437618741819345,1.3645643027610024,-1.458115929136813,1.593923216189333,-1.2900903954316993,-1.3012407714390484,-0.3298792862677979,-0.040289309254967536,-0.6340606814605939,-0.5935192026789141,-0.9661052649673734
0.8805559963520088,-0.8267368648276066,-1.1399127143281094,1.480449022771315,0.9594627858223979,-0.9705237876953359,-1.3012407714390484,-0.3298792862677979,-0.9920052759077457,-0.6340606814605939,1.684865452518453,1.2335164149063018
0.11728873571750253,-0.19182437044762385,-1.3903604160370207,1.480449022771315,-1.2611487204618759,1.5860090741955721,0.60988942344114,1.589418379290299,0.9114266573978106,1.5771361152633603,-0.5935192026789141,-0.023410259307226837
-1.40924578555151,-1.4993544381289208,-1.3903604160370207,1.480449022771315,1.2766930010058655,-1.2900903954316993,-1.3012407714390484,0.6297695465112505,0.5941880018468845,-0.6340606814605939,-0.5935192026789141,1.2335164149063018
-1.282034575445759,0.3258535150640728,0.6132211976342689,-0.8704029387551875,-0.9439185052784081,-0.6509571799589724,-1.3012407714390484,-0.009996342008115089,0.5941880018468845,1.5771361152633603,1.684865452518453,1.2335164149063018
0.49892236603475565,1.6693029784925228,-1.6408081177459317,0.3050230420080638,0.9594627858223979,1.5860090741955721,-1.3012407714390484,-0.3298792862677979,-0.35752796480589355,1.5771361152633603,1.684865452518453,-1.5945686020741379
1.3894008367750128,-1.6120973344685932,-1.1399127143281094,0.3050230420080638,0.007772140271994877,0.9468758587228451,0.60988942344114,-1.2895281190468464,0.5941880018468845,-0.6340606814605939,-0.5935192026789141,1.2335164149063018
0.7533447862462577,0.7848597724129172,-1.6408081177459317,-0.2826899483735619,0.007772140271994877,-0.6509571799589724,1.2469328217345361,1.589418379290299,-0.040289309254967536,-0.6340606814605939,1.684865452518453,-0.9661052649673734
1.516612046880764,0.7803863745884356,-0.639017310910287,-0.2826899483735619,0.9594627858223979,0.9468758587228451,0.29136772429444197,-0.6497622305274807,1.5459039684996627,-0.6340606814605939,-0.5935192026789141,1.5477480834596842
-0.9004009451285058,0.1635188937870968,-0.1381219074924647,-0.2826899483735619,-1.5783789356453435,0.9468758587228451,1.2469328217345361,1.269535435030616,-0.6747666203568196,1.5771361152633603,-0.5935192026789141,-0.33764192786060904
0.49892236603475565,1.088217663847022,-0.1381219074924647,-0.2826899483735619,0.9594627858223979,-1.6096570031680628,0.9284111225878381,1.269535435030616,1.2286653129487366,-0.6340606814605939,-0.5935192026789141,-0.6518735964139912
0.3717111559290046,-0.7148066370226943,-1.3903604160370207,-0.2826899483735619,-1.5783789356453435,0.9468758587228451,1.2469328217345361,-0.009996342008115089,0.2769493462959585,1.5771361152633603,-0.5935192026789141,-0.9661052649673734
-0.7731897350227547,-0.4736770009609217,-0.1381219074924647,0.3050230420080638,-1.2611487204618759,-0.6509571799589724,-0.34567567399895416,-0.9696451747871635,-1.6264825870095976,-0.6340606814605939,1.684865452518453,-1.5945686020741379
0.49892236603475565,0.1580597870105746,-0.3885696092013759,1.480449022771315,0.3250023554554625,0.3077426432501181,-1.6197624705857465,-0.9696451747871635,-1.3092439314586717,-0.6340606814605939,-0.5935192026789141,-1.2803369335207555
-0.13713368449399954,1.7254130763867441,-0.639017310910287,1.480449022771315,-1.5783789356453435,0.3077426432501181,0.60988942344114,-0.3298792862677979,-0.6747666203568196,-0.6340606814605939,-0.5935192026789141,-0.9661052649673734
1.643823256986515,-0.7865585351575146,0.6132211976342689,1.480449022771315,0.007772140271994877,-0.9705237876953359,1.5654545208812343,0.9496524907709334,0.5941880018468845,-0.6340606814605939,-0.5935192026789141,-0.6518735964139912
-0.6459785249170037,0.01059969730880077,-0.8894650126191982,1.480449022771315,-0.9439185052784081,1.5860090741955721,1.5654545208812343,-1.2895281190468464,-0.35752796480589355,-0.6340606814605939,1.684865452518453,-0.6518735964139912
-0.5187673148112526,-0.8757317036625862,0.11232579421644646,0.8927360323896893,-1.2611487204618759,-0.6509571799589724,-0.6641973731456523,0.3098866022515677,0.2769493462959585,1.5771361152633603,-0.5935192026789141,-0.6518735964139912
-0.9004009451285058,0.026290667870324625,-1.6408081177459317,1.480449022771315,-1.2611487204618759,-1.2900903954316993,0.29136772429444197,-0.9696451747871635,-1.3092439314586717,-0.6340606814605939,-0.5935192026789141,0.29082140924615535
0.6261335761405067,0.44822033436732256,-0.639017310910287,-0.8704029387551875,-0.9439185052784081,-1.6096570031680628,0.9284111225878381,-1.609411063306529,-1.6264825870095976,-0.6340606814605939,-0.5935192026789141,-1.5945686020741379
-0.3915561047055016,0.8246439349235325,0.11232579421644646,-0.8704029387551875,-1.5783789356453435,1.2664424664592087,0.60988942344114,-0.6497622305274807,-0.9920052759077457,-0.6340606814605939,1.684865452518453,1.2335164149063018
1.643823256986515,0.741162495421707,0.86366889934318,1.480449022771315,-0.9439185052784081,-0.3313905722226089,-1.3012407714390484,-0.6497622305274807,-0.040289309254967536,-0.6340606814605939,-0.5935192026789141,1.5477480834596842
1.516612046880764,0.5504061460728389,1.114116601052091,1.480449022771315,0.007772140271994877,-0.3313905722226089,-0.34567567399895416,-1.609411063306529,0.2769493462959585,-0.6340606814605939,-0.5935192026789141,-0.9661052649673734
-0.3915561047055016,0.3750007670449696,-0.639017310910287,0.8927360323896893,-0.30945807491147276,1.5860090741955721,0.9284111225878381,-1.2895281190468464,-0.9920052759077457,1.5771361152633603,1.684865452518453,0.6050530777995375
0.7533447862462577,-1.0658748446525916,-0.3885696092013759,-1.458115929136813,0.9594627858223979,0.3077426432501181,0.60988942344114,0.9496524907709334,-0.35752796480589355,-0.6340606814605939,-0.5935192026789141,0.29082140924615535
0.49892236603475565,-0.15547272262129855,0.11232579421644646,-1.458115929136813,1.2766930010058655,1.5860090741955721,-1.6197624705857465,0.9496524907709334,-1.6264825870095976,-0.6340606814605939,-0.5935192026789141,-1.2803369335207555
-0.6459785249170037,-0.5549067182388555,-1.1399127143281094,1.480449022771315,0.9594627858223979,1.5860090741955721,0.29136772429444197,-0.9696451747871635,-0.040289309254967536,-0.6340606814605939,-0.5935192026789141,-0.023410259307226837
1.1349784165635108,-1.4659963960203077,1.114116601052091,-0.8704029387551875,0.3250023554554625,0.3077426432501181,0.60988942344114,1.269535435030616,1.5459039684996627,1.5771361152633603,1.684865452518453,1.5477480834596842
0.11728873571750253,-1.6136225216605335,-1.6408081177459317,0.8927360323896893,-0.30945807491147276,0.9468758587228451,-0.6641973731456523,-1.609411063306529,0.5941880018468845,-0.6340606814605939,-0.5935192026789141,-0.9661052649673734
0.6261335761405067,0.4008425616055345,1.6150120044699134,0.8927360323896893,-1.5783789356453435,0.3077426432501181,-0.9827190722923503,-0.6497622305274807,1.2286653129487366,1.5771361152633603,-0.5935192026789141,0.6050530777995375
0.7533447862462577,0.5281478676174851,0.3627734959253576,-0.2826899483735619,0.6422325706389302,-0.6509571799589724,-0.9827190722923503,-1.609411063306529,-0.040289309254967536,-0.6340606814605939,-0.5935192026789141,-0.6518735964139912
0.3717111559290046,0.4411436386372067,0.86366889934318,-0.8704029387551875,-0.30945807491147276,-1.2900903954316993,-0.6641973731456523,-0.3298792862677979,-0.040289309254967536,-0.6340606814605939,-0.5935192026789141,1.2335164149063018
-1.1548233653400077,-1.312832290546115,-0.639017310910287,-1.458115929136813,0.007772140271994877,-0.9705237876953359,-0.9827190722923503,0.6297695465112505,-0.6747666203568196,1.5771361152633603,-0.5935192026789141,1.2335164149063018
-1.40924578555151,1.2749893472211558,-0.3885696092013759,-1.458115929136813,-1.5783789356453435,-1.6096570031680628,-1.6197624705857465,-0.009996342008115089,0.2769493462959585,-0.6340606814605939,1.684865452518453,-1.2803369335207555
1.516612046880764,-1.2492420437100615,-1.6408081177459317,-0.8704029387551875,0.9594627858223979,-1.2900903954316993,-0.9827190722923503,-1.2895281190468464,-0.6747666203568196,1.5771361152633603,1.684865452518453,0.6050530777995375
-1.40924578555151,-0.2248105935882694,1.3645643027610024,1.480449022771315,-0.6266882900949404,1.2664424664592087,-1.3012407714390484,1.589418379290299,-0.35752796480589355,1.5771361152633603,-0.5935192026789141,-0.9661052649673734
-1.536456995657261,1.7071509897131814,-0.1381219074924647,0.3050230420080638,-1.2611487204618759,-1.6096570031680628,0.9284111225878381,-0.3298792862677979,1.2286653129487366,-0.6340606814605939,-0.5935192026789141,-0.9661052649673734
0.3717111559290046,-0.47060164173597424,-0.1381219074924647,-1.458115929136813,-1.2611487204618759,-1.2900903954316993,1.2469328217345361,0.9496524907709334,1.5459039684996627,1.5771361152633603,-0.5935192026789141,-1.2803369335207555
-0.5187673148112526,1.0796450461872795,1.3645643027610024,0.8927360323896893,-0.9439185052784081,-0.011823964486245425,-1.3012407714390484,-0.6497622305274807,1.5459039684996627,-0.6340606814605939,-0.5935192026789141,0.9192847463529197
1.516612046880764,1.0938359013420087,-0.3885696092013759,0.3050230420080638,-0.9439185052784081,0.9468758587228451,0.9284111225878381,-0.3298792862677979,0.2769493462959585,-0.6340606814605939,-0.5935192026789141,-0.33764192786060904
-1.282034575445759,-0.4122696854782673,-1.3903604160370207,-0.2826899483735619,-0.30945807491147276,1.2664424664592087,-1.6197624705857465,1.589418379290299,1.5459039684996627,-0.6340606814605939,-0.5935192026789141,-0.33764192786060904
-0.009922474388248505,1.3530513015141123,1.114116601052091,-0.8704029387551875,1.2766930010058655,0.9468758587228451,1.2469328217345361,-0.3298792862677979,-0.6747666203568196,-0.6340606814605939,1.684865452518453,-0.33764192786060904
1.3894008367750128,0.45032966596703755,-0.639017310910287,0.3050230420080638,1.593923216189333,-0.6509571799589724,-1.3012407714390484,-0.009996342008115089,-1.3092439314586717,-0.6340606814605939,-0.5935192026789141,-0.6518735964139912
-0.7731897350227547,1.3258528422556188,-0.3885696092013759,-0.2826899483735619,-1.5783789356453435,0.3077426432501181,1.5654545208812343,-0.6497622305274807,1.5459039684996627,1.5771361152633603,-0.5935192026789141,-0.6518735964139912
-0.5187673148112526,0.8556002886483863,0.6132211976342689,-0.2826899483735619,-0.30945807491147276,0.6273092509864816,-0.027153974852256096,0.6297695465112505,0.2769493462959585,-0.6340606814605939,1.684865452518453,1.2335164149063018
0.8805559963520088,-0.8184256273356323,1.3645643027610024,-0.8704029387551875,-1.2611487204618759,-1.6096570031680628,-0.34567567399895416,0.9496524907709334,1.5459039684996627,-0.6340606814605939,-0.5935192026789141,0.6050530777995375
-0.2643448945997506,0.10860081403795079,0.86366889934318,-0.2826899483735619,1.593923216189333,0.6273092509864816,-0.6641973731456523,-0.9696451747871635,-0.6747666203568196,1.5771361152633603,-0.5935192026789141,-1.5945686020741379
0.3717111559290046,-0.8942892009074461,-0.3885696092013759,0.3050230420080638,0.3250023554554625,-1.6096570031680628,0.60988942344114,-0.9696451747871635,1.5459039684996627,-0.6340606814605939,1.684865452518453,1.2335164149063018
0.6261335761405067,-0.0029779356371745737,-0.3885696092013759,0.3050230420080638,0.007772140271994877,0.9468758587228451,1.2469328217345361,0.3098866022515677,-0.35752796480589355,1.5771361152633603,-0.5935192026789141,-0.9661052649673734
-0.9004009451285058,-0.027878665130584245,1.6150120044699134,-0.8704029387551875,-1.2611487204618759,1.5860090741955721,-0.34567567399895416,-0.9696451747871635,-0.040289309254967536,-0.6340606814605939,-0.5935192026789141,1.5477480834596842
0.6261335761405067,-1.2838421841035197,-1.3903604160370207,-0.2826899483735619,-0.6266882900949404,0.3077426432501181,-0.027153974852256096,-0.009996342008115089,0.5941880018468845,-0.6340606814605939,-0.5935192026789141,0.29082140924615535
-1.40924578555151,1.382856411944262,-0.639017310910287,-1.458115929136813,0.6422325706389302,0.9468758587228451,0.29136772429444197,0.9496524907709334,-0.9920052759077457,-0.6340606814605939,-0.5935192026789141,-1.5945686020741379
1.643823256986515,-1.4587884537243179,1.114116601052091,0.8927360323896893,0.3250023554554625,-0.011823964486245425,-0.6641973731456523,-0.009996342008115089,-0.35752796480589355,1.5771361152633603,1.684865452518453,-0.6518735964139912
0.24449994582325357,0.25536402666576546,-1.3903604160370207,-0.8704029387551875,0.9594627858223979,-0.011823964486245425,-1.3012407714390484,-1.609411063306529,0.2769493462959585,1.5771361152633603,1.684865452518453,-0.6518735964139912
0.49892236603475565,0.11603440107282367,-1.3903604160370207,-1.458115929136813,0.9594627858223979,-0.6509571799589724,0.29136772429444197,-0.009996342008115089,-1.3092439314586717,-0.6340606814605939,-0.5935192026789141,0.29082140924615535
-1.0276121552342568,1.7293610948801934,-1.1399127143281094,-0.8704029387551875,0.6422325706389302,-0.3313905722226089,0.60988942344114,1.269535435030616,0.9114266573978106,-0.6340606814605939,-0.5935192026789141,-1.2803369335207555
-1.282034575445759,-1.215260079832985,0.3627734959253576,0.3050230420080638,1.2766930010058655,-0.011823964486245425,1.2469328217345361,1.589418379290299,0.5941880018468845,1.5771361152633603,1.684865452518453,-0.023410259307226837
-0.2643448945997506,0.13906941063096398,-0.639017310910287,1.480449022771315,-0.9439185052784081,0.9468758587228451,-0.9827190722923503,-1.2895281190468464,0.9114266573978106,-0.6340606814605939,1.684865452518453,0.6050530777995375
-0.3915561047055016,1.364803598166752,-1.3903604160370207,0.8927360323896893,0.9594627858223979,0.3077426432501181,-1.3012407714390484,0.6297695465112505,1.5459039684996627,-0.6340606814605939,1.684865452518453,-0.9661052649673734
-0.2643448945997506,-0.4381940554957151,-0.8894650126191982,-0.8704029387551875,0.6422325706389302,1.5860090741955721,-0.34567567399895416,-0.3298792862677979,-1.3092439314586717,-0.6340606814605939,-0.5935192026789141,-1.5945686020741379
-1.1548233653400077,0.23592951760335493,-0.8894650126191982,1.480449022771315,0.007772140271994877,-1.2900903954316993,0.9284111225878381,-0.009996342008115089,1.5459039684996627,-0.6340606814605939,-0.5935192026789141,1.5477480834596842
-0.6459785249170037,-0.32828447119306964,-1.3903604160370207,-0.2826899483735619,1.593923216189333,1.5860090741955721,1.2469328217345361,-1.2895281190468464,-0.040289309254967536,-0.6340606814605939,-0.5935192026789141,-0.9661052649673734
-1.282034575445759,-0.04525395906510912,-0.3885696092013759,-0.8704029387551875,-0.6266882900949404,-0.3313905722226089,0.9284111225878381,-1.2895281190468464,0.2769493462959585,1.5771361152633603,-0.5935192026789141,-0.33764192786060904
0.3717111559290046,0.28437766634815875,0.86366889934318,1.480449022771315,0.6422325706389302,0.9468758587228451,-1.3012407714390484,-0.6497622305274807,-0.35752796480589355,-0.6340606814605939,-0.5935192026789141,1.5477480834596842
-0.7731897350227547,-1.579367759052439,-1.6408081177459317,1.480449022771315,-0.9439185052784081,-1.2900903954316993,1.2469328217345361,-0.6497622305274807,0.5941880018468845,-0.6340606814605939,-0.5935192026789141,0.9192847463529197
0.11728873571750253,0.4568771139909863,-1.3903604160370207,-0.2826899483735619,1.593923216189333,-1.2900903954316993,1.5654545208812343,-0.009996342008115089,-0.9920052759077457,1.5771361152633603,1.684865452518453,-0.9661052649673734
0.6261335761405067,1.712843595913115,0.6132211976342689,-1.458115929136813,-0.30945807491147276,0.3077426432501181,-1.3012407714390484,0.9496524907709334,-0.040289309254967536,-0.6340606814605939,-0.5935192026789141,1.2335164149063018
-0.009922474388248505,1.0315549760130258,0.11232579421644646,-0.2826899483735619,1.2766930010058655,-0.3313905722226089,0.29136772429444197,1.589418379290299,-0.9920052759077457,1.5771361152633603,-0.5935192026789141,0.9192847463529197
-1.282034575445759,-0.9854978082517968,-0.639017310910287,-0.8704029387551875,0.6422325706389302,-0.9705237876953359,0.9284111225878381,0.9496524907709334,-0.35752796480589355,-0.6340606814605939,-0.5935192026789141,1.2335164149063018
1.0077672064577599,1.434417923459696,-0.3885696092013759,-1.458115929136813,-0.9439185052784081,0.9468758587228451,-1.3012407714390484,-0.3298792862677979,-1.6264825870095976,-0.6340606814605939,-0.5935192026789141,0.6050530777995375
-0.7731897350227547,0.35186409728525536,0.3627734959253576,-1.458115929136813,0.9594627858223979,-0.9705237876953359,-1.3012407714390484,1.589418379290299,0.2769493462959585,-0.6340606814605939,-0.5935192026789141,1.2335164149063018
1.2621896266692618,-0.26661080035278445,1.114116601052091,-1.458115929136813,-1.2611487204618759,0.9468758587228451,-0.34567567399895416,0.6297695465112505,-0.35752796480589355,-0.6340606814605939,-0.5935192026789141,1.2335164149063018
1.643823256986515,1.668803248972556,-0.639017310910287,-0.8704029387551875,0.007772140271994877,1.5860090741955721,-0.6641973731456523,-1.2895281190468464,0.9114266573978106,1.5771361152633603,-0.5935192026789141,-0.33764192786060904
1.0077672064577599,0.15964019028784845,-0.8894650126191982,1.480449022771315,0.9594627858223979,0.9468758587228451,0.60988942344114,0.9496524907709334,1.2286653129487366,-0.6340606814605939,-0.5935192026789141,-0.6518735964139912
-0.13713368449399954,1.405567247988406,-0.3885696092013759,1.480449022771315,1.593923216189333,-0.3313905722226089,0.9284111225878381,1.269535435030616,1.5459039684996627,1.5771361152633603,-0.5935192026789141,-1.2803369335207555
-0.3915561047055016,-0.05472136546446531,0.6132211976342689,0.3050230420080638,0.3250023554554625,-1.6096570031680628,-0.027153974852256096,0.3098866022515677,0.2769493462959585,-0.6340606814605939,-0.5935192026789141,-0.023410259307226837
-0.2643448945997506,-1.0337341615526419,0.3627734959253576,-0.8704029387551875,0.007772140271994877,-1.2900903954316993,-0.34567567399895416,1.589418379290299,-0.040289309254967536,1.5771361152633603,-0.5935192026789141,-0.6518735964139912
1.1349784165635108,-1.7378854667429902,0.3627734959253576,1.480449022771315,1.593923216189333,-0.6509571799589724,1.2469328217345361,-1.609411063306529,0.9114266573978106,-0.6340606814605939,1.684865452518453,1.5477480834596842
1.1349784165635108,-0.5891243765059171,1.3645643027610024,1.480449022771315,0.6422325706389302,-1.2900903954316993,-0.9827190722923503,1.269535435030616,1.2286653129487366,-0.6340606814605939,-0.5935192026789141,-0.9661052649673734
0.7533447862462577,-1.5343689650150525,-1.3903604160370207,1.480449022771315,-0.6266882900949404,1.5860090741955721,0.60988942344114,-0.6497622305274807,0.5941880018468845,-0.6340606814605939,-0.5935192026789141,-0.9661052649673734
-1.0276121552342568,-0.2627572705821058,-1.3903604160370207,-1.458115929136813,0.3250023554554625,-0.6509571799589724,-0.6641973731456523,-0.3298792862677979,1.5459039684996627,-0.6340606814605939,-0.5935192026789141,-0.023410259307226837
1.2621896266692618,0.5867230169324461,-0.639017310910287,-0.8704029387551875,-0.6266882900949404,-0.6509571799589724,-1.6197624705857465,0.3098866022515677,1.5459039684996627,1.5771361152633603,1.684865452518453,1.5477480834596842
-1.40924578555151,0.8240019441189557,0.6132211976342689,0.3050230420080638,1.2766930010058655,0.9468758587228451,1.2469328217345361,1.269535435030616,0.9114266573978106,1.5771361152633603,-0.5935192026789141,-0.023410259307226837
-0.2643448945997506,-0.8206059896098284,-0.639017310910287,0.8927360323896893,0.6422325706389302,-0.6509571799589724,1.5654545208812343,-0.3298792862677979,-1.3092439314586717,1.5771361152633603,-0.5935192026789141,1.2335164149063018
0.24449994582325357,1.1255210098449653,-0.639017310910287,-0.8704029387551875,0.6422325706389302,1.2664424664592087,1.2469328217345361,0.6297695465112505,0.5941880018468845,1.5771361152633603,-0.5935192026789141,1.2335164149063018
0.7533447862462577,-0.08770944326334011,-0.8894650126191982,0.8927360323896893,-0.9439185052784081,-0.9705237876953359,-0.6641973731456523,0.9496524907709334,0.5941880018468845,-0.6340606814605939,-0.5935192026789141,1.5477480834596842
-0.13713368449399954,-0.8642828509189218,-1.6408081177459317,-0.2826899483735619,0.3250023554554625,0.9468758587228451,-0.9827190722923503,1.589418379290299,0.2769493462959585,-0.6340606814605939,1.684865452518453,0.29082140924615535
-1.40924578555151,-1.1310122837916907,1.3645643027610024,0.8927360323896893,0.3250023554554625,0.9468758587228451,1.2469328217345361,0.6297695465112505,1.5459039684996627,1.5771361152633603,-0.5935192026789141,-1.2803369335207555
1.0077672064577599,-1.330893045476943,-1.1399127143281094,0.8927360323896893,0.6422325706389302,1.5860090741955721,0.60988942344114,1.269535435030616,-1.3092439314586717,-0.6340606814605939,-0.5935192026789141,-0.9661052649673734
-1.536456995657261,-0.5401022795506105,-0.8894650126191982,0.8927360323896893,1.593923216189333,-0.6509571799589724,1.5654545208812343,0.3098866022515677,-1.3092439314586717,1.5771361152633603,-0.5935192026789141,1.5477480834596842
-0.009922474388248505,-1.34979073918356,-0.8894650126191982,-0.8704029387551875,1.2766930010058655,0.3077426432501181,-0.9827190722923503,1.589418379290299,-1.6264825870095976,-0.6340606814605939,-0.5935192026789141,-0.9661052649673734
1.1349784165635108,-0.3143290827106322,-1.3903604160370207,-0.2826899483735619,-0.9439185052784081,0.3077426432501181,0.9284111225878381,-0.6497622305274807,0.5941880018468845,-0.6340606814605939,-0.5935192026789141,-1.2803369335207555
-1.40924578555151,-1.7202053182136197,0.3627734959253576,1.480449022771315,1.593923216189333,-0.011823964486245425,-0.9827190722923503,0.9496524907709334,-0.6747666203568196,1.5771361152633603,-0.5935192026789141,1.2335164149063018
1.516612046880764,0.0840351684606548,0.11232579421644646,0.8927360323896893,1.593923216189333,0.9468758587228451,-0.6641973731456523,-0.009996342008115089,-1.3092439314586717,-0.6340606814605939,-0.5935192026789141,-0.6518735964139912
-1.40924578555151,-1.5522199305018871,1.6150120044699134,-0.8704029387551875,-1.5783789356453435,-0.3313905722226089,1.2469328217345361,-1.609411063306529,-0.040289309254967536,1.5771361152633603,-0.5935192026789141,-0.9661052649673734
1.1349784165635108,0.6908982605561647,0.6132211976342689,0.8927360323896893,-0.9439185052784081,1.5860090741955721,-0.6641973731456523,0.3098866022515677,-1.6264825870095976,-0.6340606814605939,1.684865452518453,-0.023410259307226837
0.7533447862462577,-0.757451791369396,-1.1399127143281094,1.480449022771315,-0.6266882900949404,0.9468758587228451,-1.3012407714390484,-0.009996342008115089,-0.6747666203568196,-0.6340606814605939,1.684865452518453,1.5477480834596842
-0.5187673148112526,1.5054704972734847,0.6132211976342689,0.3050230420080638,-1.2611487204618759,1.5860090741955721,0.9284111225878381,0.6297695465112505,1.2286653129487366,-0.6340606814605939,-0.5935192026789141,-0.023410259307226837
-0.13713368449399954,0.05463367454736431,0.86366889934318,-0.2826899483735619,0.9594627858223979,0.3077426432501181,0.9284111225878381,-0.6497622305274807,-0.6747666203568196,1.5771361152633603,-0.5935192026789141,1.5477480834596842
1.2621896266692618,-1.4914560011290534,-0.1381219074924647,1.480449022771315,-0.9439185052784081,-1.6096570031680628,1.5654545208812343,-0.009996342008115089,-0.6747666203568196,1.5771361152633603,-0.5935192026789141,-0.6518735964139912
0.11728873571750253,-0.176774370274284,-0.8894650126191982,-1.458115929136813,-1.5783789356453435,0.9468758587228451,0.9284111225878381,-0.3298792862677979,1.5459039684996627,-0.6340606814605939,-0.5935192026789141,-0.6518735964139912
-1.0276121552342568,0.6484679106193746,0.3627734959253576,-0.8704029387551875,0.3250023554554625,-1.2900903954316993,-0.027153974852256096,-0.6497622305274807,1.5459039684996627,-0.6340606814605939,-0.5935192026789141,-0.33764192786060904
-0.5187673148112526,1.0127204312057985,-0.1381219074924647,0.3050230420080638,0.6422325706389302,0.9468758587228451,-1.6197624705857465,-0.3298792862677979,-0.35752796480589355,1.5771361152633603,1.684865452518453,1.2335164149063018
0.7533447862462577,1.4559109233697631,0.6132211976342689,-1.458115929136813,-0.6266882900949404,1.2664424664592087,1.2469328217345361,0.9496524907709334,0.9114266573978106,1.5771361152633603,-0.5935192026789141,-0.9661052649673734
-0.6459785249170037,-1.7193474693047928,1.3645643027610024,-0.8704029387551875,0.3250023554554625,-1.6096570031680628,0.29136772429444197,0.9496524907709334,0.9114266573978106,-0.6340606814605939,-0.5935192026789141,-0.6518735964139912
-1.1548233653400077,0.5829372146587378,-0.1381219074924647,0.3050230420080638,-0.6266882900949404,-0.011823964486245425,0.60988942344114,1.589418379290299,-0.9920052759077457,-0.6340606814605939,-0.5935192026789141,-0.9661052649673734
0.49892236603475565,-0.3873142073503917,0.6132211976342689,1.480449022771315,0.007772140271994877,-0.3313905722226089,1.2469328217345361,-0.6497622305274807,-0.6747666203568196,-0.6340606814605939,1.684865452518453,-1.5945686020741379
-0.7731897350227547,0.5499767892757864,1.3645643027610024,-0.2826899483735619,-0.30945807491147276,-0.3313905722226089,0.9284111225878381,0.3098866022515677,-0.9920052759077457,-0.6340606814605939,1.684865452518453,1.2335164149063018
0.6261335761405067,-0.8623417082851877,-1.3903604160370207,0.3050230420080638,-0.6266882900949404,-0.6509571799589724,1.5654545208812343,0.6297695465112505,1.5459039684996627,-0.6340606814605939,-0.5935192026789141,1.2335164149063018
1.516612046880764,-0.9771235583627207,0.6132211976342689,-0.2826899483735619,1.2766930010058655,-1.2900903954316993,-1.3012407714390484,-0.9696451747871635,-0.35752796480589355,-0.6340606814605939,1.684865452518453,-0.023410259307226837
0.11728873571750253,1.0841252243159567,-0.639017310910287,0.3050230420080638,0.007772140271994877,0.3077426432501181,1.2469328217345361,1.269535435030616,0.2769493462959585,-0.6340606814605939,-0.5935192026789141,0.9192847463529197
-1.0276121552342568,0.9900089006533279,-0.3885696092013759,-1.458115929136813,-0.6266882900949404,0.9468758587228451,0.29136772429444197,-1.609411063306529,1.5459039684996627,-0.6340606814605939,-0.5935192026789141,1.5477480834596842
-1.536456995657261,-0.7903347339838508,1.114116601052091,-0.8704029387551875,0.007772140271994877,0.9468758587228451,1.5654545208812343,-0.009996342008115089,1.2286653129487366,-0.6340606814605939,-0.5935192026789141,1.2335164149063018
-0.13713368449399954,0.29013419815078056,1.114116601052091,0.3050230420080638,-0.9439185052784081,-1.6096570031680628,-1.3012407714390484,-1.2895281190468464,1.5459039684996627,-0.6340606814605939,1.684865452518453,1.2335164149063018
-1.282034575445759,-0.5706951781766487,-1.6408081177459317,0.3050230420080638,0.3250023554554625,0.3077426432501181,-0.34567567399895416,-0.6497622305274807,-1.3092439314586717,-0.6340606814605939,-0.5935192026789141,1.2335164149063018
-0.2643448945997506,-0.12981156015573012,0.11232579421644646,-0.2826899483735619,0.6422325706389302,1.5860090741955721,-0.9827190722923503,-0.009996342008115089,0.2769493462959585,-0.6340606814605939,1.684865452518453,-0.33764192786060904
-0.7731897350227547,-0.19152092300063775,-1.1399127143281094,-0.8704029387551875,-0.9439185052784081,1.2664424664592087,-1.6197624705857465,0.9496524907709334,1.2286653129487366,-0.6340606814605939,-0.5935192026789141,-0.33764192786060904
1.3894008367750128,0.9239045352033817,-1.1399127143281094,1.480449022771315,0.007772140271994877,-0.3313905722226089,-0.34567567399895416,1.589418379290299,0.9114266573978106,-0.6340606814605939,-0.5935192026789141,-0.33764192786060904
0.24449994582325357,1.161505638837828,1.6150120044699134,0.3050230420080638,-0.30945807491147276,0.6273092509864816,-0.9827190722923503,-1.609411063306529,0.9114266573978106,-0.6340606814605939,-0.5935192026789141,-0.33764192786060904
0.3717111559290046,0.28314836367350504,-0.8894650126191982,-0.2826899483735619,1.593923216189333,-0.6509571799589724,1.5654545208812343,0.6297695465112505,1.5459039684996627,-0.6340606814605939,-0.5935192026789141,0.29082140924615535
-1.6636682057630119,0.429542277577535,-0.639017310910287,0.3050230420080638,0.9594627858223979,1.2664424664592087,1.2469328217345361,1.269535435030616,-0.040289309254967536,-0.6340606814605939,-0.5935192026789141,1.2335164149063018
-1.536456995657261,-1.206086905392072,1.3645643027610024,1.480449022771315,0.9594627858223979,-0.011823964486245425,1.5654545208812343,-0.6497622305274807,-0.35752796480589355,-0.6340606814605939,-0.5935192026789141,0.29082140924615535
-0.2643448945997506,-0.0670320512627375,0.6132211976342689,0.8927360323896893,1.593923216189333,1.5860090741955721,0.60988942344114,-0.9696451747871635,-0.040289309254967536,-0.6340606814605939,1.684865452518453,0.29082140924615535
1.1349784165635108,0.5260152181707773,-1.3903604160370207,0.3050230420080638,-0.6266882900949404,0.9468758587228451,-1.6197624705857465,1.589418379290299,0.2769493462959585,1.5771361152633603,1.684865452518453,-0.023410259307226837
1.3894008367750128,-0.21860053409528343,0.86366889934318,-0.2826899483735619,-0.6266882900949404,-0.011823964486245425,-1.3012407714390484,0.9496524907709334,-0.9920052759077457,-0.6340606814605939,-0.5935192026789141,-0.6518735964139912
-0.2643448945997506,-0.7902056031940456,0.11232579421644646,-1.458115929136813,-1.2611487204618759,-0.3313905722226089,0.29136772429444197,-1.609411063306529,-0.040289309254967536,-0.6340606814605939,-0.5935192026789141,1.5477480834596842
-0.7731897350227547,-1.6878682249294124,0.86366889934318,-0.8704029387551875,-0.9439185052784081,-1.6096570031680628,0.60988942344114,0.6297695465112505,-0.9920052759077457,1.5771361152633603,-0.5935192026789141,1.2335164149063018
0.49892236603475565,-1.7074228621290533,0.3627734959253576,-0.8704029387551875,-0.30945807491147276,0.3077426432501181,-0.34567567399895416,0.9496524907709334,-1.3092439314586717,-0.6340606814605939,1.684865452518453,1.2335164149063018
1.0077672064577599,-0.7414129682100306,0.6132211976342689,-0.2826899483735619,0.3250023554554625,-0.3313905722226089,-1.6197624705857465,-1.2895281190468464,-0.9920052759077457,-0.6340606814605939,1.684865452518453,-0.33764192786060904
-0.5187673148112526,0.8871778577468825,0.3627734959253576,0.3050230420080638,1.593923216189333,1.5860090741955721,-0.9827190722923503,1.589418379290299,-1.6264825870095976,-0.6340606814605939,-0.5935192026789141,1.5477480834596842
-1.536456995657261,0.8858281468895955,-1.3903604160370207,1.480449022771315,-0.6266882900949404,0.6273092509864816,0.9284111225878381,-1.609411063306529,1.2286653129487366,-0.6340606814605939,-0.5935192026789141,-0.6518735964139912
-0.13713368449399954,-1.5531757622732727,0.3627734959253576,-0.8704029387551875,0.3250023554554625,0.3077426432501181,-0.34567567399895416,1.589418379290299,0.5941880018468845,-0.6340606814605939,1.684865452518453,0.9192847463529197
1.3894008367750128,-0.04269416531997703,-0.1381219074924647,-1.458115929136813,0.6422325706389302,-0.3313905722226089,-0.6641973731456523,-0.9696451747871635,1.5459039684996627,-0.6340606814605939,-0.5935192026789141,0.9192847463529197
1.2621896266692618,0.8390732569770393,-0.8894650126191982,-0.8704029387551875,-1.2611487204618759,-0.9705237876953359,-0.6641973731456523,0.3098866022515677,-0.040289309254967536,-0.6340606814605939,1.684865452518453,-0.33764192786060904
1.3894008367750128,0.6708240696313381,-1.3903604160370207,-0.2826899483735619,0.3250023554554625,-0.3313905722226089,0.9284111225878381,0.6297695465112505,0.2769493462959585,-0.6340606814605939,1.684865452518453,-1.5945686020741379
-0.3915561047055016,-1.1268769017572173,-0.639017310910287,0.3050230420080638,1.593923216189333,-0.011823964486245425,0.60988942344114,-0.009996342008115089,1.2286653129487366,-0.6340606814605939,-0.5935192026789141,0.9192847463529197
0.24449994582325357,1.6726745831623206,-0.8894650126191982,1.480449022771315,0.6422325706389302,0.3077426432501181,0.29136772429444197,0.6297695465112505,-0.9920052759077457,-0.6340606814605939,-0.5935192026789141,-0.6518735964139912
-1.536456995657261,0.4244662770086199,-1.3903604160370207,-0.2826899483735619,1.2766930010058655,-1.2900903954316993,-0.6641973731456523,0.3098866022515677,-0.35752796480589355,-0.6340606814605939,1.684865452518453,-0.9661052649673734
-0.6459785249170037,-1.352108173899313,-0.3885696092013759,-0.8704029387551875,-0.9439185052784081,-0.011823964486245425,0.9284111225878381,-0.3298792862677979,0.5941880018468845,-0.6340606814605939,1.684865452518453,-1.5945686020741379
0.7533447862462577,-1.2993546279124362,-0.1381219074924647,0.8927360323896893,0.9594627858223979,-0.011823964486245425,-1.6197624705857465,0.9496524907709334,-0.9920052759077457,-0.6340606814605939,1.684865452518453,1.5477480834596842
-0.5187673148112526,1.6630899120171017,1.6150120044699134,-0.2826899483735619,-0.9439185052784081,-0.6509571799589724,-0.34567567399895416,0.9496524907709334,1.5459039684996627,1.5771361152633603,-0.5935192026789141,1.2335164149063018
-0.9004009451285058,-0.5835360960782553,-0.1381219074924647,-0.2826899483735619,0.6422325706389302,1.2664424664592087,0.29136772429444197,-0.9696451747871635,-0.35752796480589355,-0.6340606814605939,-0.5935192026789141,1.2335164149063018
1.643823256986515,0.12324218167358414,1.6150120044699134,0.3050230420080638,0.9594627858223979,-0.3313905722226089,-0.6641973731456523,0.3098866022515677,-0.6747666203568196,-0.6340606814605939,-0.5935192026789141,-0.9661052649673734
1.516612046880764,-0.7762781399936381,0.86366889934318,1.480449022771315,0.007772140271994877,0.9468758587228451,-1.6197624705857465,-0.9696451747871635,-1.3092439314586717,-0.6340606814605939,-0.5935192026789141,0.9192847463529197
1.643823256986515,-0.3559069563353895,0.86366889934318,-1.458115929136813,-0.6266882900949404,1.5860090741955721,0.60988942344114,-0.6497622305274807,-0.9920052759077457,1.5771361152633603,-0.5935192026789141,0.6050530777995375
-1.1548233653400077,-1.2555958052674876,-0.1381219074924647,-0.8704029387551875,0.9594627858223979,1.2664424664592087,-1.6197624705857465,-0.009996342008115089,0.5941880018468845,-0.6340606814605939,-0.5935192026789141,-0.9661052649673734
0.24449994582325357,-1.3260441578327715,-0.639017310910287,-0.2826899483735619,-1.2611487204618759,0.6273092509864816,1.5654545208812343,1.269535435030616,-0.6747666203568196,-0.6340606814605939,1.684865452518453,1.2335164149063018
-0.7731897350227547,1.393846071812256,-0.639017310910287,0.3050230420080638,1.2766930010058655,-1.2900903954316993,-0.9827190722923503,1.589418379290299,0.9114266573978106,1.5771361152633603,-0.5935192026789141,0.9192847463529197
0.11728873571750253,-1.5230321227567531,-0.639017310910287,-0.2826899483735619,-0.9439185052784081,0.9468758587228451,-0.34567567399895416,-1.609411063306529,1.2286653129487366,-0.6340606814605939,-0.5935192026789141,-0.9661052649673734
0.6261335761405067,-0.3423393567329893,0.86366889934318,-0.8704029387551875,-0.9439185052784081,0.9468758587228451,-1.3012407714390484,-0.6497622305274807,0.9114266573978106,-0.6340606814605939,-0.5935192026789141,1.5477480834596842
-0.13713368449399954,-0.006548386085539181,0.11232579421644646,0.8927360323896893,0.007772140271994877,-0.3313905722226089,-0.9827190722923503,1.269535435030616,-1.6264825870095976,1.5771361152633603,1.684865452518453,1.5477480834596842
-0.3915561047055016,-0.9292362823408514,1.3645643027610024,1.480449022771315,1.2766930010058655,1.2664424664592087,0.9284111225878381,0.6297695465112505,-0.9920052759077457,-0.6340606814605939,-0.5935192026789141,-0.023410259307226837
-0.5187673148112526,0.6273940743631993,0.11232579421644646,0.3050230420080638,1.2766930010058655,-0.011823964486245425,-1.3012407714390484,-0.009996342008115089,1.2286653129487366,1.5771361152633603,1.684865452518453,1.2335164149063018
-0.3915561047055016,1.3394935864227708,-0.1381219074924647,-1.458115929136813,-0.30945807491147276,-1.6096570031680628,0.9284111225878381,-0.6497622305274807,0.9114266573978106,-0.6340606814605939,1.684865452518453,0.29082140924615535
-0.7731897350227547,-0.7565834697257564,0.6132211976342689,0.3050230420080638,1.593923216189333,-0.6509571799589724,-1.6197624705857465,0.3098866022515677,1.5459039684996627,-0.6340606814605939,1.684865452518453,-0.6518735964139912
1.1349784165635108,0.5964500752564122,-0.3885696092013759,0.8927360323896893,-0.9439185052784081,0.6273092509864816,0.9284111225878381,1.589418379290299,0.9114266573978106,1.5771361152633603,-0.5935192026789141,-0.023410259307226837
0.3717111559290046,1.2798011627370638,0.11232579421644646,0.3050230420080638,-1.2611487204618759,-0.6509571799589724,1.2469328217345361,0.3098866022515677,1.2286653129487366,-0.6340606814605939,-0.5935192026789141,0.6050530777995375
1.643823256986515,0.8263113348547112,-1.6408081177459317,-0.8704029387551875,0.007772140271994877,-0.6509571799589724,1.5654545208812343,-0.9696451747871635,-0.9920052759077457,-0.6340606814605939,-0.5935192026789141,0.6050530777995375
-1.1548233653400077,-1.5489508964995373,-0.639017310910287,1.480449022771315,-1.2611487204618759,-0.6509571799589724,1.5654545208812343,-0.6497622305274807,0.5941880018468845,-0.6340606814605939,-0.5935192026789141,1.2335164149063018
-1.6636682057630119,-1.6568042883880643,1.114116601052091,1.480449022771315,0.007772140271994877,1.5860090741955721,-0.6641973731456523,0.9496524907709334,0.9114266573978106,-0.6340606814605939,1.684865452518453,0.6050530777995375
0.3717111559290046,0.06471285126466103,-0.3885696092013759,-1.458115929136813,1.593923216189333,-1.6096570031680628,-1.3012407714390484,1.269535435030616,1.5459039684996627,-0.6340606814605939,1.684865452518453,-0.023410259307226837
-0.3915561047055016,-1.695600614092644,-0.1381219074924647,-0.8704029387551875,-0.6266882900949404,-0.011823964486245425,-0.34567567399895416,-0.9696451747871635,-0.35752796480589355,1.5771361152633603,-0.5935192026789141,-1.2803369335207555
1.2621896266692618,-1.3311616715039658,-1.1399127143281094,0.3050230420080638,0.9594627858223979,1.2664424664592087,-0.34567567399895416,-0.009996342008115089,-1.6264825870095976,-0.6340606814605939,-0.5935192026789141,0.29082140924615535
0.3717111559290046,-0.6802956923759708,0.6132211976342689,-0.8704029387551875,1.2766930010058655,1.5860090741955721,-0.9827190722923503,0.6297695465112505,1.5459039684996627,1.5771361152633603,-0.5935192026789141,-0.9661052649673734
-1.282034575445759,-0.3390563068439698,-1.6408081177459317,-0.2826899483735619,1.2766930010058655,0.6273092509864816,-0.34567567399895416,0.3098866022515677,-1.3092439314586717,1.5771361152633603,-0.5935192026789141,-0.9661052649673734
-0.13713368449399954,0.7155779329474047,-0.8894650126191982,-0.8704029387551875,0.9594627858223979,0.6273092509864816,-0.6641973731456523,-1.2895281190468464,1.5459039684996627,-0.6340606814605939,-0.5935192026789141,1.5477480834596842
0.8805559963520088,0.07641743327931068,-0.8894650126191982,0.8927360323896893,0.007772140271994877,-1.6096570031680628,-0.027153974852256096,-0.3298792862677979,-0.9920052759077457,-0.6340606814605939,-0.5935192026789141,-1.2803369335207555
1.1349784165635108,1.2718235732737029,0.11232579421644646,0.3050230420080638,-1.5783789356453435,1.5860090741955721,-0.9827190722923503,1.269535435030616,-1.3092439314586717,1.5771361152633603,-0.5935192026789141,-0.6518735964139912
0.3717111559290046,-0.16938385234836276,1.3645643027610024,0.3050230420080638,0.9594627858223979,-0.6509571799589724,0.29136772429444197,-1.2895281190468464,0.9114266573978106,-0.6340606814605939,1.684865452518453,-0.9661052649673734
-1.282034575445759,-0.028791804751170057,-0.639017310910287,-0.2826899483735619,-0.9439185052784081,-0.011823964486245425,-0.34567567399895416,-1.609411063306529,0.9114266573978106,-0.6340606814605939,1.684865452518453,1.2335164149063018
0.3717111559290046,-0.23513596291000338,-0.639017310910287,0.8927360323896893,-0.9439185052784081,-0.6509571799589724,-0.027153974852256096,-1.2895281190468464,1.2286653129487366,1.5771361152633603,-0.5935192026789141,-1.5945686020741379
1.1349784165635108,1.603673007168045,1.6150120044699134,0.8927360323896893,1.593923216189333,-1.6096570031680628,-1.3012407714390484,-1.2895281190468464,-0.9920052759077457,-0.6340606814605939,-0.5935192026789141,-0.6518735964139912
-1.0276121552342568,0.6942039429077298,0.11232579421644646,-0.2826899483735619,-1.5783789356453435,-1.6096570031680628,-1.6197624705857465,0.9496524907709334,0.9114266573978106,1.5771361152633603,-0.5935192026789141,1.5477480834596842
-1.40924578555151,1.293200771812839,-1.1399127143281094,1.480449022771315,0.6422325706389302,-1.6096570031680628,-1.3012407714390484,1.589418379290299,1.5459039684996627,-0.6340606814605939,-0.5935192026789141,-0.023410259307226837
-0.2643448945997506,0.3984453889027103,0.11232579421644646,-0.2826899483735619,0.6422325706389302,-1.2900903954316993,-0.027153974852256096,0.6297695465112505,1.2286653129487366,-0.6340606814605939,-0.5935192026789141,1.2335164149063018
-0.5187673148112526,1.067369873189603,1.6150120044699134,-0.2826899483735619,-1.2611487204618759,-1.2900903954316993,-0.9827190722923503,0.3098866022515677,0.2769493462959585,-0.6340606814605939,-0.5935192026789141,0.6050530777995375
-1.0276121552342568,1.2160715824208648,1.3645643027610024,1.480449022771315,0.6422325706389302,-0.9705237876953359,1.2469328217345361,-1.609411063306529,0.9114266573978106,-0.6340606814605939,-0.5935192026789141,-0.9661052649673734
-0.7731897350227547,0.06443771581998302,0.11232579421644646,0.3050230420080638,0.3250023554554625,-0.011823964486245425,-1.6197624705857465,-0.6497622305274807,0.5941880018468845,-0.6340606814605939,-0.5935192026789141,1.2335164149063018
-0.7731897350227547,0.855120635105426,0.3627734959253576,0.8927360323896893,0.9594627858223979,-0.6509571799589724,1.2469328217345361,-0.009996342008115089,1.2286653129487366,-0.6340606814605939,1.684865452518453,-0.33764192786060904
1.643823256986515,-1.289159900070696,-0.639017310910287,-1.458115929136813,0.3250023554554625,1.5860090741955721,-0.34567567399895416,-0.3298792862677979,1.2286653129487366,-0.6340606814605939,-0.5935192026789141,0.6050530777995375
-1.536456995657261,-0.3964679093227612,0.6132211976342689,-0.2826899483735619,-0.9439185052784081,-1.6096570031680628,0.9284111225878381,-0.3298792862677979,-0.35752796480589355,-0.6340606814605939,-0.5935192026789141,-0.33764192786060904
0.3717111559290046,-0.12685395064825886,-0.3885696092013759,1.480449022771315,0.9594627858223979,1.5860090741955721,0.9284111225878381,-0.3298792862677979,1.2286653129487366,-0.6340606814605939,1.684865452518453,0.9192847463529197
-0.5187673148112526,-0.6072779080921525,1.3645643027610024,-0.2826899483735619,1.2766930010058655,0.9468758587228451,0.9284111225878381,-0.6497622305274807,0.9114266573978106,-0.6340606814605939,-0.5935192026789141,-1.2803369335207555
0.7533447862462577,1.262516078451562,0.86366889934318,-0.8704029387551875,0.007772140271994877,1.5860090741955721,0.60988942344114,-1.609411063306529,-1.6264825870095976,1.5771361152633603,-0.5935192026789141,-1.5945686020741379
-1.1548233653400077,0.3168597057227328,0.6132211976342689,0.8927360323896893,1.2766930010058655,0.3077426432501181,1.5654545208812343,-0.9696451747871635,0.9114266573978106,1.5771361152633603,-0.5935192026789141,0.6050530777995375
-0.3915561047055016,-0.39562068742474976,-0.8894650126191982,-0.2826899483735619,-0.30945807491147276,-0.6509571799589724,-0.34567567399895416,0.9496524907709334,0.2769493462959585,-0.6340606814605939,-0.5935192026789141,-1.2803369335207555
-1.0276121552342568,0.6043919186760015,0.3627734959253576,-1.458115929136813,0.9594627858223979,0.6273092509864816,0.29136772429444197,-0.9696451747871635,-0.9920052759077457,-0.6340606814605939,-0.5935192026789141,0.9192847463529197
-0.5187673148112526,-1.5474429967113885,1.114116601052091,0.8927360323896893,-0.6266882900949404,-1.2900903954316993,1.5654545208812343,1.269535435030616,-1.3092439314586717,-0.6340606814605939,1.684865452518453,-0.33764192786060904
-1.536456995657261,0.6246141752788333,-0.8894650126191982,-0.2826899483735619,0.3250023554554625,-0.9705237876953359,1.2469328217345361,0.3098866022515677,-0.9920052759077457,1.5771361152633603,-0.5935192026789141,0.6050530777995375
1.0077672064577599,1.5324518184540468,-0.8894650126191982,-0.2826899483735619,1.593923216189333,1.5860090741955721,-0.027153974852256096,0.3098866022515677,1.2286653129487366,-0.6340606814605939,-0.5935192026789141,-0.33764192786060904
1.2621896266692618,0.1674456282929826,-1.1399127143281094,1.480449022771315,0.9594627858223979,0.3077426432501181,-0.9827190722923503,-0.009996342008115089,-0.9920052759077457,-0.6340606814605939,-0.5935192026789141,1.5477480834596842
0.8805559963520088,-0.6178474618195937,0.11232579421644646,-0.2826899483735619,1.593923216189333,0.3077426432501181,1.2469328217345361,0.3098866022515677,1.2286653129487366,1.5771361152633603,-0.5935192026789141,-0.33764192786060904
1.3894008367750128,-0.43275131923865257,-1.1399127143281094,-0.2826899483735619,1.593923216189333,0.9468758587228451,-0.9827190722923503,0.9496524907709334,1.2286653129487366,-0.6340606814605939,1.684865452518453,-0.9661052649673734
0.11728873571750253,-0.636847274571055,1.114116601052091,-0.8704029387551875,0.3250023554554625,-1.2900903954316993,-0.34567567399895416,-0.9696451747871635,0.9114266573978106,-0.6340606814605939,-0.5935192026789141,0.6050530777995375
-0.009922474388248505,-0.13359581317609134,1.3645643027610024,-0.2826899483735619,1.593923216189333,0.3077426432501181,0.29136772429444197,-0.6497622305274807,0.5941880018468845,-0.6340606814605939,-0.5935192026789141,0.9192847463529197
0.7533447862462577,-1.2541140991276083,0.86366889934318,-0.2826899483735619,-1.2611487204618759,-1.2900903954316993,0.29136772429444197,1.589418379290299,-0.9920052759077457,-0.6340606814605939,-0.5935192026789141,0.29082140924615535
-1.6636682057630119,0.039240742654766445,0.11232579421644646,-0.2826899483735619,1.2766930010058655,1.2664424664592087,-0.027153974852256096,0.3098866022515677,-0.9920052759077457,-0.6340606814605939,-0.5935192026789141,-0.9661052649673734
0.49892236603475565,0.6726782431090222,-0.8894650126191982,-0.8704029387551875,0.3250023554554625,-0.6509571799589724,-0.9827190722923503,-0.009996342008115089,-0.9920052759077457,-0.6340606814605939,-0.5935192026789141,-0.023410259307226837
0.3717111559290046,-1.0896647710636225,-0.3885696092013759,-0.8704029387551875,-1.5783789356453435,0.3077426432501181,-0.6641973731456523,-0.009996342008115089,1.2286653129487366,1.5771361152633603,-0.5935192026789141,-0.023410259307226837
1.2621896266692618,-1.0638408111303128,0.11232579421644646,-1.458115929136813,-1.5783789356453435,-0.6509571799589724,-1.3012407714390484,0.3098866022515677,-0.6747666203568196,-0.6340606814605939,1.684865452518453,-0.6518735964139912
-0.7731897350227547,1.367099717301006,-0.8894650126191982,-1.458115929136813,-0.30945807491147276,-1.6096570031680628,1.2469328217345361,1.269535435030616,0.9114266573978106,-0.6340606814605939,-0.5935192026789141,0.29082140924615535
-0.5187673148112526,0.31522831233420895,-0.1381219074924647,-1.458115929136813,1.593923216189333,0.3077426432501181,1.2469328217345361,0.3098866022515677,0.5941880018468845,-0.6340606814605939,-0.5935192026789141,-1.5945686020741379
-1.282034575445759,0.436870704791689,-1.3903604160370207,-0.8704029387551875,-0.9439185052784081,-1.2900903954316993,0.29136772429444197,-0.6497622305274807,-0.9920052759077457,1.5771361152633603,-0.5935192026789141,-1.2803369335207555
-0.009922474388248505,0.8030060421349491,-0.1381219074924647,0.3050230420080638,-0.30945807491147276,0.6273092509864816,0.9284111225878381,-0.9696451747871635,-1.3092439314586717,1.5771361152633603,-0.5935192026789141,1.2335164149063018
-1.1548233653400077,-1.3864669270352752,1.114116601052091,-0.8704029387551875,0.3250023554554625,-0.3313905722226089,0.9284111225878381,-1.609411063306529,-0.35752796480589355,-0.6340606814605939,-0.5935192026789141,-0.33764192786060904
-1.536456995657261,1.5177022085232286,0.3627734959253576,1.480449022771315,-1.5783789356453435,0.6273092509864816,0.60988942344114,1.589418379290299,0.2769493462959585,-0.6340606814605939,-0.5935192026789141,-0.023410259307226837
1.516612046880764,1.0926833512623906,0.6132211976342689,-0.8704029387551875,-0.30945807491147276,0.3077426432501181,0.9284111225878381,1.269535435030616,0.9114266573978106,-0.6340606814605939,-0.5935192026789141,-0.023410259307226837
-0.5187673148112526,0.556348452437528,-1.1399127143281094,0.8927360323896893,-0.6266882900949404,0.6273092509864816,-0.9827190722923503,-0.3298792862677979,-0.6747666203568196,1.5771361152633603,-0.5935192026789141,-1.5945686020741379
-0.009922474388248505,-1.7155796222383422,-0.639017310910287,-0.2826899483735619,1.593923216189333,-0.3313905722226089,-0.027153974852256096,0.9496524907709334,-1.6264825870095976,1.5771361152633603,1.684865452518453,0.9192847463529197
1.516612046880764,1.1123939581246671,0.3627734959253576,1.480449022771315,1.2766930010058655,-0.6509571799589724,-0.6641973731456523,-0.6497622305274807,1.5459039684996627,-0.6340606814605939,-0.5935192026789141,-0.6518735964139912
1.516612046880764,-1.6587983705424314,-1.6408081177459317,-0.2826899483735619,0.6422325706389302,-0.9705237876953359,0.29136772429444197,0.3098866022515677,0.5941880018468845,-0.6340606814605939,1.684865452518453,0.6050530777995375
-0.009922474388248505,-1.1414380486884914,1.3645643027610024,-0.8704029387551875,-0.9439185052784081,-0.9705237876953359,-1.3012407714390484,-0.9696451747871635,0.5941880018468845,-0.6340606814605939,-0.5935192026789141,-1.2803369335207555
-1.536456995657261,0.9185984979186125,1.114116601052091,0.8927360323896893,-1.5783789356453435,1.2664424664592087,-1.6197624705857465,0.6297695465112505,-0.6747666203568196,-0.6340606814605939,-0.5935192026789141,1.5477480834596842
0.6261335761405067,-0.7772647944166424,0.86366889934318,-0.8704029387551875,1.2766930010058655,-0.011823964486245425,-0.34567567399895416,0.3098866022515677,0.9114266573978106,-0.6340606814605939,-0.5935192026789141,1.2335164149063018
-0.6459785249170037,-0.5639742666498813,-1.6408081177459317,0.8927360323896893,-1.5783789356453435,-1.6096570031680628,1.5654545208812343,-0.3298792862677979,-1.6264825870095976,1.5771361152633603,-0.5935192026789141,-0.6518735964139912
-1.6636682057630119,0.9672959146557556,1.6150120044699134,-0.8704029387551875,-1.2611487204618759,-1.6096570031680628,-0.027153974852256096,0.3098866022515677,-1.6264825870095976,-0.6340606814605939,1.684865452518453,-0.023410259307226837
-1.40924578555151,-0.43676491193831396,-0.8894650126191982,-0.2826899483735619,-0.30945807491147276,1.5860090741955721,-0.34567567399895416,-0.6497622305274807,0.9114266573978106,-0.6340606814605939,-0.5935192026789141,-0.9661052649673734
-0.13713368449399954,1.4253149695856175,-0.3885696092013759,0.8927360323896893,-1.5783789356453435,-1.2900903954316993,1.5654545208812343,1.269535435030616,-0.35752796480589355,-0.6340606814605939,-0.5935192026789141,-0.6518735964139912
-0.6459785249170037,-0.5573315905053374,1.114116601052091,1.480449022771315,0.007772140271994877,-0.011823964486245425,-0.6641973731456523,0.6297695465112505,1.2286653129487366,-0.6340606814605939,1.684865452518453,-1.5945686020741379
0.11728873571750253,0.45321720378315405,-1.1399127143281094,0.8927360323896893,0.3250023554554625,0.6273092509864816,-0.027153974852256096,-0.9696451747871635,-1.3092439314586717,-0.6340606814605939,1.684865452518453,0.6050530777995375
-0.5187673148112526,-1.14236606236923,-1.6408081177459317,-1.458115929136813,-0.6266882900949404,1.2664424664592087,0.29136772429444197,-1.2895281190468464,-1.3092439314586717,-0.6340606814605939,-0.5935192026789141,-1.2803369335207555
0.6261335761405067,-0.5833481346748314,-1.6408081177459317,-0.8704029387551875,1.2766930010058655,0.6273092509864816,0.9284111225878381,-0.6497622305274807,-1.3092439314586717,-0.6340606814605939,-0.5935192026789141,-1.5945686020741379
1.1349784165635108,1.5755461993468642,1.6150120044699134,-0.2826899483735619,0.9594627858223979,1.5860090741955721,-0.027153974852256096,1.269535435030616,1.2286653129487366,-0.6340606814605939,-0.5935192026789141,1.2335164149063018
0.49892236603475565,-1.0756654279451874,-1.1399127143281094,-0.8704029387551875,0.9594627858223979,-0.3313905722226089,0.9284111225878381,-0.6497622305274807,-0.35752796480589355,-0.6340606814605939,-0.5935192026789141,-0.9661052649673734
0.11728873571750253,-0.0846600172900795,1.3645643027610024,0.3050230420080638,1.2766930010058655,-1.2900903954316993,-1.6197624705857465,1.269535435030616,0.5941880018468845,1.5771361152633603,1.684865452518453,-0.9661052649673734
-0.2643448945997506,-1.002919172011042,0.3627734959253576,0.8927360323896893,0.6422325706389302,-0.9705237876953359,0.9284111225878381,-0.6497622305274807,-1.3092439314586717,-0.6340606814605939,-0.5935192026789141,-1.2803369335207555
0.11728873571750253,0.5843181062494641,-0.3885696092013759,0.8927360323896893,-1.5783789356453435,0.3077426432501181,-1.6197624705857465,-0.6497622305274807,-0.9920052759077457,-0.6340606814605939,-0.5935192026789141,-0.6518735964139912
-1.0276121552342568,-0.8285622594635489,1.6150120044699134,-0.8704029387551875,0.3250023554554625,-1.2900903954316993,-0.9827190722923503,-0.6497622305274807,-1.3092439314586717,-0.6340606814605939,-0.5935192026789141,0.6050530777995375
0.6261335761405067,-0.5272908432511924,-0.3885696092013759,-0.2826899483735619,-1.5783789356453435,-1.2900903954316993,-1.3012407714390484,-0.3298792862677979,0.5941880018468845,-0.6340606814605939,1.684865452518453,1.2335164149063018
1.1349784165635108,1.2960187337347533,-0.1381219074924647,0.3050230420080638,-0.6266882900949404,-0.9705237876953359,1.5654545208812343,-1.2895281190468464,-1.6264825870095976,-0.6340606814605939,1.684865452518453,0.6050530777995375
-0.2643448945997506,1.518574481419901,-1.6408081177459317,1.480449022771315,-0.6266882900949404,-0.6509571799589724,-1.3012407714390484,0.3098866022515677,-0.9920052759077457,-0.6340606814605939,-0.5935192026789141,-1.5945686020741379
-1.536456995657261,-1.145299001964037,-1.1399127143281094,-0.2826899483735619,-0.6266882900949404,1.2664424664592087,0.29136772429444197,-0.009996342008115089,-1.6264825870095976,-0.6340606814605939,1.684865452518453,1.5477480834596842
-0.9004009451285058,-1.012872510640751,-1.3903604160370207,1.480449022771315,-0.9439185052784081,0.9468758587228451,-1.6197624705857465,-0.009996342008115089,1.5459039684996627,-0.6340606814605939,1.684865452518453,0.29082140924615535
-0.9004009451285058,-1.2233868289411265,0.6132211976342689,-0.8704029387551875,-1.5783789356453435,0.3077426432501181,-1.3012407714390484,1.589418379290299,-0.6747666203568196,1.5771361152633603,-0.5935192026789141,-1.5945686020741379
0.3717111559290046,1.0687659245350274,-0.639017310910287,0.8927360323896893,0.007772140271994877,0.3077426432501181,-0.6641973731456523,-0.3298792862677979,-0.35752796480589355,-0.6340606814605939,-0.5935192026789141,-0.6518735964139912
-1.1548233653400077,-0.7878519968630043,-1.3903604160370207,-0.8704029387551875,-1.2611487204618759,1.2664424664592087,0.29136772429444197,-1.2895281190468464,1.2286653129487366,1.5771361152633603,-0.5935192026789141,1.5477480834596842
-0.2643448945997506,-1.0965865380185902,-0.8894650126191982,-1.458115929136813,-1.2611487204618759,0.6273092509864816,-0.027153974852256096,-0.009996342008115089,0.5941880018468845,-0.6340606814605939,-0.5935192026789141,-1.2803369335207555
-0.5187673148112526,0.007435933349128073,-0.8894650126191982,0.8927360323896893,0.007772140271994877,0.6273092509864816,-1.6197624705857465,-0.3298792862677979,-0.040289309254967536,-0.6340606814605939,-0.5935192026789141,0.6050530777995375
-1.282034575445759,-1.3230611688536547,-1.3903604160370207,-1.458115929136813,0.6422325706389302,0.3077426432501181,-0.34567567399895416,-0.3298792862677979,-1.3092439314586717,-0.6340606814605939,-0.5935192026789141,1.5477480834596842
1.643823256986515,1.1083858806533966,0.11232579421644646,-1.458115929136813,0.6422325706389302,0.6273092509864816,0.29136772429444197,0.3098866022515677,-0.9920052759077457,-0.6340606814605939,-0.5935192026789141,-1.5945686020741379
-1.40924578555151,1.334283794868223,0.6132211976342689,1.480449022771315,1.2766930010058655,0.6273092509864816,0.9284111225878381,-0.9696451747871635,1.5459039684996627,-0.6340606814605939,-0.5935192026789141,-1.2803369335207555
-0.9004009451285058,1.3454803600402643,-0.8894650126191982,1.480449022771315,-0.9439185052784081,1.2664424664592087,0.9284111225878381,-0.3298792862677979,1.2286653129487366,1.5771361152633603,1.684865452518453,0.9192847463529197
0.24449994582325357,-0.9344434676670825,1.6150120044699134,-0.2826899483735619,0.3250023554554625,-0.011823964486245425,-0.34567567399895416,1.269535435030616,1.5459039684996627,-0.6340606814605939,-0.5935192026789141,1.5477480834596842
-1.536456995657261,-0.2521705165362112,-0.1381219074924647,0.8927360323896893,-1.5783789356453435,-0.6509571799589724,0.9284111225878381,0.3098866022515677,1.5459039684996627,-0.6340606814605939,-0.5935192026789141,-0.6518735964139912
-1.536456995657261,0.4071064417260152,0.11232579421644646,-1.458115929136813,0.007772140271994877,1.5860090741955721,0.29136772429444197,-0.009996342008115089,0.9114266573978106,1.5771361152633603,-0.5935192026789141,-0.023410259307226837
-1.536456995657261,-0.5360055860151829,-1.6408081177459317,-1.458115929136813,0.9594627858223979,-0.6509571799589724,1.2469328217345361,-0.009996342008115089,-0.040289309254967536,-0.6340606814605939,-0.5935192026789141,1.5477480834596842
1.3894008367750128,-1.6333122493099919,0.3627734959253576,1.480449022771315,0.007772140271994877,-1.2900903954316993,-0.6641973731456523,0.6297695465112505,-0.35752796480589355,1.5771361152633603,-0.5935192026789141,-1.5945686020741379
-1.536456995657261,-0.7499766972704532,0.3627734959253576,-1.458115929136813,-0.6266882900949404,-1.6096570031680628,-0.6641973731456523,0.3098866022515677,-0.040289309254967536,-0.6340606814605939,-0.5935192026789141,-0.023410259307226837
0.7533447862462577,-1.6925990036882614,-0.3885696092013759,0.8927360323896893,-0.9439185052784081,-0.9705237876953359,-1.3012407714390484,1.589418379290299,1.2286653129487366,-0.6340606814605939,1.684865452518453,1.2335164149063018
1.516612046880764,-1.3748042620097807,0.11232579421644646,0.8927360323896893,0.3250023554554625,-0.6509571799589724,-0.6641973731456523,0.6297695465112505,0.5941880018468845,-0.6340606814605939,-0.5935192026789141,0.29082140924615535
-0.2643448945997506,0.3380947324841066,-0.3885696092013759,-0.8704029387551875,0.9594627858223979,-1.2900903954316993,0.60988942344114,-0.3298792862677979,-0.6747666203568196,-0.6340606814605939,-0.5935192026789141,-0.9661052649673734
0.49892236603475565,-1.6160123632066927,-0.3885696092013759,1.480449022771315,-0.9439185052784081,-0.6509571799589724,0.9284111225878381,1.269535435030616,-0.6747666203568196,-0.6340606814605939,1.684865452518453,0.6050530777995375
0.3717111559290046,0.15678591682724424,-0.1381219074924647,1.480449022771315,-0.6266882900949404,-0.6509571799589724,1.5654545208812343,-0.3298792862677979,-1.3092439314586717,-0.6340606814605939,1.684865452518453,-1.5945686020741379
-0.5187673148112526,1.079869286659485,1.114116601052091,-0.8704029387551875,-0.9439185052784081,-1.2900903954316993,0.29136772429444197,-0.6497622305274807,1.5459039684996627,1.5771361152633603,-0.5935192026789141,0.29082140924615535
0.24449994582325357,1.1294164347400042,1.114116601052091,-1.458115929136813,-1.2611487204618759,0.3077426432501181,-0.34567567399895416,-1.609411063306529,-0.040289309254967536,-0.6340606814605939,-0.5935192026789141,-0.9661052649673734
1.3894008367750128,0.38136107836727956,0.3627734959253576,0.3050230420080638,-0.30945807491147276,0.6273092509864816,-0.6641973731456523,-0.3298792862677979,-0.040289309254967536,-0.6340606814605939,1.684865452518453,1.5477480834596842
0.24449994582325357,-1.0313203076910666,-0.8894650126191982,-0.8704029387551875,1.593923216189333,0.3077426432501181,0.9284111225878381,-0.3298792862677979,0.9114266573978106,1.5771361152633603,1.684865452518453,0.6050530777995375
1.516612046880764,1.4870225043090726,0.6132211976342689,-0.2826899483735619,-0.6266882900949404,-0.9705237876953359,-1.6197624705857465,-1.2895281190468464,-1.6264825870095976,-0.6340606814605939,-0.5935192026789141,0.6050530777995375
-0.5187673148112526,-1.208628727365862,-1.3903604160370207,-0.8704029387551875,-0.9439185052784081,-1.2900903954316993,-0.6641973731456523,0.3098866022515677,0.2769493462959585,-0.6340606814605939,1.684865452518453,-0.023410259307226837
-0.3915561047055016,-1.6557622798367357,-1.3903604160370207,-0.8704029387551875,0.007772140271994877,-0.011823964486245425,-0.9827190722923503,-1.2895281190468464,0.2769493462959585,-0.6340606814605939,1.684865452518453,-1.5945686020741379
-0.13713368449399954,1.2239639005408784,1.6150120044699134,-0.2826899483735619,-1.5783789356453435,-1.6096570031680628,1.2469328217345361,-1.609411063306529,-0.040289309254967536,-0.6340606814605939,1.684865452518453,-0.023410259307226837
0.8805559963520088,1.2207613898266425,0.11232579421644646,1.480449022771315,-1.5783789356453435,-0.011823964486245425,-0.34567567399895416,-0.9696451747871635,1.2286653129487366,-0.6340606814605939,-0.5935192026789141,-0.9661052649673734
0.49892236603475565,0.21572150877164134,-0.639017310910287,0.8927360323896893,-1.5783789356453435,0.6273092509864816,1.2469328217345361,-0.009996342008115089,-1.6264825870095976,1.5771361152633603,-0.5935192026789141,1.2335164149063018
1.2621896266692618,-1.2255670609644904,0.6132211976342689,-1.458115929136813,-1.2611487204618759,-0.9705237876953359,-0.027153974852256096,0.9496524907709334,0.2769493462959585,-0.6340606814605939,-0.5935192026789141,-0.6518735964139912
-0.13713368449399954,0.3806833290866225,0.86366889934318,-0.2826899483735619,1.593923216189333,-0.3313905722226089,1.5654545208812343,-1.609411063306529,0.9114266573978106,-0.6340606814605939,1.684865452518453,-1.5945686020741379
0.8805559963520088,-1.5306098912325272,-0.1381219074924647,-0.2826899483735619,-0.6266882900949404,0.6273092509864816,-0.9827190722923503,-0.3298792862677979,0.9114266573978106,-0.6340606814605939,-0.5935192026789141,-1.2803369335207555
-0.13713368449399954,-0.20079914083375575,-1.1399127143281094,-1.458115929136813,0.6422325706389302,-0.011823964486245425,-1.6197624705857465,0.3098866022515677,1.2286653129487366,1.5771361152633603,-0.5935192026789141,-0.6518735964139912
-1.282034575445759,-0.8057908747841553,0.6132211976342689,0.3050230420080638,0.6422325706389302,1.5860090741955721,-0.6641973731456523,-1.2895281190468464,1.2286653129487366,-0.6340606814605939,-0.5935192026789141,0.6050530777995375
1.3894008367750128,1.1738906636059478,-0.3885696092013759,0.8927360323896893,-0.6266882900949404,1.5860090741955721,-0.6641973731456523,1.589418379290299,-0.6747666203568196,-0.6340606814605939,1.684865452518453,1.5477480834596842
-1.536456995657261,-1.4768537860281419,0.3627734959253576,-0.8704029387551875,0.9594627858223979,1.2664424664592087,-0.027153974852256096,0.3098866022515677,0.2769493462959585,-0.6340606814605939,-0.5935192026789141,0.9192847463529197
0.7533447862462577,-0.7710419094651247,-1.1399127143281094,1.480449022771315,1.593923216189333,-0.6509571799589724,-1.6197624705857465,0.6297695465112505,1.2286653129487366,-0.6340606814605939,-0.5935192026789141,0.9192847463529197
-0.7731897350227547,-1.5000592117508385,1.114116601052091,-0.2826899483735619,-0.30945807491147276,-0.011823964486245425,-0.6641973731456523,-1.609411063306529,1.2286653129487366,-0.6340606814605939,-0.5935192026789141,-1.5945686020741379
-0.9004009451285058,1.1924378517333891,-0.1381219074924647,0.8927360323896893,1.593923216189333,0.6273092509864816,0.29136772429444197,-1.609411063306529,0.5941880018468845,1.5771361152633603,1.684865452518453,-0.9661052649673734
-1.40924578555151,-0.8946282779084589,-1.3903604160370207,-1.458115929136813,0.9594627858223979,0.6273092509864816,-0.34567567399895416,-0.009996342008115089,1.5459039684996627,-0.6340606814605939,-0.5935192026789141,1.5477480834596842
0.7533447862462577,0.10025287551832063,-0.8894650126191982,-1.458115929136813,0.6422325706389302,-0.6509571799589724,1.2469328217345361,0.6297695465112505,-1.3092439314586717,-0.6340606814605939,1.684865452518453,1.5477480834596842
-0.009922474388248505,-1.4399250379453408,-1.3903604160370207,1.480449022771315,-0.9439185052784081,1.5860090741955721,-0.9827190722923503,-1.609411063306529,0.9114266573978106,-0.6340606814605939,-0.5935192026789141,-0.6518735964139912
-0.009922474388248505,-0.10996876427393039,0.3627734959253576,-0.2826899483735619,1.593923216189333,-1.6096570031680628,0.60988942344114,1.589418379290299,-0.040289309254967536,-0.6340606814605939,1.684865452518453,0.9192847463529197
-0.9004009451285058,-0.7888634745906532,1.114116601052091,0.8927360323896893,0.9594627858223979,0.6273092509864816,-1.3012407714390484,1.589418379290299,0.2769493462959585,-0.6340606814605939,-0.5935192026789141,-0.33764192786060904
-1.6636682057630119,0.4289322603516428,-1.1399127143281094,-0.8704029387551875,0.9594627858223979,-0.3313905722226089,0.29136772429444197,0.3098866022515677,1.2286653129487366,1.5771361152633603,1.684865452518453,-0.33764192786060904
0.49892236603475565,-1.0647098578196308,-1.1399127143281094,-0.2826899483735619,1.593923216189333,-1.6096570031680628,0.29136772429444197,1.269535435030616,-0.6747666203568196,-0.6340606814605939,-0.5935192026789141,0.9192847463529197
0.8805559963520088,1.065986813988134,1.6150120044699134,0.3050230420080638,0.007772140271994877,-1.2900903954316993,-0.34567567399895416,0.9496524907709334,-1.6264825870095976,1.5771361152633603,1.684865452518453,0.29082140924615535
-1.1548233653400077,0.453575813868462,1.3645643027610024,-1.458115929136813,-1.2611487204618759,-0.6509571799589724,-0.6641973731456523,-1.2895281190468464,-0.040289309254967536,-0.6340606814605939,-0.5935192026789141,1.2335164149063018
-0.9004009451285058,0.7685570279999323,1.114116601052091,-0.8704029387551875,1.2766930010058655,-1.6096570031680628,-1.6197624705857465,0.9496524907709334,1.2286653129487366,-0.6340606814605939,-0.5935192026789141,0.9192847463529197
0.11728873571750253,1.4462273639821195,-1.1399127143281094,-1.458115929136813,0.6422325706389302,-1.2900903954316993,0.9284111225878381,-0.6497622305274807,1.2286653129487366,-0.6340606814605939,-0.5935192026789141,0.6050530777995375
-0.2643448945997506,-1.4889314683312627,-0.639017310910287,1.480449022771315,0.3250023554554625,-0.3313905722226089,-0.027153974852256096,-0.6497622305274807,-0.040289309254967536,-0.6340606814605939,-0.5935192026789141,-0.33764192786060904
-1.6636682057630119,1.1672118039053156,-1.1399127143281094,-0.8704029387551875,-1.5783789356453435,0.3077426432501181,-0.34567567399895416,0.3098866022515677,-1.3092439314586717,-0.6340606814605939,-0.5935192026789141,0.29082140924615535
-0.009922474388248505,0.7370167824977891,1.6150120044699134,-0.8704029387551875,-0.6266882900949404,1.5860090741955721,-0.34567567399895416,0.6297695465112505,-0.9920052759077457,-0.6340606814605939,1.684865452518453,1.5477480834596842
-1.1548233653400077,-0.3793371599535773,1.6150120044699134,0.8927360323896893,0.007772140271994877,-0.011823964486245425,0.29136772429444197,-1.609411063306529,-0.040289309254967536,1.5771361152633603,-0.5935192026789141,1.2335164149063018
-0.6459785249170037,0.043272553251924126,1.6150120044699134,0.8927360323896893,0.9594627858223979,-0.3313905722226089,-0.027153974852256096,-0.009996342008115089,-0.040289309254967536,1.5771361152633603,-0.5935192026789141,0.6050530777995375
1.0077672064577599,0.9290511362724239,-1.3903604160370207,-1.458115929136813,1.2766930010058655,0.6273092509864816,1.5654545208812343,-0.6497622305274807,0.2769493462959585,-0.6340606814605939,-0.5935192026789141,0.6050530777995375
-0.3915561047055016,0.8272655943497911,-0.1381219074924647,-0.8704029387551875,-0.6266882900949404,1.5860090741955721,0.9284111225878381,-1.609411063306529,-1.3092439314586717,-0.6340606814605939,-0.5935192026789141,1.2335164149063018
0.3717111559290046,-1.4172605394126205,-0.639017310910287,1.480449022771315,1.2766930010058655,0.3077426432501181,0.60988942344114,0.3098866022515677,1.2286653129487366,-0.6340606814605939,-0.5935192026789141,-0.6518735964139912
0.24449994582325357,1.330682855389856,-1.1399127143281094,0.3050230420080638,0.3250023554554625,-1.2900903954316993,0.29136772429444197,1.589418379290299,-0.9920052759077457,-0.6340606814605939,1.684865452518453,1.2335164149063018
-0.6459785249170037,1.1633557177950888,0.6132211976342689,1.480449022771315,1.2766930010058655,-0.3313905722226089,-1.6197624705857465,-0.3298792862677979,-1.3092439314586717,-0.6340606814605939,-0.5935192026789141,1.2335164149063018
-0.7731897350227547,0.2770800492509984,-0.1381219074924647,-0.2826899483735619,0.007772140271994877,-1.2900903954316993,0.9284111225878381,-1.2895281190468464,1.5459039684996627,1.5771361152633603,-0.5935192026789141,0.6050530777995375
-1.1548233653400077,-1.3700474914298368,-1.3903604160370207,1.480449022771315,1.593923216189333,-0.3313905722226089,0.9284111225878381,0.9496524907709334,0.2769493462959585,-0.6340606814605939,1.684865452518453,0.29082140924615535
-1.0276121552342568,-0.00516950603498982,0.6132211976342689,0.8927360323896893,-1.5783789356453435,0.6273092509864816,-1.3012407714390484,-0.9696451747871635,0.9114266573978106,1.5771361152633603,-0.5935192026789141,-1.5945686020741379
-1.0276121552342568,1.3124699955569858,0.6132211976342689,0.3050230420080638,-0.9439185052784081,-0.3313905722226089,1.2469328217345361,0.9496524907709334,-1.3092439314586717,-0.6340606814605939,-0.5935192026789141,0.6050530777995375
1.516612046880764,-1.5920755111368163,-1.3903604160370207,-1.458115929136813,0.9594627858223979,-1.6096570031680628,1.2469328217345361,-0.3298792862677979,0.2769493462959585,1.5771361152633603,-0.5935192026789141,-0.023410259307226837
-0.5187673148112526,0.04388982010989271,-0.639017310910287,-0.2826899483735619,0.9594627858223979,-0.3313905722226089,-0.34567567399895416,-0.009996342008115089,0.9114266573978106,-0.6340606814605939,1.684865452518453,-0.9661052649673734
-0.9004009451285058,0.637305791574218,1.3645643027610024,-0.8704029387551875,-0.9439185052784081,-0.6509571799589724,-0.34567567399895416,1.269535435030616,-0.6747666203568196,-0.6340606814605939,-0.5935192026789141,-0.6518735964139912
0.24449994582325357,1.3781226668933606,-1.3903604160370207,1.480449022771315,-0.30945807491147276,1.5860090741955721,1.2469328217345361,-0.6497622305274807,0.9114266573978106,1.5771361152633603,-0.5935192026789141,0.6050530777995375
0.6261335761405067,-1.556006734335161,-1.6408081177459317,-0.2826899483735619,0.007772140271994877,1.2664424664592087,-1.3012407714390484,-0.3298792862677979,-0.35752796480589355,-0.6340606814605939,1.684865452518453,0.29082140924615535
-1.1548233653400077,-1.0457956028518909,-1.6408081177459317,0.8927360323896893,-0.9439185052784081,0.9468758587228451,-1.6197624705857465,1.589418379290299,-0.6747666203568196,1.5771361152633603,-0.5935192026789141,0.29082140924615535
0.49892236603475565,0.8181652660611247,1.6150120044699134,1.480449022771315,-0.9439185052784081,-0.3313905722226089,0.60988942344114,-0.9696451747871635,0.2769493462959585,-0.6340606814605939,-0.5935192026789141,0.9192847463529197
0.8805559963520088,-0.2136999723287806,-0.639017310910287,0.3050230420080638,0.3250023554554625,-1.2900903954316993,-0.9827190722923503,0.3098866022515677,1.5459039684996627,-0.6340606814605939,1.684865452518453,0.29082140924615535
-0.6459785249170037,-0.44583719862030546,1.3645643027610024,-1.458115929136813,-0.6266882900949404,-0.3313905722226089,1.5654545208812343,1.269535435030616,-0.9920052759077457,-0.6340606814605939,1.684865452518453,0.9192847463529197
1.643823256986515,-1.3102925027124073,1.114116601052091,0.8927360323896893,-0.30945807491147276,1.5860090741955721,-1.6197624705857465,1.269535435030616,0.5941880018468845,-0.6340606814605939,-0.5935192026789141,1.2335164149063018
0.3717111559290046,0.4816178510024633,1.114116601052091,1.480449022771315,-1.2611487204618759,-0.3313905722226089,1.2469328217345361,-0.009996342008115089,-0.35752796480589355,-0.6340606814605939,-0.5935192026789141,-1.5945686020741379
-0.2643448945997506,-0.6213364670469101,0.6132211976342689,-0.8704029387551875,0.6422325706389302,-0.3313905722226089,-1.3012407714390484,-1.2895281190468464,-1.3092439314586717,-0.6340606814605939,1.684865452518453,-1.2803369335207555
-1.282034575445759,-1.4760099951505048,0.86366889934318,-1.458115929136813,1.2766930010058655,0.6273092509864816,-0.9827190722923503,0.3098866022515677,1.5459039684996627,1.5771361152633603,-0.5935192026789141,0.9192847463529197
-0.13713368449399954,0.04184004727203993,0.3627734959253576,-0.2826899483735619,0.6422325706389302,-0.6509571799589724,1.5654545208812343,0.6297695465112505,-0.040289309254967536,-0.6340606814605939,-0.5935192026789141,-0.9661052649673734
1.1349784165635108,-1.4704365375064312,-1.3903604160370207,0.3050230420080638,1.593923216189333,-0.011823964486245425,-0.9827190722923503,-0.6497622305274807,1.2286653129487366,-0.6340606814605939,-0.5935192026789141,1.2335164149063018
-0.2643448945997506,-0.6024592410939583,-1.6408081177459317,0.8927360323896893,-1.2611487204618759,-0.3313905722226089,-1.3012407714390484,0.3098866022515677,-0.6747666203568196,-0.6340606814605939,-0.5935192026789141,-0.9661052649673734
0.24449994582325357,1.2268734170486817,-0.639017310910287,0.8927360323896893,-1.5783789356453435,0.6273092509864816,-0.34567567399895416,1.589418379290299,0.9114266573978106,1.5771361152633603,-0.5935192026789141,0.9192847463529197
1.643823256986515,0.024178401689341343,1.114116601052091,-0.8704029387551875,0.007772140271994877,-1.6096570031680628,-0.9827190722923503,0.9496524907709334,-0.6747666203568196,-0.6340606814605939,1.684865452518453,0.9192847463529197
-0.7731897350227547,-1.5937352136856506,-0.639017310910287,-1.458115929136813,-0.30945807491147276,-1.6096570031680628,-0.34567567399895416,1.589418379290299,1.5459039684996627,1.5771361152633603,1.684865452518453,-1.2803369335207555
1.3894008367750128,-1.0428309336416195,1.114116601052091,0.3050230420080638,-0.9439185052784081,-1.2900903954316993,1.2469328217345361,-0.6497622305274807,0.9114266573978106,-0.6340606814605939,-0.5935192026789141,-0.023410259307226837
-0.9004009451285058,-0.5855230679008978,-0.8894650126191982,-0.2826899483735619,1.593923216189333,-0.9705237876953359,-0.027153974852256096,-1.609411063306529,-0.35752796480589355,1.5771361152633603,-0.5935192026789141,0.29082140924615535
-0.2643448945997506,-0.8131123587190663,-1.6408081177459317,0.3050230420080638,1.2766930010058655,1.2664424664592087,0.9284111225878381,-0.9696451747871635,-0.9920052759077457,-0.6340606814605939,-0.5935192026789141,1.5477480834596842
0.8805559963520088,-1.6584653621002228,-1.1399127143281094,1.480449022771315,0.6422325706389302,-1.2900903954316993,-1.3012407714390484,0.9496524907709334,0.2769493462959585,-0.6340606814605939,1.684865452518453,-0.023410259307226837
-0.6459785249170037,-0.5030662559505705,1.114116601052091,-0.8704029387551875,-0.30945807491147276,-0.9705237876953359,1.2469328217345361,0.3098866022515677,-1.3092439314586717,-0.6340606814605939,-0.5935192026789141,0.9192847463529197
-1.1548233653400077,-1.6876240448167725,0.11232579421644646,-0.8704029387551875,1.2766930010058655,-0.6509571799589724,-0.9827190722923503,0.9496524907709334,-0.35752796480589355,-0.6340606814605939,-0.5935192026789141,1.2335164149063018
-0.6459785249170037,-1.697720046118083,-1.1399127143281094,-0.8704029387551875,-0.6266882900949404,0.3077426432501181,-0.6641973731456523,-0.3298792862677979,0.2769493462959585,-0.6340606814605939,-0.5935192026789141,0.9192847463529197
-0.009922474388248505,1.6521218564255515,0.3627734959253576,0.3050230420080638,0.9594627858223979,0.6273092509864816,-1.3012407714390484,0.9496524907709334,0.9114266573978106,-0.6340606814605939,-0.5935192026789141,0.6050530777995375
1.643823256986515,-0.49053547106712936,0.86366889934318,0.8927360323896893,0.007772140271994877,1.5860090741955721,1.2469328217345361,1.589418379290299,-0.6747666203568196,1.5771361152633603,-0.5935192026789141,1.2335164149063018
-1.40924578555151,0.7124470464775727,0.3627734959253576,0.8927360323896893,0.3250023554554625,-0.011823964486245425,0.9284111225878381,0.9496524907709334,-0.35752796480589355,1.5771361152633603,-0.5935192026789141,0.29082140924615535
0.3717111559290046,-1.1076431868922434,-0.1381219074924647,-0.2826899483735619,-0.9439185052784081,-0.011823964486245425,-0.027153974852256096,-0.3298792862677979,-0.6747666203568196,1.5771361152633603,-0.5935192026789141,-1.2803369335207555
0.3717111559290046,-1.384295418042799,1.6150120044699134,-1.458115929136813,0.6422325706389302,1.5860090741955721,0.60988942344114,0.3098866022515677,1.5459039684996627,1.5771361152633603,-0.5935192026789141,-0.9661052649673734
-0.5187673148112526,0.9313509674553797,0.86366889934318,-0.8704029387551875,-0.30945807491147276,0.6273092509864816,-0.027153974852256096,0.6297695465112505,-0.6747666203568196,1.5771361152633603,-0.5935192026789141,1.2335164149063018
1.0077672064577599,-0.6561248937483416,1.3645643027610024,0.3050230420080638,0.007772140271994877,-1.2900903954316993,-0.34567567399895416,-0.009996342008115089,1.5459039684996627,-0.6340606814605939,-0.5935192026789141,1.5477480834596842
-1.40924578555151,-0.5096946724190347,0.3627734959253576,-1.458115929136813,0.9594627858223979,-1.6096570031680628,0.60988942344114,0.9496524907709334,-0.040289309254967536,1.5771361152633603,-0.5935192026789141,-0.9661052649673734
-0.9004009451285058,1.4619538177643903,-1.3903604160370207,-1.458115929136813,0.9594627858223979,-1.6096570031680628,0.29136772429444197,-0.9696451747871635,0.9114266573978106,-0.6340606814605939,-0.5935192026789141,1.5477480834596842
0.3717111559290046,1.110274704861151,-0.639017310910287,-0.2826899483735619,1.593923216189333,-1.6096570031680628,-0.9827190722923503,-1.609411063306529,-0.9920052759077457,-0.6340606814605939,1.684865452518453,0.6050530777995375
1.2621896266692618,0.6941354128603185,-0.8894650126191982,-0.2826899483735619,0.007772140271994877,-1.2900903954316993,0.29136772429444197,-0.9696451747871635,-0.9920052759077457,-0.6340606814605939,-0.5935192026789141,-1.2803369335207555
-1.40924578555151,0.06998393052852198,-0.8894650126191982,1.480449022771315,0.9594627858223979,1.2664424664592087,-1.6197624705857465,-0.6497622305274807,1.2286653129487366,1.5771361152633603,-0.5935192026789141,1.5477480834596842
1.1349784165635108,1.5156595564386237,0.86366889934318,-0.8704029387551875,0.007772140271994877,-0.9705237876953359,-0.027153974852256096,-0.3298792862677979,0.5941880018468845,-0.6340606814605939,1.684865452518453,-0.6518735964139912
0.49892236603475565,-0.12417703953790782,-0.3885696092013759,-1.458115929136813,-0.6266882900949404,-1.6096570031680628,-0.9827190722923503,-1.2895281190468464,0.9114266573978106,1.5771361152633603,-0.5935192026789141,-0.6518735964139912
1.1349784165635108,1.1488271273509911,-1.3903604160370207,-1.458115929136813,0.007772140271994877,1.2664424664592087,0.9284111225878381,-0.009996342008115089,0.5941880018468845,-0.6340606814605939,-0.5935192026789141,-1.2803369335207555
0.3717111559290046,0.4623198526697119,0.3627734959253576,-1.458115929136813,0.3250023554554625,0.3077426432501181,-0.34567567399895416,-1.609411063306529,1.5459039684996627,-0.6340606814605939,-0.5935192026789141,0.9192847463529197
0.6261335761405067,0.9584961780811426,1.114116601052091,1.480449022771315,-0.9439185052784081,0.3077426432501181,1.2469328217345361,-1.2895281190468464,0.9114266573978106,-0.6340606814605939,-0.5935192026789141,1.2335164149063018
-1.282034575445759,0.6143265372499893,0.11232579421644646,-0.8704029387551875,0.3250023554554625,-0.3313905722226089,-1.3012407714390484,0.3098866022515677,0.5941880018468845,-0.6340606814605939,-0.5935192026789141,1.2335164149063018
-0.9004009451285058,0.6215792594054903,0.11232579421644646,0.8927360323896893,-0.30945807491147276,-1.6096570031680628,-0.027153974852256096,1.589418379290299,-1.6264825870095976,-0.6340606814605939,1.684865452518453,1.5477480834596842
0.49892236603475565,0.6933733741164977,-1.3903604160370207,-0.8704029387551875,0.9594627858223979,-1.6096570031680628,1.2469328217345361,-0.3298792862677979,-0.6747666203568196,-0.6340606814605939,1.684865452518453,0.6050530777995375
-1.1548233653400077,0.7827746375039598,0.6132211976342689,-0.8704029387551875,0.6422325706389302,-0.9705237876953359,0.9284111225878381,-0.6497622305274807,-0.35752796480589355,-0.6340606814605939,-0.5935192026789141,0.6050530777995375
1.1349784165635108,-0.6462574583742626,0.3627734959253576,0.3050230420080638,1.2766930010058655,-0.3313905722226089,-0.027153974852256096,0.3098866022515677,-0.040289309254967536,1.5771361152633603,-0.5935192026789141,-1.5945686020741379
0.7533447862462577,-0.08071536902631028,-0.639017310910287,1.480449022771315,0.6422325706389302,0.6273092509864816,-0.34567567399895416,0.9496524907709334,-1.6264825870095976,1.5771361152633603,1.684865452518453,1.5477480834596842
-1.1548233653400077,0.2175795989920191,1.3645643027610024,-1.458115929136813,-0.9439185052784081,0.6273092509864816,1.2469328217345361,0.6297695465112505,1.5459039684996627,-0.6340606814605939,-0.5935192026789141,-0.33764192786060904
-0.2643448945997506,-1.1325582375274916,0.11232579421644646,-1.458115929136813,-1.2611487204618759,0.9468758587228451,0.29136772429444197,0.6297695465112505,1.5459039684996627,-0.6340606814605939,-0.5935192026789141,-0.6518735964139912
-0.3915561047055016,-0.09542319342267029,0.3627734959253576,-1.458115929136813,0.6422325706389302,-1.2900903954316993,-1.3012407714390484,1.589418379290299,0.9114266573978106,-0.6340606814605939,-0.5935192026789141,-0.6518735964139912
1.3894008367750128,-0.9174816520124411,0.3627734959253576,-0.2826899483735619,-1.5783789356453435,-1.2900903954316993,-0.9827190722923503,-1.609411063306529,0.2769493462959585,-0.6340606814605939,-0.5935192026789141,1.5477480834596842
1.0077672064577599,-1.1262014654902053,1.114116601052091,-0.8704029387551875,0.6422325706389302,1.2664424664592087,1.5654545208812343,-1.609411063306529,0.5941880018468845,1.5771361152633603,-0.5935192026789141,1.5477480834596842
1.3894008367750128,0.5621111174562051,0.11232579421644646,-0.8704029387551875,1.593923216189333,0.9468758587228451,-0.34567567399895416,-0.6497622305274807,-1.6264825870095976,-0.6340606814605939,-0.5935192026789141,0.6050530777995375
-0.3915561047055016,-0.3260644686678938,-0.639017310910287,-0.8704029387551875,1.593923216189333,-0.3313905722226089,0.29136772429444197,1.589418379290299,0.9114266573978106,-0.6340606814605939,1.684865452518453,0.6050530777995375
-1.536456995657261,1.443572692454176,0.86366889934318,0.3050230420080638,0.007772140271994877,-0.3313905722226089,1.2469328217345361,-0.009996342008115089,-0.9920052759077457,-0.6340606814605939,-0.5935192026789141,-0.023410259307226837
1.0077672064577599,-0.8128560696092229,-0.639017310910287,-1.458115929136813,0.6422325706389302,-0.6509571799589724,-0.027153974852256096,-0.009996342008115089,-0.35752796480589355,-0.6340606814605939,-0.5935192026789141,-0.6518735964139912
1.0077672064577599,1.3385263108639447,-0.3885696092013759,0.8927360323896893,0.007772140271994877,-0.011823964486245425,1.5654545208812343,-1.609411063306529,0.2769493462959585,1.5771361152633603,1.684865452518453,-0.33764192786060904
1.516612046880764,-0.9878527168989056,0.6132211976342689,0.3050230420080638,-0.9439185052784081,0.9468758587228451,-1.3012407714390484,-0.009996342008115089,-0.6747666203568196,-0.6340606814605939,1.684865452518453,-1.5945686020741379
0.6261335761405067,-1.0178788123675606,0.86366889934318,-0.8704029387551875,-0.30945807491147276,-0.9705237876953359,-0.9827190722923503,1.589418379290299,0.5941880018468845,-0.6340606814605939,-0.5935192026789141,0.6050530777995375
-0.009922474388248505,0.26889580825419424,1.114116601052091,-0.8704029387551875,0.3250023554554625,1.5860090741955721,1.2469328217345361,1.269535435030616,-1.3092439314586717,-0.6340606814605939,-0.5935192026789141,0.6050530777995375
-0.9004009451285058,-0.313474916861886,-1.3903604160370207,-0.8704029387551875,-1.2611487204618759,0.3077426432501181,-0.6641973731456523,1.589418379290299,-0.040289309254967536,-0.6340606814605939,-0.5935192026789141,-0.023410259307226837
-0.7731897350227547,-1.6330791701049043,1.3645643027610024,-0.2826899483735619,-0.30945807491147276,-0.011823964486245425,0.9284111225878381,1.269535435030616,-0.6747666203568196,-0.6340606814605939,-0.5935192026789141,-0.6518735964139912
-1.536456995657261,0.8141853132321125,-0.3885696092013759,0.8927360323896893,-0.9439185052784081,-0.3313905722226089,0.29136772429444197,1.589418379290299,-1.3092439314586717,1.5771361152633603,1.684865452518453,0.29082140924615535
1.516612046880764,0.9948903717735407,1.3645643027610024,-1.458115929136813,1.2766930010058655,1.2664424664592087,0.29136772429444197,0.3098866022515677,-0.6747666203568196,-0.6340606814605939,-0.5935192026789141,0.29082140924615535
-0.009922474388248505,-0.031982967512482696,-0.8894650126191982,0.3050230420080638,0.007772140271994877,-0.3313905722226089,0.9284111225878381,-1.609411063306529,-0.6747666203568196,-0.6340606814605939,-0.5935192026789141,1.5477480834596842
-1.0276121552342568,-0.08700028826634848,-0.3885696092013759,0.8927360323896893,-0.30945807491147276,-0.6509571799589724,-0.9827190722923503,-0.009996342008115089,0.2769493462959585,1.5771361152633603,-0.5935192026789141,-1.5945686020741379
0.49892236603475565,1.3432800659930129,-0.8894650126191982,1.480449022771315,0.6422325706389302,-0.011823964486245425,0.60988942344114,0.3098866022515677,-0.9920052759077457,-0.6340606814605939,-0.5935192026789141,-0.6518735964139912
-0.7731897350227547,-0.028354492772116845,1.6150120044699134,1.480449022771315,-0.6266882900949404,1.2664424664592087,1.5654545208812343,-0.9696451747871635,-0.040289309254967536,-0.6340606814605939,-0.5935192026789141,1.5477480834596842
1.3894008367750128,0.5003856546510048,1.114116601052091,-0.8704029387551875,-1.5783789356453435,-1.6096570031680628,-0.027153974852256096,-1.609411063306529,-0.9920052759077457,1.5771361152633603,1.684865452518453,-0.6518735964139912
1.1349784165635108,1.7165118424742924,1.114116601052091,0.8927360323896893,0.9594627858223979,-0.011823964486245425,-0.6641973731456523,1.269535435030616,-0.6747666203568196,-0.6340606814605939,1.684865452518453,0.6050530777995375
0.11728873571750253,0.25035223785420785,0.11232579421644646,-0.8704029387551875,-0.30945807491147276,-0.3313905722226089,0.60988942344114,-0.9696451747871635,0.2769493462959585,-0.6340606814605939,-0.5935192026789141,1.2335164149063018
-1.40924578555151,-0.5054135374747035,-1.3903604160370207,-0.8704029387551875,1.593923216189333,-0.6509571799589724,0.9284111225878381,0.3098866022515677,0.2769493462959585,-0.6340606814605939,1.684865452518453,0.29082140924615535
-1.6636682057630119,-0.03305238453996785,-1.6408081177459317,-0.2826899483735619,-1.2611487204618759,-0.011823964486245425,-1.6197624705857465,-1.2895281190468464,0.5941880018468845,1.5771361152633603,1.684865452518453,-0.9661052649673734
0.6261335761405067,-1.4281577466799902,1.6150120044699134,-0.8704029387551875,0.3250023554554625,-1.2900903954316993,-0.027153974852256096,-0.3298792862677979,1.2286653129487366,1.5771361152633603,1.684865452518453,-1.5945686020741379
0.7533447862462577,-0.530886026246764,0.6132211976342689,0.8927360323896893,-0.6266882900949404,-1.2900903954316993,-0.6641973731456523,-0.3298792862677979,-0.35752796480589355,-0.6340606814605939,-0.5935192026789141,-0.023410259307226837
1.3894008367750128,-0.8369642501087685,-0.1381219074924647,0.8927360323896893,-0.30945807491147276,-0.011823964486245425,-0.9827190722923503,-1.2895281190468464,-0.040289309254967536,-0.6340606814605939,-0.5935192026789141,-1.2803369335207555
1.0077672064577599,-0.780652841414225,1.6150120044699134,1.480449022771315,-1.2611487204618759,0.6273092509864816,0.9284111225878381,0.6297695465112505,0.5941880018468845,-0.6340606814605939,-0.5935192026789141,1.2335164149063018
-0.2643448945997506,0.007367220881784882,-1.3903604160370207,1.480449022771315,0.6422325706389302,-1.2900903954316993,-0.34567567399895416,-1.2895281190468464,-1.3092439314586717,-0.6340606814605939,-0.5935192026789141,0.6050530777995375
-0.5187673148112526,1.0502311958585508,-1.3903604160370207,-0.8704029387551875,-0.9439185052784081,1.2664424664592087,-1.3012407714390484,0.3098866022515677,-0.9920052759077457,-0.6340606814605939,-0.5935192026789141,-0.9661052649673734
-0.2643448945997506,-0.5367883218207616,1.3645643027610024,-0.2826899483735619,0.3250023554554625,-0.9705237876953359,0.60988942344114,-0.9696451747871635,-1.6264825870095976,-0.6340606814605939,-0.5935192026789141,-1.2803369335207555
0.6261335761405067,1.1223786713828112,-0.8894650126191982,0.3050230420080638,-0.6266882900949404,-0.9705237876953359,-0.027153974852256096,-0.6497622305274807,-0.6747666203568196,-0.6340606814605939,-0.5935192026789141,1.2335164149063018
0.24449994582325357,1.6461081179550514,0.11232579421644646,0.8927360323896893,1.593923216189333,1.2664424664592087,-0.027153974852256096,0.6297695465112505,0.9114266573978106,1.5771361152633603,1.684865452518453,1.2335164149063018
0.3717111559290046,-0.7110789424766265,1.3645643027610024,0.3050230420080638,0.3250023554554625,-0.6509571799589724,-0.34567567399895416,-0.6497622305274807,-0.6747666203568196,-0.6340606814605939,-0.5935192026789141,-1.2803369335207555
0.6261335761405067,-0.9934848644057827,-1.3903604160370207,-0.2826899483735619,1.2766930010058655,0.3077426432501181,0.9284111225878381,-1.609411063306529,0.9114266573978106,-0.6340606814605939,-0.5935192026789141,-0.33764192786060904
0.11728873571750253,0.7101922803561979,-1.3903604160370207,-0.2826899483735619,-0.30945807491147276,-0.011823964486245425,0.60988942344114,1.269535435030616,-0.040289309254967536,1.5771361152633603,-0.5935192026789141,0.9192847463529197
0.24449994582325357,-1.422350059662868,0.3627734959253576,1.480449022771315,-1.2611487204618759,0.9468758587228451,-1.3012407714390484,1.269535435030616,-0.9920052759077457,-0.6340606814605939,1.684865452518453,-1.2803369335207555
-0.3915561047055016,0.07587408298817216,0.6132211976342689,0.3050230420080638,1.2766930010058655,1.2664424664592087,0.60988942344114,1.269535435030616,-0.6747666203568196,1.5771361152633603,-0.5935192026789141,-0.023410259307226837
-0.3915561047055016,-1.4190870699220863,0.86366889934318,-0.8704029387551875,-0.9439185052784081,0.6273092509864816,-0.027153974852256096,-0.9696451747871635,0.5941880018468845,-0.6340606814605939,-0.5935192026789141,0.29082140924615535
0.24449994582325357,-1.5790711002668298,-0.8894650126191982,-0.2826899483735619,-1.5783789356453435,-1.2900903954316993,0.29136772429444197,0.6297695465112505,0.2769493462959585,-0.6340606814605939,-0.5935192026789141,1.5477480834596842
-0.13713368449399954,1.195431888758177,-0.8894650126191982,1.480449022771315,0.6422325706389302,1.5860090741955721,0.9284111225878381,1.589418379290299,0.5941880018468845,-0.6340606814605939,1.684865452518453,-0.33764192786060904
0.24449994582325357,-1.6548823840242588,0.86366889934318,1.480449022771315,0.3250023554554625,0.3077426432501181,0.9284111225878381,-0.009996342008115089,-0.9920052759077457,-0.6340606814605939,-0.5935192026789141,-1.2803369335207555
-1.6636682057630119,0.9126229034310533,-0.1381219074924647,-0.8704029387551875,-0.6266882900949404,0.9468758587228451,1.5654545208812343,-0.3298792862677979,-0.6747666203568196,-0.6340606814605939,-0.5935192026789141,-0.9661052649673734
0.7533447862462577,-0.3088236810496776,-0.3885696092013759,-0.2826899483735619,0.007772140271994877,-1.2900903954316993,0.9284111225878381,-0.009996342008115089,0.5941880018468845,1.5771361152633603,-0.5935192026789141,0.29082140924615535
0.24449994582325357,0.17478523445049074,0.86366889934318,0.8927360323896893,-1.5783789356453435,0.3077426432501181,0.9284111225878381,-0.3298792862677979,-0.040289309254967536,-0.6340606814605939,1.684865452518453,-0.6518735964139912
-0.6459785249170037,-0.9579439563880211,1.3645643027610024,-0.2826899483735619,-1.2611487204618759,-0.3313905722226089,-1.6197624705857465,-1.2895281190468464,-0.040289309254967536,-0.6340606814605939,-0.5935192026789141,-1.2803369335207555
-0.9004009451285058,0.3608905106094701,1.3645643027610024,0.8927360323896893,-1.5783789356453435,1.5860090741955721,-1.6197624705857465,0.6297695465112505,-1.3092439314586717,-0.6340606814605939,-0.5935192026789141,-0.023410259307226837
-1.0276121552342568,1.004050575404537,1.6150120044699134,-0.2826899483735619,-0.6266882900949404,0.3077426432501181,1.2469328217345361,-1.609411063306529,-0.040289309254967536,-0.6340606814605939,-0.5935192026789141,-1.5945686020741379
0.6261335761405067,-0.633854404806489,0.11232579421644646,1.480449022771315,-0.30945807491147276,1.2664424664592087,1.5654545208812343,1.269535435030616,0.2769493462959585,-0.6340606814605939,-0.5935192026789141,-1.2803369335207555
1.1349784165635108,1.6489350911894374,1.3645643027610024,-0.2826899483735619,-0.6266882900949404,-0.3313905722226089,-0.6641973731456523,1.589418379290299,-0.6747666203568196,-0.6340606814605939,-0.5935192026789141,1.2335164149063018
1.3894008367750128,1.0086496603344413,0.86366889934318,-0.2826899483735619,-0.9439185052784081,1.5860090741955721,1.5654545208812343,-0.9696451747871635,-0.9920052759077457,-0.6340606814605939,-0.5935192026789141,0.6050530777995375
-0.9004009451285058,0.02474994359477918,0.86366889934318,-1.458115929136813,0.3250023554554625,-0.3313905722226089,-0.027153974852256096,-0.009996342008115089,-0.6747666203568196,1.5771361152633603,-0.5935192026789141,-0.33764192786060904
1.516612046880764,-0.7727518741669555,-1.6408081177459317,-0.8704029387551875,1.2766930010058655,-0.9705237876953359,0.29136772429444197,-0.9696451747871635,-0.040289309254967536,1.5771361152633603,1.684865452518453,0.29082140924615535
-0.2643448945997506,0.7125904286685609,1.6150120044699134,-0.2826899483735619,0.007772140271994877,-0.3313905722226089,1.2469328217345361,-0.3298792862677979,-0.040289309254967536,1.5771361152633603,-0.5935192026789141,1.5477480834596842
0.7533447862462577,1.573321278983779,1.114116601052091,0.8927360323896893,-1.2611487204618759,1.5860090741955721,1.2469328217345361,-1.2895281190468464,-0.040289309254967536,-0.6340606814605939,1.684865452518453,0.6050530777995375
0.6261335761405067,0.4738369457624143,-0.1381219074924647,1.480449022771315,0.3250023554554625,-0.3313905722226089,1.2469328217345361,1.589418379290299,-0.35752796480589355,-0.6340606814605939,-0.5935192026789141,-1.5945686020741379
0.6261335761405067,0.9940075765926778,-0.1381219074924647,-0.8704029387551875,-1.2611487204618759,1.2664424664592087,-0.34567567399895416,-0.6497622305274807,-1.6264825870095976,1.5771361152633603,1.684865452518453,0.9192847463529197
0.8805559963520088,-0.6779116445342256,0.86366889934318,-0.2826899483735619,-1.2611487204618759,-1.2900903954316993,1.2469328217345361,-1.609411063306529,-0.9920052759077457,-0.6340606814605939,1.684865452518453,-1.5945686020741379
0.11728873571750253,-0.300014742710025,1.114116601052091,0.3050230420080638,0.007772140271994877,-1.6096570031680628,-0.9827190722923503,0.3098866022515677,-1.6264825870095976,1.5771361152633603,-0.5935192026789141,-1.2803369335207555
1.0077672064577599,1.68234566227157,-1.1399127143281094,-1.458115929136813,-0.6266882900949404,-0.3313905722226089,-1.3012407714390484,-0.3298792862677979,-0.9920052759077457,1.5771361152633603,-0.5935192026789141,-0.9661052649673734
-1.0276121552342568,1.706046471872841,-1.6408081177459317,-0.2826899483735619,-1.5783789356453435,-0.9705237876953359,-0.9827190722923503,-1.609411063306529,0.5941880018468845,-0.6340606814605939,-0.5935192026789141,0.9192847463529197
1.2621896266692618,-0.8615532424900864,-1.6408081177459317,0.3050230420080638,0.3250023554554625,1.2664424664592087,-0.34567567399895416,-0.009996342008115089,1.2286653129487366,1.5771361152633603,-0.5935192026789141,1.5477480834596842
-0.7731897350227547,0.9870323987110204,1.3645643027610024,-1.458115929136813,0.6422325706389302,-0.3313905722226089,1.2469328217345361,0.3098866022515677,-0.9920052759077457,-0.6340606814605939,-0.5935192026789141,-0.023410259307226837
-1.1548233653400077,-1.6115921645988416,1.114116601052091,0.3050230420080638,0.6422325706389302,-0.6509571799589724,1.5654545208812343,1.589418379290299,-0.35752796480589355,1.5771361152633603,-0.5935192026789141,-0.6518735964139912
-0.13713368449399954,1.4907030398977394,1.114116601052091,1.480449022771315,1.593923216189333,-0.6509571799589724,-0.34567567399895416,-0.009996342008115089,0.9114266573978106,-0.6340606814605939,-0.5935192026789141,0.9192847463529197
0.8805559963520088,-1.6843474700613792,-1.3903604160370207,0.8927360323896893,-0.30945807491147276,0.9468758587228451,-0.9827190722923503,0.6297695465112505,-0.040289309254967536,1.5771361152633603,-0.5935192026789141,0.9192847463529197
-0.3915561047055016,0.1874589870198949,0.11232579421644646,-0.2826899483735619,0.007772140271994877,-0.3313905722226089,-0.34567567399895416,-1.609411063306529,-1.3092439314586717,-0.6340606814605939,1.684865452518453,1.5477480834596842
-1.0276121552342568,1.6029745743697603,-1.3903604160370207,-0.8704029387551875,-1.5783789356453435,-0.9705237876953359,-0.027153974852256096,1.589418379290299,-0.040289309254967536,-0.6340606814605939,-0.5935192026789141,-1.2803369335207555
-0.5187673148112526,0.8443382309376042,1.114116601052091,1.480449022771315,0.6422325706389302,1.2664424664592087,-0.6641973731456523,0.6297695465112505,0.5941880018468845,1.5771361152633603,-0.5935192026789141,-1.5945686020741379
-0.7731897350227547,-1.0650992581846535,-0.8894650126191982,1.480449022771315,0.9594627858223979,1.5860090741955721,0.29136772429444197,0.9496524907709334,-0.6747666203568196,-0.6340606814605939,-0.5935192026789141,-0.33764192786060904
-0.6459785249170037,-1.1308112023559804,1.6150120044699134,-0.8704029387551875,-1.2611487204618759,-1.6096570031680628,-0.027153974852256096,-0.6497622305274807,-0.6747666203568196,-0.6340606814605939,-0.5935192026789141,1.2335164149063018
0.11728873571750253,-0.5654484480715671,1.3645643027610024,0.3050230420080638,-0.9439185052784081,-0.3313905722226089,1.2469328217345361,-0.3298792862677979,-1.6264825870095976,-0.6340606814605939,-0.5935192026789141,0.6050530777995375
-0.009922474388248505,1.4453928997503513,-0.1381219074924647,0.8927360323896893,1.593923216189333,0.6273092509864816,-0.027153974852256096,1.589418379290299,-1.6264825870095976,-0.6340606814605939,-0.5935192026789141,0.9192847463529197
-0.5187673148112526,1.1521365155724779,-0.1381219074924647,0.8927360323896893,-1.2611487204618759,0.3077426432501181,-1.6197624705857465,-1.2895281190468464,-1.3092439314586717,-0.6340606814605939,1.684865452518453,-0.6518735964139912
1.2621896266692618,0.6518118255371018,-1.1399127143281094,-0.8704029387551875,-1.2611487204618759,0.3077426432501181,0.29136772429444197,-0.9696451747871635,1.2286653129487366,-0.6340606814605939,-0.5935192026789141,0.6050530777995375
-0.9004009451285058,1.0239687191387574,-1.6408081177459317,1.480449022771315,0.3250023554554625,-0.011823964486245425,-0.027153974852256096,-1.2895281190468464,-0.040289309254967536,1.5771361152633603,-0.5935192026789141,0.29082140924615535
0.11728873571750253,-0.1353482514121251,-0.1381219074924647,0.8927360323896893,-0.9439185052784081,0.6273092509864816,1.5654545208812343,0.6297695465112505,1.2286653129487366,1.5771361152633603,1.684865452518453,-0.6518735964139912
-0.6459785249170037,-0.9938635775965023,1.6150120044699134,-1.458115929136813,-1.2611487204618759,0.6273092509864816,0.9284111225878381,-0.3298792862677979,-0.35752796480589355,-0.6340606814605939,-0.5935192026789141,-0.9661052649673734
-1.1548233653400077,-1.5017715955777056,-1.6408081177459317,-0.8704029387551875,-0.9439185052784081,-0.6509571799589724,0.29136772429444197,-0.009996342008115089,1.5459039684996627,-0.6340606814605939,-0.5935192026789141,1.2335164149063018
-1.40924578555151,-0.7029619952120985,-1.3903604160370207,-1.458115929136813,-1.5783789356453435,-1.2900903954316993,-0.34567567399895416,1.269535435030616,1.2286653129487366,-0.6340606814605939,-0.5935192026789141,1.5477480834596842
1.0077672064577599,-1.6221781950560872,-0.1381219074924647,-1.458115929136813,1.2766930010058655,-0.9705237876953359,-0.9827190722923503,-0.3298792862677979,-0.040289309254967536,-0.6340606814605939,1.684865452518453,-1.5945686020741379
0.8805559963520088,1.5009102561662795,0.86366889934318,1.480449022771315,0.6422325706389302,-1.2900903954316993,-0.9827190722923503,-0.6497622305274807,-0.6747666203568196,-0.6340606814605939,-0.5935192026789141,0.29082140924615535
-0.6459785249170037,-1.2451872755432298,-0.3885696092013759,-0.2826899483735619,0.3250023554554625,-1.6096570031680628,-0.027153974852256096,-0.009996342008115089,-0.35752796480589355,1.5771361152633603,-0.5935192026789141,-1.5945686020741379
0.49892236603475565,-1.1896074995947516,-1.6408081177459317,0.3050230420080638,0.007772140271994877,1.2664424664592087,-1.6197624705857465,0.9496524907709334,-1.6264825870095976,-0.6340606814605939,1.684865452518453,0.9192847463529197
-0.5187673148112526,-1.318319262081096,-1.3903604160370207,-1.458115929136813,-1.5783789356453435,-1.6096570031680628,0.29136772429444197,0.6297695465112505,-0.35752796480589355,-0.6340606814605939,-0.5935192026789141,-0.33764192786060904
-0.7731897350227547,-0.1403629615664471,1.6150120044699134,0.8927360323896893,-0.6266882900949404,-0.3313905722226089,0.60988942344114,-0.9696451747871635,1.5459039684996627,1.5771361152633603,1.684865452518453,-1.2803369335207555
1.516612046880764,0.6059904852080097,-0.8894650126191982,0.3050230420080638,1.2766930010058655,0.3077426432501181,0.29136772429444197,1.269535435030616,-0.040289309254967536,-0.6340606814605939,-0.5935192026789141,0.29082140924615535
-0.2643448945997506,-0.5941178588678422,-1.1399127143281094,-1.458115929136813,-1.2611487204618759,0.6273092509864816,-0.34567567399895416,-0.3298792862677979,0.2769493462959585,-0.6340606814605939,1.684865452518453,0.9192847463529197
0.8805559963520088,0.4845048980348435,1.3645643027610024,-0.2826899483735619,-0.9439185052784081,0.6273092509864816,-0.9827190722923503,1.589418379290299,-1.6264825870095976,-0.6340606814605939,-0.5935192026789141,1.2335164149063018
-1.6636682057630119,1.6198063245438676,-0.8894650126191982,0.3050230420080638,1.2766930010058655,1.2664424664592087,-0.6641973731456523,-1.609411063306529,0.2769493462959585,-0.6340606814605939,1.684865452518453,-0.9661052649673734
0.8805559963520088,-0.43545542896470574,0.11232579421644646,-0.8704029387551875,-1.5783789356453435,0.9468758587228451,-1.3012407714390484,-0.6497622305274807,-0.35752796480589355,1.5771361152633603,-0.5935192026789141,0.6050530777995375
-0.13713368449399954,-0.18233914801269666,-1.3903604160370207,1.480449022771315,-1.5783789356453435,-1.6096570031680628,0.9284111225878381,-1.609411063306529,-0.040289309254967536,-0.6340606814605939,-0.5935192026789141,-0.33764192786060904
0.24449994582325357,-1.6950988874761062,0.3627734959253576,-0.2826899483735619,-1.2611487204618759,1.2664424664592087,-0.9827190722923503,-0.6497622305274807,1.5459039684996627,-0.6340606814605939,-0.5935192026789141,1.5477480834596842
0.11728873571750253,-0.24165879294395257,-0.8894650126191982,-0.2826899483735619,0.007772140271994877,-1.6096570031680628,1.5654545208812343,-1.609411063306529,-1.3092439314586717,1.5771361152633603,-0.5935192026789141,-0.9661052649673734
0.11728873571750253,-0.24443843405198742,0.3627734959253576,-1.458115929136813,-0.6266882900949404,0.9468758587228451,-1.6197624705857465,1.589418379290299,0.9114266573978106,-0.6340606814605939,-0.5935192026789141,-0.023410259307226837
1.0077672064577599,0.539364282965328,-1.3903604160370207,-1.458115929136813,-0.9439185052784081,-0.6509571799589724,-0.027153974852256096,1.269535435030616,0.9114266573978106,1.5771361152633603,-0.5935192026789141,0.29082140924615535
1.2621896266692618,0.532103550734693,-1.6408081177459317,-0.8704029387551875,-0.9439185052784081,-1.2900903954316993,1.2469328217345361,-1.2895281190468464,1.5459039684996627,1.5771361152633603,-0.5935192026789141,-0.9661052649673734
0.49892236603475565,-0.5674706383830711,-1.1399127143281094,0.8927360323896893,0.6422325706389302,-0.6509571799589724,0.9284111225878381,-0.3298792862677979,0.9114266573978106,-0.6340606814605939,-0.5935192026789141,-1.5945686020741379
1.2621896266692618,-1.1454242326286226,0.11232579421644646,0.8927360323896893,0.3250023554554625,-0.9705237876953359,1.5654545208812343,-0.3298792862677979,0.2769493462959585,-0.6340606814605939,-0.5935192026789141,-1.2803369335207555
-1.536456995657261,-0.06501434057496655,1.3645643027610024,-0.8704029387551875,0.6422325706389302,-0.6509571799589724,0.9284111225878381,-1.2895281190468464,1.2286653129487366,-0.6340606814605939,-0.5935192026789141,-0.9661052649673734
-1.282034575445759,-1.3823595135666842,-0.8894650126191982,0.3050230420080638,0.9594627858223979,0.6273092509864816,-0.6641973731456523,-1.609411063306529,1.5459039684996627,-0.6340606814605939,-0.5935192026789141,0.6050530777995375
0.8805559963520088,-0.5062415364274452,-0.8894650126191982,-0.2826899483735619,1.593923216189333,1.2664424664592087,0.29136772429444197,0.9496524907709334,1.5459039684996627,1.5771361152633603,1.684865452518453,1.5477480834596842
-1.6636682057630119,-1.6712686966696884,1.114116601052091,-0.8704029387551875,-1.2611487204618759,1.5860090741955721,-1.6197624705857465,1.589418379290299,-0.040289309254967536,-0.6340606814605939,1.684865452518453,-1.2803369335207555
-1.282034575445759,0.3656921680730872,0.3627734959253576,0.8927360323896893,1.2766930010058655,0.9468758587228451,-0.34567567399895416,-0.9696451747871635,-0.9920052759077457,-0.6340606814605939,-0.5935192026789141,-0.33764192786060904
-1.6636682057630119,-0.9063795863514383,-0.3885696092013759,1.480449022771315,0.3250023554554625,-1.6096570031680628,0.60988942344114,-1.2895281190468464,-1.6264825870095976,-0.6340606814605939,1.684865452518453,0.29082140924615535
0.8805559963520088,-1.5023073402845681,1.3645643027610024,0.3050230420080638,0.007772140271994877,0.6273092509864816,-0.9827190722923503,0.3098866022515677,1.5459039684996627,-0.6340606814605939,-0.5935192026789141,1.2335164149063018
1.516612046880764,1.5672416763549135,-0.8894650126191982,-1.458115929136813,-1.5783789356453435,0.6273092509864816,-1.3012407714390484,0.6297695465112505,-1.6264825870095976,-0.6340606814605939,-0.5935192026789141,-0.9661052649673734
-1.0276121552342568,-1.669530567339393,1.3645643027610024,0.3050230420080638,1.2766930010058655,0.6273092509864816,-0.027153974852256096,0.3098866022515677,-0.040289309254967536,-0.6340606814605939,1.684865452518453,-0.023410259307226837
-0.6459785249170037,0.08886808168198797,1.6150120044699134,1.480449022771315,0.3250023554554625,-0.3313905722226089,-0.34567567399895416,-1.609411063306529,1.2286653129487366,-0.6340606814605939,-0.5935192026789141,0.29082140924615535
-1.536456995657261,0.5950091404411172,0.3627734959253576,-0.8704029387551875,0.3250023554554625,0.6273092509864816,-0.9827190722923503,0.9496524907709334,-0.9920052759077457,-0.6340606814605939,-0.5935192026789141,-0.6518735964139912
0.8805559963520088,0.3780289206649502,-0.3885696092013759,1.480449022771315,-0.30945807491147276,-1.2900903954316993,1.5654545208812343,-1.609411063306529,0.2769493462959585,-0.6340606814605939,-0.5935192026789141,0.9192847463529197
-1.0276121552342568,-1.4185162877821345,0.6132211976342689,0.3050230420080638,-1.5783789356453435,-1.2900903954316993,1.2469328217345361,0.3098866022515677,-1.6264825870095976,1.5771361152633603,-0.5935192026789141,1.2335164149063018
-0.5187673148112526,0.7421593238099118,0.6132211976342689,-1.458115929136813,0.007772140271994877,-0.011823964486245425,-1.6197624705857465,-1.2895281190468464,-1.6264825870095976,1.5771361152633603,-0.5935192026789141,1.5477480834596842
1.643823256986515,-0.537134732976101,-1.1399127143281094,0.3050230420080638,1.593923216189333,-1.2900903954316993,-0.34567567399895416,-0.6497622305274807,1.2286653129487366,-0.6340606814605939,-0.5935192026789141,1.5477480834596842
-0.13713368449399954,0.9597322300716273,0.11232579421644646,-0.8704029387551875,-1.2611487204618759,0.6273092509864816,0.60988942344114,-1.609411063306529,0.5941880018468845,-0.6340606814605939,1.684865452518453,1.5477480834596842
-1.6636682057630119,0.5577658698190906,-0.1381219074924647,0.3050230420080638,0.6422325706389302,1.2664424664592087,1.5654545208812343,-0.9696451747871635,0.5941880018468845,-0.6340606814605939,-0.5935192026789141,1.2335164149063018
-0.7731897350227547,-0.2500477213992538,-0.3885696092013759,0.8927360323896893,-0.6266882900949404,0.3077426432501181,0.9284111225878381,0.9496524907709334,-1.3092439314586717,-0.6340606814605939,1.684865452518453,1.2335164149063018
-1.6636682057630119,-1.6478899196101422,0.11232579421644646,1.480449022771315,-0.30945807491147276,0.3077426432501181,-0.6641973731456523,-0.9696451747871635,-0.6747666203568196,-0.6340606814605939,-0.5935192026789141,-0.9661052649673734
-0.6459785249170037,0.9161628866002253,-1.1399127143281094,1.480449022771315,1.593923216189333,-0.011823964486245425,-1.6197624705857465,-0.009996342008115089,0.5941880018468845,1.5771361152633603,-0.5935192026789141,1.5477480834596842
-1.40924578555151,0.5920367562684291,0.86366889934318,1.480449022771315,0.3250023554554625,-0.6509571799589724,1.2469328217345361,-0.3298792862677979,1.2286653129487366,-0.6340606814605939,-0.5935192026789141,-0.6518735964139912
0.3717111559290046,0.045517441299283805,-1.3903604160370207,-0.2826899483735619,-1.2611487204618759,0.9468758587228451,0.9284111225878381,1.269535435030616,0.9114266573978106,-0.6340606814605939,1.684865452518453,-0.9661052649673734
1.2621896266692618,-0.6862917093537849,-0.1381219074924647,-0.8704029387551875,0.007772140271994877,-0.9705237876953359,-0.6641973731456523,1.589418379290299,1.2286653129487366,-0.6340606814605939,-0.5935192026789141,-0.9661052649673734
-0.13713368449399954,1.072461751210712,0.6132211976342689,0.3050230420080638,1.2766930010058655,-0.6509571799589724,1.2469328217345361,-1.2895281190468464,0.5941880018468845,-0.6340606814605939,-0.5935192026789141,-0.33764192786060904
1.643823256986515,-0.6038935645312938,1.6150120044699134,0.3050230420080638,-1.5783789356453435,-0.6509571799589724,0.60988942344114,0.9496524907709334,1.5459039684996627,-0.6340606814605939,1.684865452518453,-0.023410259307226837
-0.7731897350227547,-0.4560795403352914,-0.8894650126191982,-0.2826899483735619,0.3250023554554625,-0.9705237876953359,0.9284111225878381,-0.009996342008115089,-0.6747666203568196,-0.6340606814605939,-0.5935192026789141,1.2335164149063018
1.643823256986515,-0.7997750225413744,-0.1381219074924647,-1.458115929136813,0.3250023554554625,-1.6096570031680628,0.60988942344114,-1.609411063306529,-0.6747666203568196,1.5771361152633603,-0.5935192026789141,1.2335164149063018
1.643823256986515,0.5706865365978631,0.3627734959253576,1.480449022771315,-1.2611487204618759,0.6273092509864816,-0.027153974852256096,1.589418379290299,-0.35752796480589355,-0.6340606814605939,-0.5935192026789141,0.9192847463529197
-0.5187673148112526,-1.2380176393044688,-0.1381219074924647,-0.8704029387551875,0.6422325706389302,-0.6509571799589724,0.9284111225878381,0.9496524907709334,-0.35752796480589355,1.5771361152633603,-0.5935192026789141,-1.5945686020741379
-1.1548233653400077,-1.143781957254432,-0.3885696092013759,0.8927360323896893,-0.9439185052784081,-1.6096570031680628,0.29136772429444197,-1.2895281190468464,-0.040289309254967536,-0.6340606814605939,1.684865452518453,1.5477480834596842
-0.13713368449399954,-0.21313131128603433,0.86366889934318,0.3050230420080638,-0.30945807491147276,-0.3313905722226089,1.5654545208812343,-1.2895281190468464,-0.6747666203568196,-0.6340606814605939,-0.5935192026789141,0.9192847463529197
-0.7731897350227547,-1.0816671882111288,-1.3903604160370207,-0.8704029387551875,-0.9439185052784081,-0.011823964486245425,-1.3012407714390484,0.3098866022515677,0.9114266573978106,1.5771361152633603,1.684865452518453,-1.2803369335207555
1.3894008367750128,1.345146851618682,-1.3903604160370207,-1.458115929136813,0.3250023554554625,-1.6096570031680628,-0.34567567399895416,0.3098866022515677,-1.3092439314586717,-0.6340606814605939,-0.5935192026789141,-0.9661052649673734
0.7533447862462577,-1.279293408376355,-0.1381219074924647,0.3050230420080638,-0.9439185052784081,-0.011823964486245425,-0.34567567399895416,-0.009996342008115089,0.9114266573978106,-0.6340606814605939,-0.5935192026789141,-0.9661052649673734
-1.282034575445759,-0.7218532362764531,-1.3903604160370207,-0.2826899483735619,0.9594627858223979,1.5860090741955721,-0.6641973731456523,0.6297695465112505,1.5459039684996627,1.5771361152633603,-0.5935192026789141,0.29082140924615535
1.3894008367750128,1.060049259694279,-1.1399127143281094,-0.8704029387551875,0.6422325706389302,-0.011823964486245425,-1.3012407714390484,-0.9696451747871635,-0.9920052759077457,-0.6340606814605939,-0.5935192026789141,0.29082140924615535
-1.40924578555151,0.5448687284831127,-1.1399127143281094,-1.458115929136813,-1.2611487204618759,0.6273092509864816,-0.34567567399895416,-0.009996342008115089,-1.3092439314586717,-0.6340606814605939,-0.5935192026789141,-0.9661052649673734
1.1349784165635108,-0.5738536458153727,0.3627734959253576,-0.2826899483735619,1.2766930010058655,-1.6096570031680628,-0.9827190722923503,1.269535435030616,0.5941880018468845,-0.6340606814605939,1.684865452518453,0.9192847463529197
-0.13713368449399954,0.4527341150032404,-1.6408081177459317,-1.458115929136813,1.593923216189333,0.3077426432501181,1.2469328217345361,-0.9696451747871635,0.5941880018468845,1.5771361152633603,-0.5935192026789141,-1.5945686020741379
-1.6636682057630119,0.8565282327419104,1.6150120044699134,-0.8704029387551875,1.593923216189333,-0.011823964486245425,1.5654545208812343,-0.009996342008115089,-0.040289309254967536,-0.6340606814605939,-0.5935192026789141,1.2335164149063018
-1.6636682057630119,-0.26680884100806074,-0.3885696092013759,-0.2826899483735619,-0.30945807491147276,-0.3313905722226089,-0.027153974852256096,-1.2895281190468464,-0.040289309254967536,-0.6340606814605939,-0.5935192026789141,0.6050530777995375
0.8805559963520088,-1.2368277506484813,0.6132211976342689,-0.8704029387551875,0.9594627858223979,0.6273092509864816,-0.34567567399895416,-1.609411063306529,-1.6264825870095976,-0.6340606814605939,1.684865452518453,1.5477480834596842
-0.6459785249170037,-0.6667019246975312,1.6150120044699134,0.8927360323896893,0.3250023554554625,-1.2900903954316993,-0.027153974852256096,1.589418379290299,-0.6747666203568196,1.5771361152633603,1.684865452518453,1.2335164149063018
-1.536456995657261,0.8692617009068229,1.3645643027610024,0.8927360323896893,1.593923216189333,0.6273092509864816,0.29136772429444197,-0.3298792862677979,-1.6264825870095976,1.5771361152633603,1.684865452518453,1.5477480834596842
0.11728873571750253,-0.3590278794408349,0.6132211976342689,0.8927360323896893,1.2766930010058655,1.5860090741955721,-0.027153974852256096,1.269535435030616,1.5459039684996627,-0.6340606814605939,-0.5935192026789141,0.9192847463529197
1.2621896266692618,0.616094769843921,0.3627734959253576,0.3050230420080638,-1.2611487204618759,-0.3313905722226089,-0.6641973731456523,-0.9696451747871635,-0.6747666203568196,-0.6340606814605939,1.684865452518453,1.5477480834596842
-1.40924578555151,1.4242716573151242,-1.6408081177459317,-0.8704029387551875,1.593923216189333,-0.6509571799589724,0.9284111225878381,0.6297695465112505,-0.35752796480589355,-0.6340606814605939,-0.5935192026789141,-1.2803369335207555
-1.536456995657261,1.485998675435246,-0.1381219074924647,0.8927360323896893,0.007772140271994877,-1.6096570031680628,-0.6641973731456523,-0.3298792862677979,-0.6747666203568196,-0.6340606814605939,-0.5935192026789141,0.29082140924615535
-1.536456995657261,-0.18626866801119193,0.11232579421644646,1.480449022771315,0.6422325706389302,-0.9705237876953359,0.29136772429444197,1.269535435030616,0.2769493462959585,1.5771361152633603,-0.5935192026789141,1.5477480834596842
1.0077672064577599,1.023916673536384,-0.639017310910287,1.480449022771315,-0.6266882900949404,-0.6509571799589724,-1.3012407714390484,-1.2895281190468464,0.2769493462959585,-0.6340606814605939,-0.5935192026789141,-0.023410259307226837
-1.282034575445759,-1.5895563258466727,1.3645643027610024,-0.8704029387551875,-1.2611487204618759,1.5860090741955721,-0.027153974852256096,1.589418379290299,-0.040289309254967536,1.5771361152633603,-0.5935192026789141,-0.9661052649673734
1.3894008367750128,0.9950265447400164,-1.6408081177459317,0.3050230420080638,-0.30945807491147276,0.3077426432501181,0.9284111225878381,-1.2895281190468464,1.2286653129487366,-0.6340606814605939,1.684865452518453,-1.2803369335207555
0.8805559963520088,-0.32520691919108313,-0.639017310910287,-1.458115929136813,0.6422325706389302,-1.6096570031680628,-1.6197624705857465,-0.009996342008115089,0.2769493462959585,-0.6340606814605939,1.684865452518453,-1.5945686020741379
0.3717111559290046,-0.3606067168321146,-0.639017310910287,-1.458115929136813,1.593923216189333,-0.6509571799589724,1.5654545208812343,-0.009996342008115089,-0.040289309254967536,-0.6340606814605939,1.684865452518453,-1.2803369335207555
-0.6459785249170037,-0.3351242733965614,-1.3903604160370207,1.480449022771315,-0.6266882900949404,-0.9705237876953359,0.9284111225878381,0.9496524907709334,-1.3092439314586717,-0.6340606814605939,-0.5935192026789141,0.6050530777995375
-0.13713368449399954,-0.45701251797305176,-0.3885696092013759,0.3050230420080638,-1.5783789356453435,-0.3313905722226089,0.29136772429444197,-0.3298792862677979,0.5941880018468845,-0.6340606814605939,-0.5935192026789141,0.9192847463529197
1.516612046880764,-0.4517247848707581,0.6132211976342689,0.8927360323896893,0.3250023554554625,1.5860090741955721,-1.6197624705857465,1.589418379290299,0.5941880018468845,1.5771361152633603,-0.5935192026789141,0.6050530777995375
1.516612046880764,-1.310249696398307,-1.6408081177459317,0.8927360323896893,0.9594627858223979,1.5860090741955721,-0.027153974852256096,-0.9696451747871635,0.5941880018468845,-0.6340606814605939,-0.5935192026789141,-1.2803369335207555
-0.9004009451285058,-0.02037401399676131,-1.3903604160370207,-1.458115929136813,1.2766930010058655,1.2664424664592087,-0.34567567399895416,-0.9696451747871635,0.2769493462959585,-0.6340606814605939,1.684865452518453,-1.5945686020741379
-0.9004009451285058,1.0988383698628088,-0.3885696092013759,-1.458115929136813,-1.2611487204618759,-0.011823964486245425,0.9284111225878381,0.9496524907709334,-0.6747666203568196,-0.6340606814605939,1.684865452518453,-0.6518735964139912
-0.6459785249170037,-0.5542974121716242,1.3645643027610024,0.3050230420080638,-1.2611487204618759,0.9468758587228451,1.2469328217345361,0.3098866022515677,1.2286653129487366,-0.6340606814605939,1.684865452518453,-0.023410259307226837
1.1349784165635108,-1.2317989939628289,0.11232579421644646,-0.8704029387551875,0.9594627858223979,0.6273092509864816,-0.6641973731456523,-0.009996342008115089,-0.9920052759077457,-0.6340606814605939,1.684865452518453,-0.9661052649673734
0.3717111559290046,1.6949505371518563,0.6132211976342689,1.480449022771315,-0.6266882900949404,-0.3313905722226089,-0.34567567399895416,-0.6497622305274807,1.5459039684996627,-0.6340606814605939,-0.5935192026789141,-0.6518735964139912
-0.2643448945997506,0.23530908782266857,-0.639017310910287,0.8927360323896893,-1.2611487204618759,0.3077426432501181,-0.027153974852256096,-0.6497622305274807,-0.9920052759077457,-0.6340606814605939,-0.5935192026789141,0.9192847463529197
-0.6459785249170037,0.7917619962550214,0.6132211976342689,-0.8704029387551875,-0.6266882900949404,1.2664424664592087,0.29136772429444197,0.9496524907709334,0.9114266573978106,-0.6340606814605939,-0.5935192026789141,0.6050530777995375
-1.6636682057630119,1.226580107619119,-0.3885696092013759,-0.2826899483735619,-0.30945807491147276,-0.6509571799589724,-0.34567567399895416,-0.9696451747871635,0.2769493462959585,1.5771361152633603,-0.5935192026789141,-0.33764192786060904
0.8805559963520088,1.0986221587304512,-0.1381219074924647,0.8927360323896893,-0.30945807491147276,0.6273092509864816,0.60988942344114,0.3098866022515677,0.2769493462959585,1.5771361152633603,-0.5935192026789141,0.29082140924615535
0.49892236603475565,-1.4056362212194378,-1.6408081177459317,-0.8704029387551875,0.007772140271994877,-0.6509571799589724,0.60988942344114,-0.3298792862677979,-1.3092439314586717,1.5771361152633603,-0.5935192026789141,-0.33764192786060904
-0.6459785249170037,0.04901608453134255,0.6132211976342689,-0.2826899483735619,0.6422325706389302,-0.9705237876953359,0.9284111225878381,0.6297695465112505,-0.9920052759077457,-0.6340606814605939,-0.5935192026789141,-0.6518735964139912
-0.009922474388248505,1.699400305729214,0.11232579421644646,-0.2826899483735619,-1.2611487204618759,0.3077426432501181,-1.6197624705857465,-0.9696451747871635,-1.3092439314586717,1.5771361152633603,-0.5935192026789141,1.5477480834596842
-0.3915561047055016,1.5071558973704415,1.6150120044699134,1.480449022771315,0.3250023554554625,-0.9705237876953359,0.9284111225878381,-1.2895281190468464,-0.35752796480589355,-0.6340606814605939,-0.5935192026789141,-1.5945686020741379
-0.13713368449399954,1.289140074960255,-0.8894650126191982,-0.2826899483735619,-1.5783789356453435,-1.6096570031680628,1.2469328217345361,-1.609411063306529,-1.3092439314586717,-0.6340606814605939,-0.5935192026789141,-0.6518735964139912
-0.7731897350227547,-0.30085738685101815,0.6132211976342689,-0.2826899483735619,-1.2611487204618759,-1.6096570031680628,-1.6197624705857465,0.9496524907709334,-1.3092439314586717,-0.6340606814605939,-0.5935192026789141,1.5477480834596842
-0.13713368449399954,0.8642587688778463,-0.8894650126191982,-0.8704029387551875,0.6422325706389302,-0.9705237876953359,0.60988942344114,-1.609411063306529,1.2286653129487366,1.5771361152633603,1.684865452518453,-1.5945686020741379
0.7533447862462577,0.18259887070344355,-0.1381219074924647,0.8927360323896893,0.007772140271994877,-1.2900903954316993,-0.34567567399895416,-0.009996342008115089,0.9114266573978106,-0.6340606814605939,1.684865452518453,-0.023410259307226837
-0.6459785249170037,-1.6961203186995857,0.86366889934318,0.8927360323896893,0.007772140271994877,1.5860090741955721,-1.6197624705857465,1.269535435030616,0.2769493462959585,-0.6340606814605939,-0.5935192026789141,-0.023410259307226837
-1.40924578555151,1.3224226807075368,-0.1381219074924647,-0.2826899483735619,-1.5783789356453435,0.6273092509864816,-1.3012407714390484,0.6297695465112505,1.5459039684996627,-0.6340606814605939,-0.5935192026789141,1.5477480834596842
-1.40924578555151,-0.24676712462640182,-0.8894650126191982,-0.8704029387551875,-0.9439185052784081,0.6273092509864816,-0.027153974852256096,-0.009996342008115089,-1.3092439314586717,-0.6340606814605939,1.684865452518453,0.29082140924615535
0.49892236603475565,-0.3254605160684761,1.114116601052091,0.3050230420080638,-1.2611487204618759,0.3077426432501181,-0.027153974852256096,-0.009996342008115089,0.5941880018468845,-0.6340606814605939,-0.5935192026789141,0.29082140924615535
-0.3915561047055016,-0.7650860257598987,0.3627734959253576,0.3050230420080638,1.593923216189333,-1.6096570031680628,-0.34567567399895416,-0.3298792862677979,-0.6747666203568196,1.5771361152633603,-0.5935192026789141,0.9192847463529197
1.3894008367750128,-0.08132877247787201,-1.3903604160370207,-0.8704029387551875,1.593923216189333,0.3077426432501181,1.2469328217345361,-1.2895281190468464,-0.35752796480589355,-0.6340606814605939,-0.5935192026789141,-0.6518735964139912
-1.6636682057630119,-0.14891577024448557,-1.3903604160370207,-1.458115929136813,-0.30945807491147276,-0.011823964486245425,-0.6641973731456523,1.589418379290299,1.2286653129487366,-0.6340606814605939,-0.5935192026789141,-0.6518735964139912
0.11728873571750253,-0.9675938750294784,1.6150120044699134,-0.8704029387551875,-0.6266882900949404,-1.2900903954316993,-1.3012407714390484,-0.9696451747871635,0.5941880018468845,-0.6340606814605939,-0.5935192026789141,-0.9661052649673734
1.0077672064577599,0.36077680672144524,0.3627734959253576,-1.458115929136813,-0.9439185052784081,-0.3313905722226089,-0.027153974852256096,-0.6497622305274807,-1.3092439314586717,-0.6340606814605939,-0.5935192026789141,-1.5945686020741379
-0.7731897350227547,-0.7055291251919835,1.6150120044699134,-0.8704029387551875,-0.30945807491147276,1.2664424664592087,0.29136772429444197,1.589418379290299,-1.3092439314586717,-0.6340606814605939,-0.5935192026789141,0.6050530777995375
-1.282034575445759,0.9288421590698717,0.11232579421644646,-1.458115929136813,1.2766930010058655,-0.9705237876953359,0.29136772429444197,0.9496524907709334,-0.6747666203568196,-0.6340606814605939,1.684865452518453,1.5477480834596842
-1.40924578555151,0.6425444310414902,-1.6408081177459317,0.3050230420080638,1.2766930010058655,-1.6096570031680628,-0.9827190722923503,-1.609411063306529,1.2286653129487366,1.5771361152633603,-0.5935192026789141,1.2335164149063018
1.3894008367750128,-1.5599071853094575,0.11232579421644646,0.8927360323896893,1.593923216189333,1.2664424664592087,-0.027153974852256096,-1.609411063306529,1.5459039684996627,-0.6340606814605939,1.684865452518453,1.2335164149063018
-1.282034575445759,1.229818428978846,1.6150120044699134,-1.458115929136813,0.3250023554554625,0.6273092509864816,1.5654545208812343,1.269535435030616,0.9114266573978106,-0.6340606814605939,-0.5935192026789141,-0.023410259307226837
1.2621896266692618,-1.1706057411351791,-0.3885696092013759,0.3050230420080638,-0.9439185052784081,-1.2900903954316993,-0.34567567399895416,-0.9696451747871635,1.5459039684996627,-0.6340606814605939,-0.5935192026789141,0.6050530777995375
-0.3915561047055016,0.8617695130414176,0.3627734959253576,-0.8704029387551875,0.9594627858223979,0.6273092509864816,1.2469328217345361,0.3098866022515677,-1.6264825870095976,-0.6340606814605939,1.684865452518453,0.9192847463529197
1.0077672064577599,0.32958585702081333,-0.1381219074924647,-0.2826899483735619,-1.5783789356453435,-0.011823964486245425,-1.6197624705857465,0.3098866022515677,0.9114266573978106,-0.6340606814605939,-0.5935192026789141,-0.6518735964139912
-1.536456995657261,1.2072103505991152,-0.8894650126191982,1.480449022771315,-1.2611487204618759,1.5860090741955721,-0.9827190722923503,0.9496524907709334,-0.6747666203568196,-0.6340606814605939,-0.5935192026789141,0.6050530777995375
-1.282034575445759,0.3178507266171628,-0.3885696092013759,0.3050230420080638,0.9594627858223979,1.5860090741955721,-1.6197624705857465,-0.009996342008115089,-0.6747666203568196,1.5771361152633603,-0.5935192026789141,0.9192847463529197
-0.6459785249170037,-0.606334494916553,1.114116601052091,-0.8704029387551875,-0.9439185052784081,1.2664424664592087,-0.6641973731456523,-0.9696451747871635,1.5459039684996627,1.5771361152633603,-0.5935192026789141,-1.5945686020741379
-0.6459785249170037,-0.2781360386702674,-0.639017310910287,-1.458115929136813,0.007772140271994877,-0.011823964486245425,-1.6197624705857465,1.269535435030616,1.5459039684996627,-0.6340606814605939,-0.5935192026789141,0.6050530777995375
-1.536456995657261,0.9087958992869681,-0.8894650126191982,0.3050230420080638,-1.5783789356453435,-0.6509571799589724,-1.6197624705857465,-0.3298792862677979,-0.6747666203568196,-0.6340606814605939,1.684865452518453,1.5477480834596842
0.8805559963520088,-0.9007800331485738,-0.3885696092013759,-0.2826899483735619,0.9594627858223979,0.9468758587228451,-0.9827190722923503,-0.9696451747871635,0.9114266573978106,-0.6340606814605939,-0.5935192026789141,-0.023410259307226837
-1.1548233653400077,-0.9944068689043021,1.114116601052091,-0.8704029387551875,0.9594627858223979,0.3077426432501181,1.2469328217345361,0.3098866022515677,-1.6264825870095976,-0.6340606814605939,-0.5935192026789141,-1.5945686020741379
-0.9004009451285058,-1.2956931862962933,-0.3885696092013759,0.8927360323896893,-1.5783789356453435,0.9468758587228451,-0.6641973731456523,0.9496524907709334,-0.35752796480589355,1.5771361152633603,1.684865452518453,-1.2803369335207555
-1.6636682057630119,1.6327082906278496,-0.3885696092013759,-1.458115929136813,1.2766930010058655,0.9468758587228451,-0.6641973731456523,0.6297695465112505,1.5459039684996627,1.5771361152633603,-0.5935192026789141,-1.2803369335207555
-0.009922474388248505,-0.5552487324345066,-1.6408081177459317,-1.458115929136813,-0.9439185052784081,0.9468758587228451,-0.9827190722923503,0.6297695465112505,-0.9920052759077457,-0.6340606814605939,-0.5935192026789141,0.9192847463529197
0.6261335761405067,0.7799411249505679,1.3645643027610024,1.480449022771315,1.593923216189333,1.2664424664592087,0.9284111225878381,-0.009996342008115089,1.2286653129487366,-0.6340606814605939,-0.5935192026789141,-0.9661052649673734
1.0077672064577599,-0.6229560796665852,-0.3885696092013759,-0.8704029387551875,0.007772140271994877,-0.6509571799589724,-1.3012407714390484,-0.6497622305274807,1.2286653129487366,1.5771361152633603,-0.5935192026789141,1.2335164149063018
0.6261335761405067,0.15674744599682164,-0.8894650126191982,-0.2826899483735619,-1.5783789356453435,-1.6096570031680628,0.9284111225878381,-0.6497622305274807,-0.040289309254967536,-0.6340606814605939,1.684865452518453,1.5477480834596842
1.516612046880764,1.0636345439367216,1.6150120044699134,0.8927360323896893,1.2766930010058655,-0.6509571799589724,0.29136772429444197,-0.6497622305274807,0.2769493462959585,1.5771361152633603,-0.5935192026789141,0.6050530777995375
-1.536456995657261,-1.3450013370840563,-0.8894650126191982,1.480449022771315,-0.6266882900949404,1.5860090741955721,-1.3012407714390484,-1.2895281190468464,0.9114266573978106,-0.6340606814605939,-0.5935192026789141,-0.33764192786060904
0.6261335761405067,0.8689329843675306,-0.3885696092013759,-0.8704029387551875,-0.30945807491147276,1.5860090741955721,-0.34567567399895416,0.3098866022515677,-0.9920052759077457,-0.6340606814605939,-0.5935192026789141,-1.5945686020741379
1.3894008367750128,0.9497168173487796,0.11232579421644646,0.8927360323896893,-1.5783789356453435,-0.3313905722226089,-0.34567567399895416,-0.009996342008115089,-0.6747666203568196,-0.6340606814605939,1.684865452518453,-0.9661052649673734
-1.6636682057630119,0.5081207911610038,0.3627734959253576,0.3050230420080638,-0.9439185052784081,0.9468758587228451,0.9284111225878381,1.589418379290299,-0.6747666203568196,-0.6340606814605939,1.684865452518453,0.29082140924615535
0.7533447862462577,-1.2045519332340657,1.114116601052091,0.8927360323896893,1.2766930010058655,1.2664424664592087,-0.6641973731456523,-1.2895281190468464,-0.9920052759077457,1.5771361152633603,-0.5935192026789141,-0.6518735964139912
-0.2643448945997506,1.0277684650628596,0.3627734959253576,-1.458115929136813,-0.9439185052784081,-0.6509571799589724,0.29136772429444197,1.269535435030616,0.5941880018468845,1.5771361152633603,-0.5935192026789141,-0.6518735964139912
-1.1548233653400077,-1.689844067840931,1.3645643027610024,0.3050230420080638,-0.6266882900949404,0.9468758587228451,0.9284111225878381,0.9496524907709334,0.2769493462959585,-0.6340606814605939,-0.5935192026789141,-0.023410259307226837
-0.009922474388248505,-0.2999201892906276,-1.6408081177459317,0.8927360323896893,0.6422325706389302,0.6273092509864816,0.29136772429444197,0.6297695465112505,1.2286653129487366,-0.6340606814605939,-0.5935192026789141,-0.023410259307226837
0.24449994582325357,-0.4078999941692764,0.6132211976342689,0.3050230420080638,-1.5783789356453435,-1.6096570031680628,0.9284111225878381,1.269535435030616,-0.35752796480589355,-0.6340606814605939,-0.5935192026789141,-1.5945686020741379
-0.3915561047055016,1.073080160337272,0.11232579421644646,0.8927360323896893,-0.9439185052784081,1.2664424664592087,-0.027153974852256096,0.9496524907709334,-1.6264825870095976,-0.6340606814605939,1.684865452518453,-0.023410259307226837
-1.0276121552342568,-1.3601775869520434,-1.1399127143281094,-0.8704029387551875,0.007772140271994877,-1.6096570031680628,-0.34567567399895416,-0.009996342008115089,-0.35752796480589355,-0.6340606814605939,-0.5935192026789141,-0.023410259307226837
1.3894008367750128,1.6391363429556545,-0.3885696092013759,0.3050230420080638,1.593923216189333,-1.6096570031680628,-0.34567567399895416,0.6297695465112505,1.5459039684996627,-0.6340606814605939,1.684865452518453,0.6050530777995375
-0.5187673148112526,-0.5113749758466974,1.3645643027610024,-0.2826899483735619,0.6422325706389302,-0.011823964486245425,1.2469328217345361,-0.6497622305274807,0.5941880018468845,1.5771361152633603,1.684865452518453,-1.5945686020741379
-0.13713368449399954,0.9651309255537109,0.11232579421644646,1.480449022771315,-0.6266882900949404,-0.011823964486245425,-1.3012407714390484,-0.009996342008115089,-1.3092439314586717,1.5771361152633603,-0.5935192026789141,-0.023410259307226837
0.7533447862462577,0.7807824941259983,-0.3885696092013759,-0.8704029387551875,1.593923216189333,1.5860090741955721,0.60988942344114,-0.6497622305274807,0.2769493462959585,-0.6340606814605939,-0.5935192026789141,0.9192847463529197
-0.5187673148112526,1.0593894733871256,-0.8894650126191982,1.480449022771315,-0.6266882900949404,-0.3313905722226089,1.2469328217345361,-1.609411063306529,-0.040289309254967536,-0.6340606814605939,1.684865452518453,0.9192847463529197
-1.1548233653400077,-0.14400992322802925,-0.1381219074924647,1.480449022771315,0.007772140271994877,0.3077426432501181,-1.3012407714390484,1.269535435030616,0.5941880018468845,-0.6340606814605939,-0.5935192026789141,-1.2803369335207555
1.3894008367750128,1.0825071448399832,-1.6408081177459317,-0.8704029387551875,-0.6266882900949404,-1.2900903954316993,-0.34567567399895416,0.9496524907709334,-1.6264825870095976,-0.6340606814605939,-0.5935192026789141,0.9192847463529197
-0.9004009451285058,0.6968911888604519,-1.6408081177459317,0.8927360323896893,-0.9439185052784081,0.9468758587228451,-0.6641973731456523,-0.6497622305274807,-0.6747666203568196,-0.6340606814605939,-0.5935192026789141,0.29082140924615535
0.11728873571750253,1.5418755715755401,-1.3903604160370207,0.3050230420080638,0.6422325706389302,-1.2900903954316993,-0.9827190722923503,0.3098866022515677,-1.3092439314586717,-0.6340606814605939,1.684865452518453,-0.023410259307226837
1.3894008367750128,-1.6003487947333201,-1.1399127143281094,0.3050230420080638,-1.2611487204618759,-1.2900903954316993,-0.6641973731456523,-0.6497622305274807,-0.040289309254967536,-0.6340606814605939,-0.5935192026789141,-1.5945686020741379
1.3894008367750128,-1.1779460363936034,-0.1381219074924647,0.8927360323896893,-1.5783789356453435,-0.6509571799589724,-0.027153974852256096,-1.2895281190468464,0.9114266573978106,-0.6340606814605939,-0.5935192026789141,-0.6518735964139912
0.11728873571750253,1.02294986309553,1.3645643027610024,0.8927360323896893,-1.2611487204618759,0.9468758587228451,-1.3012407714390484,-1.609411063306529,-0.35752796480589355,-0.6340606814605939,-0.5935192026789141,1.5477480834596842
0.6261335761405067,0.29089292173011533,-0.1381219074924647,1.480449022771315,0.6422325706389302,-0.6509571799589724,0.9284111225878381,0.3098866022515677,0.5941880018468845,-0.6340606814605939,-0.5935192026789141,0.9192847463529197
1.516612046880764,1.502291325499747,-0.639017310910287,-0.2826899483735619,0.9594627858223979,1.5860090741955721,0.60988942344114,-1.2895281190468464,0.5941880018468845,1.5771361152633603,-0.5935192026789141,-1.2803369335207555
1.2621896266692618,0.09434737555067127,0.11232579421644646,-0.2826899483735619,-1.2611487204618759,-0.6509571799589724,0.9284111225878381,-0.009996342008115089,-0.9920052759077457,-0.6340606814605939,-0.5935192026789141,0.6050530777995375
-0.7731897350227547,-0.24173240307147903,1.6150120044699134,-1.458115929136813,0.007772140271994877,-1.6096570031680628,-1.3012407714390484,0.3098866022515677,1.2286653129487366,1.5771361152633603,1.684865452518453,1.2335164149063018
1.1349784165635108,-0.10974967022995909,0.86366889934318,-0.8704029387551875,-1.5783789356453435,0.3077426432501181,1.2469328217345361,1.589418379290299,-0.040289309254967536,1.5771361152633603,-0.5935192026789141,0.9192847463529197
-1.536456995657261,-0.17897892324301193,1.6150120044699134,0.3050230420080638,-0.9439185052784081,-1.2900903954316993,-0.027153974852256096,-1.2895281190468464,-0.35752796480589355,1.5771361152633603,-0.5935192026789141,-0.9661052649673734
-0.9004009451285058,-1.197396069347985,-1.1399127143281094,-1.458115929136813,-0.30945807491147276,0.9468758587228451,-1.3012407714390484,1.589418379290299,-1.6264825870095976,1.5771361152633603,1.684865452518453,0.9192847463529197
1.3894008367750128,-1.0022564487065286,0.6132211976342689,-1.458115929136813,-0.6266882900949404,-1.2900903954316993,0.29136772429444197,-0.3298792862677979,-0.040289309254967536,1.5771361152633603,-0.5935192026789141,-1.2803369335207555
1.516612046880764,1.5471166094640085,1.114116601052091,0.8927360323896893,-1.5783789356453435,0.9468758587228451,-0.9827190722923503,0.9496524907709334,-0.6747666203568196,-0.6340606814605939,-0.5935192026789141,-1.5945686020741379
1.643823256986515,-1.0840033376998863,1.6150120044699134,-0.2826899483735619,-1.2611487204618759,0.3077426432501181,1.5654545208812343,-0.3298792862677979,-0.040289309254967536,-0.6340606814605939,-0.5935192026789141,0.6050530777995375
-0.13713368449399954,-0.06803198063100695,-0.3885696092013759,0.8927360323896893,-0.9439185052784081,0.9468758587228451,1.5654545208812343,1.269535435030616,-0.6747666203568196,-0.6340606814605939,1.684865452518453,-1.5945686020741379
1.1349784165635108,-1.3084349042270649,0.3627734959253576,-0.8704029387551875,-0.30945807491147276,0.6273092509864816,-0.027153974852256096,0.6297695465112505,0.2769493462959585,-0.6340606814605939,-0.5935192026789141,-0.6518735964139912
-0.6459785249170037,0.9899967244761105,0.6132211976342689,-0.2826899483735619,-1.2611487204618759,-1.6096570031680628,0.9284111225878381,0.3098866022515677,-0.9920052759077457,-0.6340606814605939,-0.5935192026789141,-1.2803369335207555
0.8805559963520088,1.2086908672128702,1.114116601052091,0.8927360323896893,0.007772140271994877,0.3077426432501181,-0.6641973731456523,-0.9696451747871635,1.2286653129487366,-0.6340606814605939,-0.5935192026789141,1.5477480834596842
-1.536456995657261,-0.8997900969914014,1.114116601052091,0.3050230420080638,0.6422325706389302,-0.3313905722226089,1.5654545208812343,-1.2895281190468464,-0.35752796480589355,-0.6340606814605939,-0.5935192026789141,-0.9661052649673734
1.516612046880764,0.2881238466667258,-1.1399127143281094,-0.2826899483735619,-1.2611487204618759,1.2664424664592087,1.5654545208812343,0.3098866022515677,0.9114266573978106,-0.6340606814605939,1.684865452518453,-0.33764192786060904
1.1349784165635108,1.3808531289948203,0.6132211976342689,1.480449022771315,-0.9439185052784081,-1.6096570031680628,0.9284111225878381,-0.3298792862677979,1.5459039684996627,-0.6340606814605939,-0.5935192026789141,0.6050530777995375
1.516612046880764,1.4577682465281274,-0.639017310910287,-1.458115929136813,1.593923216189333,-0.3313905722226089,0.29136772429444197,-1.609411063306529,1.5459039684996627,1.5771361152633603,-0.5935192026789141,-0.33764192786060904
1.3894008367750128,1.3633472580350836,-0.639017310910287,-0.8704029387551875,1.593923216189333,1.2664424664592087,-0.6641973731456523,-1.2895281190468464,0.5941880018468845,-0.6340606814605939,1.684865452518453,-1.2803369335207555
1.0077672064577599,-1.140144952698534,-1.6408081177459317,-1.458115929136813,0.007772140271994877,-0.6509571799589724,1.5654545208812343,0.3098866022515677,-0.040289309254967536,-0.6340606814605939,-0.5935192026789141,0.6050530777995375
-0.3915561047055016,1.0602983933228878,-1.6408081177459317,-0.2826899483735619,1.2766930010058655,1.5860090741955721,-0.027153974852256096,-1.609411063306529,1.2286653129487366,1.5771361152633603,-0.5935192026789141,-0.6518735964139912
-1.1548233653400077,1.0916075987302531,-0.639017310910287,0.3050230420080638,0.007772140271994877,1.2664424664592087,1.2469328217345361,-1.2895281190468464,1.2286653129487366,1.5771361152633603,1.684865452518453,-0.9661052649673734
0.3717111559290046,-0.39586572358503147,-0.8894650126191982,1.480449022771315,0.3250023554554625,-1.6096570031680628,-0.9827190722923503,-1.609411063306529,0.2769493462959585,-0.6340606814605939,-0.5935192026789141,-1.2803369335207555
0.11728873571750253,-0.7018352493062171,0.11232579421644646,0.8927360323896893,-0.9439185052784081,-0.6509571799589724,1.2469328217345361,-1.609411063306529,0.5941880018468845,1.5771361152633603,-0.5935192026789141,-0.6518735964139912
-0.5187673148112526,0.2899838561137562,0.11232579421644646,-0.2826899483735619,1.2766930010058655,-1.6096570031680628,0.29136772429444197,-0.9696451747871635,0.5941880018468845,-0.6340606814605939,-0.5935192026789141,-1.5945686020741379
0.8805559963520088,-0.9861364045188237,1.6150120044699134,0.8927360323896893,1.593923216189333,-0.6509571799589724,1.2469328217345361,0.9496524907709334,1.2286653129487366,1.5771361152633603,-0.5935192026789141,-1.5945686020741379
-1.536456995657261,-1.4121855431245167,-0.1381219074924647,-0.2826899483735619,-0.6266882900949404,0.9468758587228451,-0.6641973731456523,-0.009996342008115089,0.2769493462959585,1.5771361152633603,1.684865452518453,0.29082140924615535
-0.3915561047055016,0.2531625350903455,-1.1399127143281094,1.480449022771315,-0.6266882900949404,-0.9705237876953359,0.9284111225878381,1.589418379290299,-0.9920052759077457,-0.6340606814605939,1.684865452518453,-0.023410259307226837
0.49892236603475565,-1.704299784348653,1.114116601052091,-0.8704029387551875,1.2766930010058655,-1.6096570031680628,0.60988942344114,-0.009996342008115089,0.9114266573978106,-0.6340606814605939,1.684865452518453,-0.6518735964139912
-0.6459785249170037,-0.18836414333553708,-1.1399127143281094,0.3050230420080638,-0.6266882900949404,-1.6096570031680628,0.29136772429444197,1.269535435030616,1.5459039684996627,-0.6340606814605939,-0.5935192026789141,0.9192847463529197
-0.7731897350227547,-0.23349109003942087,-1.1399127143281094,1.480449022771315,-0.9439185052784081,-0.011823964486245425,1.2469328217345361,-1.609411063306529,1.2286653129487366,1.5771361152633603,1.684865452518453,0.29082140924615535
-0.7731897350227547,0.7084716980372575,0.86366889934318,-0.8704029387551875,-1.5783789356453435,0.6273092509864816,0.9284111225878381,-0.3298792862677979,-1.6264825870095976,1.5771361152633603,1.684865452518453,-0.6518735964139912
0.6261335761405067,1.3000375293686819,-0.8894650126191982,-1.458115929136813,-0.30945807491147276,-1.2900903954316993,-0.9827190722923503,0.3098866022515677,0.2769493462959585,1.5771361152633603,-0.5935192026789141,1.2335164149063018
1.0077672064577599,0.8463620371792807,1.3645643027610024,0.8927360323896893,1.593923216189333,-0.3313905722226089,0.60988942344114,-0.009996342008115089,1.5459039684996627,-0.6340606814605939,-0.5935192026789141,-0.6518735964139912
0.49892236603475565,0.6842931455024761,0.3627734959253576,-1.458115929136813,1.593923216189333,-0.011823964486245425,1.5654545208812343,0.9496524907709334,-1.3092439314586717,1.5771361152633603,1.684865452518453,1.5477480834596842
-0.5187673148112526,1.3298902360533071,-1.3903604160370207,0.3050230420080638,-0.30945807491147276,-0.3313905722226089,-0.027153974852256096,-0.3298792862677979,-0.35752796480589355,-0.6340606814605939,-0.5935192026789141,0.9192847463529197
0.49892236603475565,1.2685221297685405,0.6132211976342689,-0.8704029387551875,0.007772140271994877,-1.6096570031680628,-1.3012407714390484,1.589418379290299,0.2769493462959585,-0.6340606814605939,-0.5935192026789141,0.9192847463529197
-0.9004009451285058,-1.692773862077686,-1.6408081177459317,-0.8704029387551875,-0.6266882900949404,0.9468758587228451,-0.027153974852256096,1.269535435030616,0.9114266573978106,1.5771361152633603,1.684865452518453,-1.5945686020741379
0.49892236603475565,0.4356696549518675,1.114116601052091,-0.2826899483735619,1.2766930010058655,0.3077426432501181,-0.9827190722923503,0.6297695465112505,-0.6747666203568196,-0.6340606814605939,1.684865452518453,0.6050530777995375
-1.6636682057630119,0.7344241357186888,0.3627734959253576,0.3050230420080638,-1.5783789356453435,1.5860090741955721,-0.6641973731456523,-0.3298792862677979,1.5459039684996627,-0.6340606814605939,-0.5935192026789141,0.6050530777995375
1.643823256986515,-1.574672623299793,-0.8894650126191982,-0.8704029387551875,-1.5783789356453435,-0.9705237876953359,-1.6197624705857465,0.3098866022515677,0.5941880018468845,1.5771361152633603,-0.5935192026789141,-0.33764192786060904
0.3717111559290046,0.27671337127784984,0.11232579421644646,-1.458115929136813,0.007772140271994877,-1.2900903954316993,-0.6641973731456523,-0.6497622305274807,-0.040289309254967536,1.5771361152633603,-0.5935192026789141,-0.6518735964139912
-0.009922474388248505,1.4054400653074406,-1.1399127143281094,0.8927360323896893,0.007772140271994877,1.5860090741955721,-0.9827190722923503,1.589418379290299,0.5941880018468845,1.5771361152633603,-0.5935192026789141,1.2335164149063018
-0.3915561047055016,-0.4293245938052559,-1.1399127143281094,1.480449022771315,1.593923216189333,1.5860090741955721,-0.9827190722923503,-1.2895281190468464,-0.6747666203568196,-0.6340606814605939,-0.5935192026789141,-1.2803369335207555
0.6261335761405067,0.12125866208929838,-0.1381219074924647,-0.8704029387551875,1.593923216189333,-0.9705237876953359,-0.027153974852256096,-0.9696451747871635,1.5459039684996627,-0.6340606814605939,-0.5935192026789141,1.5477480834596842
-1.40924578555151,0.6118586376665535,0.6132211976342689,-0.8704029387551875,0.3250023554554625,0.6273092509864816,-0.9827190722923503,0.6297695465112505,-0.6747666203568196,-0.6340606814605939,-0.5935192026789141,1.5477480834596842
0.8805559963520088,-1.0162467545960874,0.86366889934318,0.8927360323896893,1.593923216189333,1.5860090741955721,0.9284111225878381,0.9496524907709334,0.9114266573978106,1.5771361152633603,1.684865452518453,-0.33764192786060904
-0.7731897350227547,-1.4798054626499428,1.6150120044699134,0.8927360323896893,0.6422325706389302,1.5860090741955721,1.2469328217345361,0.9496524907709334,-0.9920052759077457,-0.6340606814605939,-0.5935192026789141,1.5477480834596842
1.643823256986515,0.44491079478237605,-1.3903604160370207,-0.2826899483735619,0.9594627858223979,1.5860090741955721,0.29136772429444197,-0.6497622305274807,0.5941880018468845,-0.6340606814605939,-0.5935192026789141,-0.33764192786060904
-1.1548233653400077,-0.9967572458044113,0.6132211976342689,0.3050230420080638,0.3250023554554625,0.6273092509864816,0.9284111225878381,0.3098866022515677,-1.6264825870095976,-0.6340606814605939,1.684865452518453,-0.6518735964139912
0.3717111559290046,-0.24095481444736988,1.114116601052091,-1.458115929136813,-1.2611487204618759,-1.2900903954316993,0.9284111225878381,1.269535435030616,-1.3092439314586717,-0.6340606814605939,-0.5935192026789141,0.9192847463529197
0.11728873571750253,-0.7839244246830647,-1.1399127143281094,-0.8704029387551875,1.2766930010058655,-1.2900903954316993,-0.6641973731456523,-0.009996342008115089,-1.6264825870095976,-0.6340606814605939,-0.5935192026789141,-1.2803369335207555
-0.6459785249170037,0.6378909443263312,-1.1399127143281094,-1.458115929136813,1.2766930010058655,-1.6096570031680628,-0.6641973731456523,-0.3298792862677979,-0.35752796480589355,1.5771361152633603,1.684865452518453,1.2335164149063018
-1.536456995657261,0.5436714689088507,0.86366889934318,-0.2826899483735619,0.6422325706389302,-0.011823964486245425,-1.6197624705857465,0.3098866022515677,0.2769493462959585,1.5771361152633603,-0.5935192026789141,0.6050530777995375
0.8805559963520088,-1.4757160259241497,0.3627734959253576,-1.458115929136813,-0.6266882900949404,-0.011823964486245425,0.29136772429444197,-1.609411063306529,-1.3092439314586717,-0.6340606814605939,-0.5935192026789141,-1.2803369335207555
-0.13713368449399954,-0.03243457685846054,-1.6408081177459317,1.480449022771315,0.9594627858223979,0.6273092509864816,-1.3012407714390484,0.6297695465112505,1.5459039684996627,-0.6340606814605939,-0.5935192026789141,0.6050530777995375
1.2621896266692618,-0.15654608316835478,-0.1381219074924647,-0.2826899483735619,1.2766930010058655,1.5860090741955721,1.2469328217345361,1.269535435030616,0.2769493462959585,-0.6340606814605939,-0.5935192026789141,0.29082140924615535
-0.9004009451285058,0.8519108829205359,-0.3885696092013759,0.3050230420080638,-0.6266882900949404,1.5860090741955721,0.9284111225878381,-1.609411063306529,-1.6264825870095976,-0.6340606814605939,1.684865452518453,1.5477480834596842
-0.6459785249170037,0.6883207639205099,1.6150120044699134,0.3050230420080638,0.6422325706389302,-0.3313905722226089,-0.34567567399895416,0.3098866022515677,0.2769493462959585,1.5771361152633603,-0.5935192026789141,-0.6518735964139912
-1.40924578555151,0.5731011406224215,1.114116601052091,0.8927360323896893,1.593923216189333,1.2664424664592087,0.60988942344114,1.269535435030616,-1.3092439314586717,1.5771361152633603,-0.5935192026789141,1.5477480834596842
-0.13713368449399954,-1.3351045448632979,-1.6408081177459317,0.3050230420080638,1.593923216189333,0.3077426432501181,-0.6641973731456523,0.9496524907709334,1.5459039684996627,-0.6340606814605939,-0.5935192026789141,-1.2803369335207555
1.0077672064577599,-1.2469487320371402,0.86366889934318,-0.8704029387551875,-0.30945807491147276,-0.6509571799589724,-0.9827190722923503,-0.9696451747871635,-0.6747666203568196,-0.6340606814605939,-0.5935192026789141,-1.5945686020741379
-1.1548233653400077,-0.9261386154613789,-0.639017310910287,-0.2826899483735619,-0.9439185052784081,-0.9705237876953359,-1.6197624705857465,-0.3298792862677979,0.9114266573978106,-0.6340606814605939,-0.5935192026789141,1.5477480834596842
1.516612046880764,1.0259174384323433,-0.8894650126191982,1.480449022771315,1.2766930010058655,-0.6509571799589724,1.5654545208812343,0.6297695465112505,-0.35752796480589355,-0.6340606814605939,-0.5935192026789141,-0.9661052649673734
-1.0276121552342568,-0.36878881026651394,0.11232579421644646,-0.2826899483735619,-1.5783789356453435,-0.011823964486245425,1.5654545208812343,-0.6497622305274807,0.5941880018468845,1.5771361152633603,1.684865452518453,-0.6518735964139912
0.7533447862462577,0.8722756173957127,0.6132211976342689,-0.2826899483735619,0.9594627858223979,-0.3313905722226089,-1.6197624705857465,-0.3298792862677979,-0.35752796480589355,-0.6340606814605939,1.684865452518453,-1.5945686020741379
1.2621896266692618,0.20800318398631937,0.11232579421644646,-0.8704029387551875,0.3250023554554625,0.6273092509864816,-0.34567567399895416,1.269535435030616,1.2286653129487366,1.5771361152633603,1.684865452518453,0.6050530777995375
-0.2643448945997506,1.2498595314539716,-1.1399127143281094,1.480449022771315,-0.9439185052784081,-0.6509571799589724,0.9284111225878381,0.9496524907709334,-0.35752796480589355,-0.6340606814605939,-0.5935192026789141,1.5477480834596842
1.516612046880764,1.035841031397822,0.11232579421644646,0.8927360323896893,1.2766930010058655,-0.6509571799589724,1.5654545208812343,-0.6497622305274807,0.9114266573978106,1.5771361152633603,-0.5935192026789141,-0.023410259307226837
1.3894008367750128,1.519726566546571,1.3645643027610024,-1.458115929136813,-0.30945807491147276,-0.011823964486245425,0.29136772429444197,0.6297695465112505,-1.6264825870095976,-0.6340606814605939,-0.5935192026789141,-1.5945686020741379
0.6261335761405067,0.35045609434584657,0.11232579421644646,0.8927360323896893,-0.6266882900949404,0.6273092509864816,0.9284111225878381,-1.2895281190468464,-1.3092439314586717,-0.6340606814605939,-0.5935192026789141,1.2335164149063018
1.516612046880764,0.8353937428215408,1.114116601052091,-1.458115929136813,-1.5783789356453435,-1.6096570031680628,-0.34567567399895416,-0.9696451747871635,-0.6747666203568196,-0.6340606814605939,-0.5935192026789141,-0.33764192786060904
-0.13713368449399954,1.2214005387492315,-0.8894650126191982,0.3050230420080638,-0.30945807491147276,1.2664424664592087,-1.3012407714390484,-1.2895281190468464,1.2286653129487366,1.5771361152633603,-0.5935192026789141,-0.33764192786060904
1.1349784165635108,1.5193740640941922,-1.3903604160370207,1.480449022771315,0.3250023554554625,-1.2900903954316993,-0.6641973731456523,1.269535435030616,-0.9920052759077457,-0.6340606814605939,-0.5935192026789141,0.6050530777995375
-0.009922474388248505,1.4608466413984385,-1.3903604160370207,-0.8704029387551875,-0.30945807491147276,1.2664424664592087,1.2469328217345361,-0.3298792862677979,-0.9920052759077457,-0.6340606814605939,1.684865452518453,0.9192847463529197
1.0077672064577599,-1.1539503747045476,0.6132211976342689,-0.8704029387551875,-1.5783789356453435,1.5860090741955721,1.5654545208812343,-1.609411063306529,-0.35752796480589355,-0.6340606814605939,1.684865452518453,-0.6518735964139912
1.0077672064577599,-1.3850468038334232,0.3627734959253576,-0.2826899483735619,0.007772140271994877,-1.2900903954316993,-0.6641973731456523,1.589418379290299,-0.9920052759077457,-0.6340606814605939,-0.5935192026789141,0.29082140924615535
-0.9004009451285058,0.29593503879720046,-0.639017310910287,0.8927360323896893,-1.5783789356453435,-1.6096570031680628,1.5654545208812343,1.269535435030616,1.2286653129487366,1.5771361152633603,-0.5935192026789141,0.29082140924615535
0.11728873571750253,-1.3521826973171283,-0.1381219074924647,1.480449022771315,0.9594627858223979,1.5860090741955721,-1.6197624705857465,-0.009996342008115089,1.5459039684996627,-0.6340606814605939,1.684865452518453,-1.2803369335207555
1.643823256986515,-1.0402492682286442,1.3645643027610024,-0.2826899483735619,-0.9439185052784081,-0.9705237876953359,-0.9827190722923503,1.269535435030616,0.2769493462959585,-0.6340606814605939,-0.5935192026789141,-0.9661052649673734
-1.6636682057630119,-0.7593534995385725,0.3627734959253576,-0.2826899483735619,-1.2611487204618759,-0.6509571799589724,-1.3012407714390484,-0.6497622305274807,0.9114266573978106,-0.6340606814605939,1.684865452518453,-0.023410259307226837
-1.6636682057630119,-0.06259945279651191,0.11232579421644646,1.480449022771315,-1.5783789356453435,-0.011823964486245425,-1.6197624705857465,1.589418379290299,-0.9920052759077457,-0.6340606814605939,1.684865452518453,-1.2803369335207555
0.6261335761405067,0.08106041889368157,0.6132211976342689,-1.458115929136813,-0.9439185052784081,-0.3313905722226089,1.5654545208812343,-1.2895281190468464,0.5941880018468845,1.5771361152633603,-0.5935192026789141,0.9192847463529197
0.24449994582325357,-1.4957623998019158,-1.6408081177459317,-0.2826899483735619,0.9594627858223979,0.6273092509864816,-0.9827190722923503,0.3098866022515677,-0.9920052759077457,-0.6340606814605939,1.684865452518453,0.9192847463529197
-0.9004009451285058,-1.1245526356193392,-1.1399127143281094,-0.2826899483735619,0.9594627858223979,-0.6509571799589724,0.9284111225878381,-1.2895281190468464,-0.040289309254967536,-0.6340606814605939,-0.5935192026789141,-0.9661052649673734
-0.9004009451285058,0.8363355588719483,-0.1381219074924647,-1.458115929136813,-1.5783789356453435,-1.2900903954316993,1.5654545208812343,-0.009996342008115089,-1.6264825870095976,-0.6340606814605939,-0.5935192026789141,1.2335164149063018
0.3717111559290046,1.0806402700100655,-0.639017310910287,1.480449022771315,0.3250023554554625,-0.9705237876953359,-0.6641973731456523,-1.2895281190468464,-0.040289309254967536,-0.6340606814605939,1.684865452518453,-0.6518735964139912
1.2621896266692618,-0.9779192701433284,-0.1381219074924647,0.8927360323896893,0.007772140271994877,-0.3313905722226089,0.9284111225878381,-0.3298792862677979,1.2286653129487366,1.5771361152633603,1.684865452518453,-0.023410259307226837
-0.9004009451285058,-0.8536027324296138,-1.6408081177459317,-0.8704029387551875,1.2766930010058655,0.6273092509864816,0.29136772429444197,-1.609411063306529,-0.040289309254967536,1.5771361152633603,1.684865452518453,-0.6518735964139912
-0.13713368449399954,-0.609595363560408,0.6132211976342689,1.480449022771315,1.593923216189333,0.6273092509864816,1.5654545208812343,-0.9696451747871635,1.5459039684996627,-0.6340606814605939,-0.5935192026789141,-1.2803369335207555
0.24449994582325357,-0.842870613697507,0.11232579421644646,0.3050230420080638,0.3250023554554625,-1.2900903954316993,0.60988942344114,-0.9696451747871635,-0.9920052759077457,-0.6340606814605939,1.684865452518453,0.9192847463529197
1.3894008367750128,0.7908836368706295,-0.1381219074924647,0.8927360323896893,0.9594627858223979,0.3077426432501181,-0.027153974852256096,-0.009996342008115089,1.5459039684996627,-0.6340606814605939,-0.5935192026789141,-0.9661052649673734
-0.13713368449399954,1.241565584492593,0.3627734959253576,-0.8704029387551875,-0.30945807491147276,1.5860090741955721,1.5654545208812343,-0.009996342008115089,0.2769493462959585,1.5771361152633603,-0.5935192026789141,1.2335164149063018
1.3894008367750128,0.24196562680111997,-1.6408081177459317,0.8927360323896893,0.6422325706389302,1.5860090741955721,-0.6641973731456523,1.589418379290299,-1.3092439314586717,-0.6340606814605939,-0.5935192026789141,-0.023410259307226837
-0.009922474388248505,-0.44973160564817743,-0.1381219074924647,1.480449022771315,-1.5783789356453435,0.9468758587228451,0.60988942344114,1.269535435030616,0.5941880018468845,-0.6340606814605939,-0.5935192026789141,0.6050530777995375
-0.5187673148112526,0.19728149261190975,0.86366889934318,-0.8704029387551875,0.3250023554554625,0.9468758587228451,1.2469328217345361,1.589418379290299,-0.6747666203568196,1.5771361152633603,-0.5935192026789141,-1.5945686020741379
0.24449994582325357,0.7909663041270002,0.3627734959253576,0.8927360323896893,0.6422325706389302,-0.3313905722226089,-1.6197624705857465,-0.009996342008115089,0.5941880018468845,-0.6340606814605939,1.684865452518453,1.2335164149063018
-1.0276121552342568,-1.2711503333655365,-1.6408081177459317,0.8927360323896893,0.3250023554554625,0.9468758587228451,0.9284111225878381,-0.3298792862677979,-1.6264825870095976,-0.6340606814605939,-0.5935192026789141,1.2335164149063018
-1.6636682057630119,0.5980318718598762,0.6132211976342689,-0.8704029387551875,1.593923216189333,-0.9705237876953359,-1.6197624705857465,-0.6497622305274807,0.9114266573978106,-0.6340606814605939,-0.5935192026789141,-0.023410259307226837
-1.6636682057630119,-0.0018338330559413438,-0.1381219074924647,-0.2826899483735619,1.2766930010058655,-0.3313905722226089,-1.3012407714390484,-0.6497622305274807,0.5941880018468845,-0.6340606814605939,-0.5935192026789141,-0.33764192786060904
0.8805559963520088,1.7205762711709565,0.3627734959253576,-0.2826899483735619,-0.9439185052784081,-0.011823964486245425,1.5654545208812343,1.589418379290299,-0.35752796480589355,1.5771361152633603,-0.5935192026789141,-1.2803369335207555
-1.282034575445759,-0.2549533466664119,-1.3903604160370207,-1.458115929136813,1.593923216189333,-0.011823964486245425,1.5654545208812343,1.589418379290299,1.5459039684996627,-0.6340606814605939,-0.5935192026789141,0.9192847463529197
0.49892236603475565,1.5073180158437414,-1.3903604160370207,1.480449022771315,-0.30945807491147276,-0.6509571799589724,-0.027153974852256096,-0.6497622305274807,0.5941880018468845,-0.6340606814605939,-0.5935192026789141,-1.5945686020741379
-1.0276121552342568,-0.7114576065858564,-1.6408081177459317,-0.2826899483735619,0.3250023554554625,1.5860090741955721,0.29136772429444197,1.589418379290299,-0.9920052759077457,1.5771361152633603,-0.5935192026789141,0.6050530777995375
-0.3915561047055016,-0.0016683093643948743,-0.639017310910287,-0.8704029387551875,1.593923216189333,0.9468758587228451,-1.6197624705857465,-1.2895281190468464,0.5941880018468845,1.5771361152633603,-0.5935192026789141,-0.023410259307226837
0.11728873571750253,0.9171108147995715,0.6132211976342689,-1.458115929136813,1.2766930010058655,0.6273092509864816,-0.34567567399895416,-1.2895281190468464,-0.6747666203568196,-0.6340606814605939,1.684865452518453,0.29082140924615535
1.1349784165635108,-1.6673610685296276,-0.639017310910287,-1.458115929136813,-0.9439185052784081,-0.3313905722226089,1.2469328217345361,-0.6497622305274807,-0.9920052759077457,-0.6340606814605939,-0.5935192026789141,-1.2803369335207555
-1.282034575445759,0.527441655500118,-1.1399127143281094,-0.8704029387551875,0.6422325706389302,0.6273092509864816,-1.3012407714390484,1.589418379290299,0.2769493462959585,-0.6340606814605939,-0.5935192026789141,-1.2803369335207555
0.49892236603475565,0.40179720521702156,-0.3885696092013759,0.8927360323896893,0.3250023554554625,-0.011823964486245425,-1.3012407714390484,0.6297695465112505,-0.35752796480589355,-0.6340606814605939,-0.5935192026789141,1.5477480834596842
-0.3915561047055016,-1.705905698004979,-1.1399127143281094,-0.8704029387551875,-0.9439185052784081,1.5860090741955721,0.9284111225878381,0.9496524907709334,-0.6747666203568196,-0.6340606814605939,-0.5935192026789141,0.6050530777995375
-0.5187673148112526,1.3244237064004278,0.3627734959253576,0.8927360323896893,-0.6266882900949404,1.2664424664592087,1.5654545208812343,-0.3298792862677979,0.2769493462959585,-0.6340606814605939,-0.5935192026789141,1.5477480834596842
1.0077672064577599,-0.7486206081745282,0.3627734959253576,-0.2826899483735619,0.3250023554554625,0.3077426432501181,-0.9827190722923503,1.269535435030616,0.2769493462959585,-0.6340606814605939,-0.5935192026789141,1.5477480834596842
1.0077672064577599,-0.8399772364522707,0.3627734959253576,-0.2826899483735619,0.007772140271994877,-0.011823964486245425,0.60988942344114,-0.3298792862677979,-0.6747666203568196,-0.6340606814605939,-0.5935192026789141,1.2335164149063018
-0.13713368449399954,-0.33057134253265386,-1.6408081177459317,-1.458115929136813,1.2766930010058655,-0.3313905722226089,1.5654545208812343,0.6297695465112505,-0.040289309254967536,-0.6340606814605939,-0.5935192026789141,-1.5945686020741379
-1.1548233653400077,0.3956569019875756,-1.1399127143281094,0.8927360323896893,1.593923216189333,0.6273092509864816,-0.9827190722923503,0.3098866022515677,1.5459039684996627,-0.6340606814605939,-0.5935192026789141,-1.2803369335207555
1.3894008367750128,0.281293448164565,1.6150120044699134,-0.8704029387551875,-1.2611487204618759,0.6273092509864816,-1.6197624705857465,-0.009996342008115089,0.2769493462959585,1.5771361152633603,-0.5935192026789141,-0.023410259307226837
-1.282034575445759,0.4933689265380234,0.86366889934318,-0.8704029387551875,1.2766930010058655,1.2664424664592087,1.2469328217345361,1.589418379290299,-0.35752796480589355,1.5771361152633603,-0.5935192026789141,-0.9661052649673734
0.11728873571750253,-0.03370091019754474,0.3627734959253576,0.3050230420080638,-1.2611487204618759,1.5860090741955721,-0.9827190722923503,-0.3298792862677979,-1.6264825870095976,-0.6340606814605939,1.684865452518453,-0.33764192786060904
-0.009922474388248505,0.075008359618154,-0.1381219074924647,-0.8704029387551875,-1.2611487204618759,0.9468758587228451,0.60988942344114,-1.2895281190468464,1.5459039684996627,-0.6340606814605939,-0.5935192026789141,-1.2803369335207555
0.7533447862462577,-1.4796986645863082,-0.639017310910287,0.8927360323896893,0.3250023554554625,-1.2900903954316993,-1.3012407714390484,-1.2895281190468464,-0.35752796480589355,-0.6340606814605939,1.684865452518453,0.9192847463529197
1.2621896266692618,-0.3027236333876965,-0.3885696092013759,0.8927360323896893,0.3250023554554625,-1.6096570031680628,-0.6641973731456523,0.9496524907709334,-1.6264825870095976,-0.6340606814605939,-0.5935192026789141,-0.023410259307226837
-1.282034575445759,-1.6846271142955753,0.11232579421644646,1.480449022771315,1.593923216189333,-1.6096570031680628,0.29136772429444197,0.9496524907709334,0.5941880018468845,-0.6340606814605939,-0.5935192026789141,0.6050530777995375
-0.7731897350227547,1.4431046050739398,0.11232579421644646,-0.2826899483735619,1.593923216189333,-0.3313905722226089,-0.6641973731456523,-0.009996342008115089,0.2769493462959585,-0.6340606814605939,-0.5935192026789141,0.9192847463529197
0.8805559963520088,1.2556016451479781,-0.3885696092013759,-1.458115929136813,0.007772140271994877,1.5860090741955721,0.9284111225878381,1.269535435030616,-0.35752796480589355,1.5771361152633603,-0.5935192026789141,1.2335164149063018
1.2621896266692618,-0.845850376686415,1.3645643027610024,-0.2826899483735619,-1.2611487204618759,-1.2900903954316993,-0.34567567399895416,0.6297695465112505,-1.6264825870095976,-0.6340606814605939,-0.5935192026789141,-1.2803369335207555
-0.2643448945997506,-1.0001262842059724,-1.3903604160370207,-1.458115929136813,1.2766930010058655,-0.9705237876953359,-0.6641973731456523,-0.9696451747871635,-0.35752796480589355,-0.6340606814605939,-0.5935192026789141,-0.9661052649673734
-0.7731897350227547,1.6942070109172713,0.86366889934318,0.8927360323896893,-0.6266882900949404,-0.3313905722226089,-0.34567567399895416,1.589418379290299,-0.040289309254967536,-0.6340606814605939,-0.5935192026789141,-1.5945686020741379
1.3894008367750128,-1.0592955752425828,-1.6408081177459317,-1.458115929136813,0.6422325706389302,-0.3313905722226089,0.9284111225878381,-0.009996342008115089,-1.3092439314586717,-0.6340606814605939,-0.5935192026789141,0.6050530777995375
1.0077672064577599,-0.48029663907065573,-0.8894650126191982,0.8927360323896893,1.2766930010058655,-0.6509571799589724,-0.6641973731456523,-0.9696451747871635,-0.6747666203568196,-0.6340606814605939,-0.5935192026789141,-0.33764192786060904
0.11728873571750253,-0.1205209481238258,-0.3885696092013759,1.480449022771315,0.007772140271994877,-0.9705237876953359,-1.6197624705857465,-0.3298792862677979,0.2769493462959585,1.5771361152633603,-0.5935192026789141,-1.2803369335207555
-0.009922474388248505,0.4486945768317116,-1.1399127143281094,-1.458115929136813,-0.6266882900949404,0.3077426432501181,-0.34567567399895416,-0.6497622305274807,0.5941880018468845,-0.6340606814605939,-0.5935192026789141,-0.6518735964139912
0.3717111559290046,-0.7580908481991387,-1.6408081177459317,-1.458115929136813,0.007772140271994877,1.5860090741955721,-0.34567567399895416,1.269535435030616,-0.040289309254967536,-0.6340606814605939,-0.5935192026789141,0.6050530777995375
1.2621896266692618,-0.9240750942453901,1.6150120044699134,-0.8704029387551875,-0.6266882900949404,-0.3313905722226089,0.29136772429444197,-0.009996342008115089,-0.040289309254967536,-0.6340606814605939,-0.5935192026789141,0.9192847463529197
0.6261335761405067,-1.2817249860347943,0.11232579421644646,1.480449022771315,-0.6266882900949404,-0.9705237876953359,-1.6197624705857465,1.589418379290299,-1.3092439314586717,-0.6340606814605939,-0.5935192026789141,1.5477480834596842
-0.6459785249170037,0.8021071729495886,-1.1399127143281094,-0.8704029387551875,1.2766930010058655,-0.9705237876953359,1.5654545208812343,-1.609411063306529,0.9114266573978106,-0.6340606814605939,-0.5935192026789141,1.5477480834596842
-0.5187673148112526,-1.6420035155247488,0.86366889934318,0.3050230420080638,1.2766930010058655,1.2664424664592087,-0.9827190722923503,1.589418379290299,-1.6264825870095976,-0.6340606814605939,-0.5935192026789141,-0.6518735964139912
-0.6459785249170037,-1.4116460429756152,1.3645643027610024,-0.2826899483735619,1.593923216189333,0.6273092509864816,0.60988942344114,-1.609411063306529,1.5459039684996627,-0.6340606814605939,-0.5935192026789141,0.6050530777995375
-0.3915561047055016,-0.004412971240185363,-1.3903604160370207,-0.8704029387551875,0.007772140271994877,0.9468758587228451,-0.9827190722923503,0.9496524907709334,0.2769493462959585,1.5771361152633603,-0.5935192026789141,0.6050530777995375
1.1349784165635108,-0.48222636158071985,0.86366889934318,0.8927360323896893,-0.30945807491147276,-1.2900903954316993,-0.027153974852256096,-0.9696451747871635,0.2769493462959585,-0.6340606814605939,-0.5935192026789141,-0.33764192786060904
1.1349784165635108,-1.7011569105188904,-0.639017310910287,1.480449022771315,-0.9439185052784081,0.3077426432501181,0.9284111225878381,-0.9696451747871635,-0.9920052759077457,-0.6340606814605939,-0.5935192026789141,0.6050530777995375
-1.1548233653400077,-1.228889385754083,-1.1399127143281094,0.8927360323896893,1.2766930010058655,-1.6096570031680628,-0.027153974852256096,-0.3298792862677979,-0.35752796480589355,-0.6340606814605939,-0.5935192026789141,0.9192847463529197
-0.009922474388248505,-1.6645688749659666,-0.8894650126191982,0.3050230420080638,-1.2611487204618759,-0.3313905722226089,1.2469328217345361,1.269535435030616,-0.9920052759077457,-0.6340606814605939,-0.5935192026789141,1.5477480834596842
-1.40924578555151,-1.7226950559389964,1.3645643027610024,1.480449022771315,-0.30945807491147276,-1.6096570031680628,-1.6197624705857465,-0.9696451747871635,-1.6264825870095976,1.5771361152633603,-0.5935192026789141,0.6050530777995375
-0.13713368449399954,0.058195594799941255,1.6150120044699134,0.8927360323896893,1.2766930010058655,-0.3313905722226089,0.60988942344114,0.9496524907709334,1.5459039684996627,1.5771361152633603,-0.5935192026789141,-0.6518735964139912
0.7533447862462577,1.6681141162044815,-1.3903604160370207,1.480449022771315,-0.6266882900949404,-0.6509571799589724,-1.6197624705857465,-0.6497622305274807,1.5459039684996627,-0.6340606814605939,1.684865452518453,-0.023410259307226837
0.49892236603475565,0.023581028006253158,1.6150120044699134,-0.2826899483735619,0.007772140271994877,1.2664424664592087,-1.3012407714390484,-1.609411063306529,-1.3092439314586717,-0.6340606814605939,-0.5935192026789141,-1.2803369335207555
1.2621896266692618,-1.5419569462841698,-0.3885696092013759,0.8927360323896893,-0.30945807491147276,0.6273092509864816,-1.3012407714390484,-0.009996342008115089,0.9114266573978106,1.5771361152633603,1.684865452518453,-1.2803369335207555
0.7533447862462577,-1.7145635448830043,0.86366889934318,-0.8704029387551875,0.007772140271994877,0.6273092509864816,-1.6197624705857465,-0.6497622305274807,-1.6264825870095976,1.5771361152633603,-0.5935192026789141,0.6050530777995375
0.24449994582325357,-1.587399395515765,-0.3885696092013759,-0.2826899483735619,-0.6266882900949404,1.2664424664592087,1.5654545208812343,-1.609411063306529,0.2769493462959585,-0.6340606814605939,-0.5935192026789141,-1.5945686020741379
-0.13713368449399954,-0.5502979033651225,-0.8894650126191982,-1.458115929136813,1.2766930010058655,-0.3313905722226089,0.9284111225878381,-0.009996342008115089,-0.35752796480589355,1.5771361152633603,-0.5935192026789141,-1.2803369335207555
0.3717111559290046,0.21188328483929722,-1.1399127143281094,-0.2826899483735619,-0.30945807491147276,1.2664424664592087,1.2469328217345361,0.6297695465112505,-1.6264825870095976,-0.6340606814605939,1.684865452518453,-0.023410259307226837
0.3717111559290046,-0.6393051584049838,-1.6408081177459317,-0.8704029387551875,-0.30945807491147276,1.5860090741955721,1.2469328217345361,0.3098866022515677,0.9114266573978106,-0.6340606814605939,-0.5935192026789141,-0.33764192786060904
0.49892236603475565,0.6218526786961514,-0.8894650126191982,-0.2826899483735619,1.593923216189333,1.2664424664592087,-1.6197624705857465,1.269535435030616,-0.040289309254967536,-0.6340606814605939,-0.5935192026789141,-0.9661052649673734
-1.536456995657261,-1.154040365807008,-0.8894650126191982,1.480449022771315,0.3250023554554625,-1.2900903954316993,0.60988942344114,-0.3298792862677979,1.5459039684996627,1.5771361152633603,-0.5935192026789141,-0.9661052649673734
0.24449994582325357,-0.3922173464600449,-0.639017310910287,-0.8704029387551875,-0.9439185052784081,0.9468758587228451,-0.6641973731456523,0.9496524907709334,-0.040289309254967536,1.5771361152633603,1.684865452518453,0.29082140924615535
0.11728873571750253,0.56550485828707,-0.639017310910287,0.3050230420080638,-1.2611487204618759,-0.9705237876953359,-1.3012407714390484,-0.6497622305274807,0.5941880018468845,1.5771361152633603,1.684865452518453,-1.5945686020741379
-1.6636682057630119,-1.4112198651199206,-1.6408081177459317,0.3050230420080638,-0.30945807491147276,0.6273092509864816,0.9284111225878381,-0.9696451747871635,-0.35752796480589355,-0.6340606814605939,-0.5935192026789141,0.29082140924615535
0.6261335761405067,0.615703502195857,-0.639017310910287,-1.458115929136813,-1.5783789356453435,0.9468758587228451,0.29136772429444197,-0.9696451747871635,1.2286653129487366,-0.6340606814605939,-0.5935192026789141,0.6050530777995375
-0.9004009451285058,-0.014988484169678623,-0.1381219074924647,0.3050230420080638,0.9594627858223979,0.6273092509864816,-0.34567567399895416,-0.6497622305274807,-1.6264825870095976,-0.6340606814605939,1.684865452518453,0.6050530777995375
0.7533447862462577,0.42766343065242457,1.114116601052091,-0.8704029387551875,1.593923216189333,0.9468758587228451,-0.027153974852256096,1.269535435030616,1.2286653129487366,-0.6340606814605939,-0.5935192026789141,0.29082140924615535
-0.7731897350227547,-1.1739158639892429,1.6150120044699134,-0.2826899483735619,0.3250023554554625,-0.3313905722226089,-0.027153974852256096,-0.009996342008115089,0.2769493462959585,1.5771361152633603,-0.5935192026789141,-0.33764192786060904
-1.536456995657261,1.3800328879799557,1.3645643027610024,0.8927360323896893,0.6422325706389302,0.6273092509864816,-0.027153974852256096,0.3098866022515677,-0.9920052759077457,1.5771361152633603,-0.5935192026789141,0.6050530777995375
0.3717111559290046,-0.9845749786905331,-0.639017310910287,-0.8704029387551875,-0.9439185052784081,-0.9705237876953359,-0.027153974852256096,0.3098866022515677,-0.35752796480589355,-0.6340606814605939,-0.5935192026789141,-0.9661052649673734
1.516612046880764,0.5634320356189715,-1.1399127143281094,0.8927360323896893,-1.2611487204618759,1.2664424664592087,0.9284111225878381,1.589418379290299,-0.040289309254967536,-0.6340606814605939,-0.5935192026789141,-0.023410259307226837
-0.7731897350227547,1.4943700801009485,1.6150120044699134,1.480449022771315,-1.5783789356453435,0.6273092509864816,1.5654545208812343,0.9496524907709334,-0.9920052759077457,1.5771361152633603,-0.5935192026789141,0.9192847463529197
-1.0276121552342568,0.8071158715365853,-0.639017310910287,-0.2826899483735619,-0.30945807491147276,0.9468758587228451,0.9284111225878381,-0.3298792862677979,0.2769493462959585,-0.6340606814605939,-0.5935192026789141,0.9192847463529197
1.1349784165635108,-0.43692976183183885,0.3627734959253576,-0.2826899483735619,-1.2611487204618759,-1.6096570031680628,-0.34567567399895416,0.3098866022515677,1.2286653129487366,-0.6340606814605939,1.684865452518453,0.29082140924615535
1.2621896266692618,1.6289637383066318,1.3645643027610024,0.3050230420080638,1.593923216189333,-1.6096570031680628,1.2469328217345361,-0.009996342008115089,1.5459039684996627,-0.6340606814605939,-0.5935192026789141,-1.2803369335207555
-0.9004009451285058,1.7258259847872923,-1.6408081177459317,0.3050230420080638,0.007772140271994877,0.6273092509864816,-0.6641973731456523,-0.3298792862677979,1.5459039684996627,1.5771361152633603,1.684865452518453,1.5477480834596842
0.49892236603475565,1.7191538555090016,-1.6408081177459317,0.3050230420080638,0.3250023554554625,1.5860090741955721,1.5654545208812343,1.589418379290299,1.5459039684996627,-0.6340606814605939,-0.5935192026789141,0.29082140924615535
-0.9004009451285058,1.2281760304183875,0.6132211976342689,0.3050230420080638,-1.5783789356453435,-1.6096570031680628,1.5654545208812343,1.269535435030616,-0.6747666203568196,1.5771361152633603,1.684865452518453,0.9192847463529197
-0.2643448945997506,-1.6269821467669776,0.3627734959253576,-0.8704029387551875,0.007772140271994877,-0.011823964486245425,-0.34567567399895416,-0.9696451747871635,1.5459039684996627,1.5771361152633603,-0.5935192026789141,1.5477480834596842
-1.282034575445759,0.6261167259510291,-1.3903604160370207,-0.2826899483735619,0.3250023554554625,-1.2900903954316993,-1.6197624705857465,-0.6497622305274807,0.2769493462959585,-0.6340606814605939,1.684865452518453,-1.5945686020741379
1.2621896266692618,-0.03877086313601664,0.3627734959253576,-0.8704029387551875,1.593923216189333,1.5860090741955721,-1.3012407714390484,-0.3298792862677979,-1.6264825870095976,-0.6340606814605939,-0.5935192026789141,-1.5945686020741379
-0.5187673148112526,0.6974756037146632,-0.8894650126191982,0.8927360323896893,1.2766930010058655,-0.6509571799589724,-0.34567567399895416,0.3098866022515677,-0.040289309254967536,-0.6340606814605939,-0.5935192026789141,-1.5945686020741379
-1.6636682057630119,-1.562646646992861,-0.3885696092013759,-0.8704029387551875,-0.6266882900949404,-0.6509571799589724,1.2469328217345361,-1.609411063306529,-0.040289309254967536,-0.6340606814605939,-0.5935192026789141,-1.2803369335207555
-1.282034575445759,-1.165764765462955,-1.3903604160370207,-0.8704029387551875,-0.6266882900949404,1.5860090741955721,-0.6641973731456523,-0.009996342008115089,0.2769493462959585,-0.6340606814605939,-0.5935192026789141,-0.33764192786060904
0.49892236603475565,-0.17877766760749347,-0.639017310910287,0.3050230420080638,-0.30945807491147276,1.5860090741955721,0.29136772429444197,1.589418379290299,-0.040289309254967536,-0.6340606814605939,-0.5935192026789141,1.5477480834596842
-1.1548233653400077,1.6080962314470693,0.6132211976342689,1.480449022771315,0.007772140271994877,-1.6096570031680628,-1.3012407714390484,-0.6497622305274807,-1.3092439314586717,-0.6340606814605939,-0.5935192026789141,-0.023410259307226837
-0.13713368449399954,-0.9757564930078868,-1.3903604160370207,-1.458115929136813,-0.6266882900949404,-0.9705237876953359,-1.3012407714390484,-1.2895281190468464,0.2769493462959585,1.5771361152633603,-0.5935192026789141,-1.2803369335207555
1.2621896266692618,-0.7679446219779908,-1.6408081177459317,0.8927360323896893,0.007772140271994877,0.9468758587228451,-0.6641973731456523,-0.009996342008115089,-0.040289309254967536,-0.6340606814605939,1.684865452518453,-0.6518735964139912
1.2621896266692618,1.2409717709324666,0.86366889934318,-1.458115929136813,0.007772140271994877,-0.011823964486245425,0.60988942344114,-0.3298792862677979,0.2769493462959585,1.5771361152633603,-0.5935192026789141,-0.9661052649673734
0.3717111559290046,1.03735139987183,-1.1399127143281094,-1.458115929136813,1.2766930010058655,0.6273092509864816,0.29136772429444197,0.3098866022515677,-0.6747666203568196,-0.6340606814605939,-0.5935192026789141,1.5477480834596842
1.1349784165635108,-0.30353355067459176,-0.8894650126191982,-0.2826899483735619,-0.30945807491147276,-0.3313905722226089,0.60988942344114,-0.009996342008115089,1.2286653129487366,-0.6340606814605939,1.684865452518453,-0.023410259307226837
0.6261335761405067,0.6686132133001642,1.3645643027610024,1.480449022771315,0.9594627858223979,0.6273092509864816,0.60988942344114,0.9496524907709334,-0.040289309254967536,-0.6340606814605939,-0.5935192026789141,-0.33764192786060904
-0.6459785249170037,1.0571263132813176,1.6150120044699134,-0.2826899483735619,1.593923216189333,1.5860090741955721,0.29136772429444197,1.589418379290299,0.5941880018468845,1.5771361152633603,-0.5935192026789141,0.29082140924615535
0.49892236603475565,1.4752869290132071,0.3627734959253576,-0.2826899483735619,0.9594627858223979,-1.6096570031680628,1.2469328217345361,-0.3298792862677979,1.2286653129487366,1.5771361152633603,1.684865452518453,-1.2803369335207555
1.2621896266692618,-1.1515426806362565,-0.3885696092013759,-0.2826899483735619,0.6422325706389302,0.9468758587228451,-1.6197624705857465,1.589418379290299,-1.6264825870095976,-0.6340606814605939,1.684865452518453,-1.2803369335207555
1.643823256986515,-0.3446263051428936,0.86366889934318,-0.2826899483735619,-0.30945807491147276,1.2664424664592087,1.2469328217345361,-0.3298792862677979,-1.6264825870095976,1.5771361152633603,-0.5935192026789141,1.2335164149063018
-1.6636682057630119,-1.0499906948622029,-1.1399127143281094,-0.2826899483735619,-1.2611487204618759,0.9468758587228451,-1.6197624705857465,-0.6497622305274807,-0.35752796480589355,-0.6340606814605939,-0.5935192026789141,1.5477480834596842
0.3717111559290046,-0.5298744102286491,1.3645643027610024,-0.8704029387551875,1.2766930010058655,-0.3313905722226089,-0.9827190722923503,0.9496524907709334,1.2286653129487366,1.5771361152633603,-0.5935192026789141,0.29082140924615535
1.643823256986515,-0.4206812422516108,1.3645643027610024,-1.458115929136813,1.593923216189333,1.2664424664592087,-0.9827190722923503,-1.609411063306529,1.5459039684996627,1.5771361152633603,-0.5935192026789141,-0.6518735964139912
1.0077672064577599,0.09836651038789566,0.6132211976342689,-1.458115929136813,1.593923216189333,0.3077426432501181,-0.6641973731456523,-1.2895281190468464,-0.040289309254967536,-0.6340606814605939,-0.5935192026789141,-0.6518735964139912
-0.2643448945997506,0.9849982627799843,-0.639017310910287,0.8927360323896893,-1.2611487204618759,1.2664424664592087,-1.6197624705857465,1.589418379290299,-1.6264825870095976,-0.6340606814605939,-0.5935192026789141,-0.6518735964139912
1.643823256986515,-0.05536998636913482,-1.3903604160370207,0.3050230420080638,-0.30945807491147276,-0.3313905722226089,-1.6197624705857465,-0.6497622305274807,0.2769493462959585,-0.6340606814605939,-0.5935192026789141,1.2335164149063018
-0.009922474388248505,-0.8499834748682854,0.11232579421644646,-0.8704029387551875,-0.9439185052784081,0.6273092509864816,-0.34567567399895416,0.6297695465112505,0.5941880018468845,-0.6340606814605939,-0.5935192026789141,0.6050530777995375
-0.5187673148112526,-0.8406412745368752,1.114116601052091,-0.2826899483735619,-0.9439185052784081,0.9468758587228451,-0.6641973731456523,-0.009996342008115089,-0.9920052759077457,-0.6340606814605939,-0.5935192026789141,0.29082140924615535
-0.9004009451285058,-0.42368687149532197,-0.1381219074924647,0.3050230420080638,0.3250023554554625,-0.6509571799589724,-0.027153974852256096,-0.009996342008115089,0.9114266573978106,1.5771361152633603,1.684865452518453,1.2335164149063018
0.49892236603475565,0.7488788791036046,0.6132211976342689,1.480449022771315,-1.5783789356453435,0.6273092509864816,-1.6197624705857465,-0.3298792862677979,-0.6747666203568196,-0.6340606814605939,-0.5935192026789141,0.9192847463529197
-1.0276121552342568,-1.3753345406374031,0.6132211976342689,0.8927360323896893,-0.9439185052784081,1.2664424664592087,0.29136772429444197,-0.009996342008115089,-1.3092439314586717,1.5771361152633603,1.684865452518453,0.9192847463529197
-0.3915561047055016,0.5352444754286043,-0.639017310910287,-1.458115929136813,0.3250023554554625,-0.9705237876953359,-0.34567567399895416,1.269535435030616,0.9114266573978106,-0.6340606814605939,-0.5935192026789141,0.9192847463529197
-0.13713368449399954,-0.6373947940069047,1.3645643027610024,-0.2826899483735619,0.007772140271994877,1.2664424664592087,-1.3012407714390484,-0.3298792862677979,-1.6264825870095976,1.5771361152633603,-0.5935192026789141,0.6050530777995375
1.516612046880764,1.5378356980931926,0.86366889934318,-0.8704029387551875,1.593923216189333,-0.6509571799589724,-1.3012407714390484,0.9496524907709334,-1.6264825870095976,1.5771361152633603,1.684865452518453,0.29082140924615535
1.516612046880764,-0.05967646238335665,-0.639017310910287,1.480449022771315,0.007772140271994877,1.5860090741955721,-1.3012407714390484,-0.9696451747871635,-0.35752796480589355,1.5771361152633603,1.684865452518453,-0.6518735964139912
0.6261335761405067,-1.5754789866124757,-0.8894650126191982,-1.458115929136813,-0.6266882900949404,-0.9705237876953359,1.2469328217345361,-0.6497622305274807,0.2769493462959585,-0.6340606814605939,1.684865452518453,-0.33764192786060904
-1.1548233653400077,-1.2505518782279683,-1.3903604160370207,0.3050230420080638,-1.5783789356453435,-0.9705237876953359,1.2469328217345361,1.589418379290299,-0.9920052759077457,1.5771361152633603,-0.5935192026789141,0.29082140924615535
0.8805559963520088,1.7307681310818082,-0.639017310910287,0.3050230420080638,0.007772140271994877,0.6273092509864816,1.2469328217345361,0.9496524907709334,0.9114266573978106,-0.6340606814605939,-0.5935192026789141,-0.9661052649673734
-1.536456995657261,-1.0826926578047775,0.11232579421644646,-0.2826899483735619,0.007772140271994877,-1.2900903954316993,0.60988942344114,-0.9696451747871635,0.5941880018468845,-0.6340606814605939,1.684865452518453,1.5477480834596842
-1.1548233653400077,-1.461015971408122,-0.3885696092013759,0.8927360323896893,-1.2611487204618759,0.9468758587228451,-0.9827190722923503,1.589418379290299,1.5459039684996627,-0.6340606814605939,-0.5935192026789141,-0.6518735964139912
0.8805559963520088,-0.8157352862123054,-0.8894650126191982,-1.458115929136813,0.9594627858223979,-1.6096570031680628,-1.3012407714390484,-0.3298792862677979,-0.35752796480589355,-0.6340606814605939,-0.5935192026789141,0.9192847463529197
0.8805559963520088,0.6488830537608373,0.3627734959253576,-0.8704029387551875,0.007772140271994877,0.3077426432501181,-0.9827190722923503,-1.2895281190468464,1.5459039684996627,-0.6340606814605939,-0.5935192026789141,-0.023410259307226837
-1.282034575445759,-1.551099171724703,-1.3903604160370207,-1.458115929136813,0.007772140271994877,-0.6509571799589724,0.9284111225878381,1.269535435030616,0.9114266573978106,-0.6340606814605939,-0.5935192026789141,-0.9661052649673734
1.1349784165635108,0.8758965342181506,-0.1381219074924647,1.480449022771315,-1.5783789356453435,1.2664424664592087,0.9284111225878381,0.6297695465112505,1.5459039684996627,-0.6340606814605939,-0.5935192026789141,1.2335164149063018
0.8805559963520088,1.5991768233206296,0.3627734959253576,-0.8704029387551875,-0.6266882900949404,0.3077426432501181,0.60988942344114,0.9496524907709334,-0.6747666203568196,-0.6340606814605939,1.684865452518453,1.2335164149063018
1.643823256986515,-0.7053386404466423,-1.3903604160370207,-0.8704029387551875,0.6422325706389302,-0.011823964486245425,0.60988942344114,0.3098866022515677,0.9114266573978106,-0.6340606814605939,-0.5935192026789141,0.29082140924615535
-0.13713368449399954,1.4872535861117229,0.86366889934318,-0.2826899483735619,1.593923216189333,0.3077426432501181,-0.6641973731456523,1.269535435030616,-0.35752796480589355,-0.6340606814605939,1.684865452518453,-1.2803369335207555
-1.282034575445759,-0.8822840749083335,1.3645643027610024,0.3050230420080638,0.3250023554554625,-0.3313905722226089,-1.3012407714390484,1.589418379290299,0.9114266573978106,-0.6340606814605939,-0.5935192026789141,0.6050530777995375
0.49892236603475565,1.055812187353924,1.114116601052091,1.480449022771315,0.9594627858223979,0.6273092509864816,0.60988942344114,-0.3298792862677979,0.5941880018468845,1.5771361152633603,-0.5935192026789141,-0.023410259307226837
-0.9004009451285058,0.8506712446640426,-0.3885696092013759,0.8927360323896893,0.007772140271994877,1.2664424664592087,0.9284111225878381,-0.3298792862677979,1.5459039684996627,-0.6340606814605939,-0.5935192026789141,0.9192847463529197
-0.5187673148112526,-1.3361367434333682,-0.3885696092013759,1.480449022771315,1.593923216189333,0.9468758587228451,1.5654545208812343,-0.009996342008115089,-0.6747666203568196,1.5771361152633603,-0.5935192026789141,1.2335164149063018
-1.6636682057630119,0.8575728520388979,-1.1399127143281094,-0.2826899483735619,-0.6266882900949404,0.3077426432501181,-0.6641973731456523,-1.609411063306529,-0.6747666203568196,-0.6340606814605939,-0.5935192026789141,0.29082140924615535
1.2621896266692618,0.13825545279455248,-1.6408081177459317,-1.458115929136813,0.3250023554554625,-0.3313905722226089,-1.3012407714390484,-0.6497622305274807,1.5459039684996627,-0.6340606814605939,-0.5935192026789141,-0.023410259307226837
0.24449994582325357,0.6505232099743459,0.11232579421644646,-0.8704029387551875,-0.9439185052784081,0.9468758587228451,0.60988942344114,1.269535435030616,-1.3092439314586717,-0.6340606814605939,1.684865452518453,-0.6518735964139912
1.2621896266692618,-0.25505328926699694,1.3645643027610024,-0.8704029387551875,0.6422325706389302,-1.2900903954316993,-1.6197624705857465,-1.609411063306529,1.5459039684996627,1.5771361152633603,-0.5935192026789141,0.9192847463529197
1.516612046880764,0.08516880565557543,0.86366889934318,-0.8704029387551875,0.3250023554554625,-1.6096570031680628,-1.6197624705857465,0.6297695465112505,0.5941880018468845,-0.6340606814605939,-0.5935192026789141,0.9192847463529197
1.516612046880764,-0.7993136773418238,0.86366889934318,0.3050230420080638,-0.6266882900949404,0.3077426432501181,-1.6197624705857465,-0.6497622305274807,-0.9920052759077457,-0.6340606814605939,1.684865452518453,-0.33764192786060904
1.3894008367750128,0.7424394430632403,-1.6408081177459317,-0.8704029387551875,0.6422325706389302,0.3077426432501181,1.2469328217345361,0.3098866022515677,-1.3092439314586717,-0.6340606814605939,-0.5935192026789141,-0.9661052649673734
-1.1548233653400077,0.06959340850019673,0.86366889934318,0.8927360323896893,0.3250023554554625,1.2664424664592087,0.9284111225878381,-1.2895281190468464,-0.35752796480589355,1.5771361152633603,-0.5935192026789141,1.2335164149063018
-1.1548233653400077,-0.015074268359368433,0.3627734959253576,-1.458115929136813,-0.6266882900949404,0.3077426432501181,-0.34567567399895416,-0.9696451747871635,-1.6264825870095976,1.5771361152633603,1.684865452518453,-1.2803369335207555
-0.3915561047055016,1.5895162687245235,1.3645643027610024,-0.2826899483735619,1.593923216189333,0.6273092509864816,-0.6641973731456523,0.3098866022515677,-0.6747666203568196,-0.6340606814605939,-0.5935192026789141,-0.9661052649673734
1.3894008367750128,0.19407465419254466,-1.1399127143281094,0.8927360323896893,-1.2611487204618759,-1.6096570031680628,-0.027153974852256096,-1.2895281190468464,0.9114266573978106,-0.6340606814605939,-0.5935192026789141,-0.33764192786060904
1.516612046880764,0.6198152107993141,-0.639017310910287,0.3050230420080638,-0.9439185052784081,-0.9705237876953359,0.29136772429444197,-0.3298792862677979,0.2769493462959585,-0.6340606814605939,1.684865452518453,-0.33764192786060904
-1.6636682057630119,-0.014031579032056473,-0.3885696092013759,-1.458115929136813,0.3250023554554625,-1.2900903954316993,-0.34567567399895416,0.6297695465112505,0.2769493462959585,-0.6340606814605939,-0.5935192026789141,0.29082140924615535
1.2621896266692618,1.536860986023592,0.86366889934318,0.8927360323896893,-0.30945807491147276,-0.9705237876953359,0.9284111225878381,1.269535435030616,0.5941880018468845,1.5771361152633603,-0.5935192026789141,0.29082140924615535
-1.536456995657261,-0.9901168752841798,-0.3885696092013759,-1.458115929136813,-1.2611487204618759,0.3077426432501181,-0.9827190722923503,0.3098866022515677,1.2286653129487366,-0.6340606814605939,-0.5935192026789141,-0.023410259307226837
1.643823256986515,0.09623398320469885,0.11232579421644646,0.8927360323896893,-0.6266882900949404,1.5860090741955721,-0.9827190722923503,-0.3298792862677979,0.2769493462959585,-0.6340606814605939,1.684865452518453,0.29082140924615535
1.3894008367750128,-1.5193831511420084,0.3627734959253576,1.480449022771315,-0.6266882900949404,0.3077426432501181,0.60988942344114,-0.9696451747871635,-0.35752796480589355,1.5771361152633603,-0.5935192026789141,1.2335164149063018
-0.9004009451285058,-0.2965255662822793,1.114116601052091,0.3050230420080638,0.3250023554554625,-1.2900903954316993,-0.9827190722923503,-0.3298792862677979,-0.9920052759077457,-0.6340606814605939,-0.5935192026789141,-0.6518735964139912
-0.5187673148112526,0.1162387941405154,0.6132211976342689,-0.8704029387551875,-0.9439185052784081,0.9468758587228451,0.9284111225878381,-0.3298792862677979,0.5941880018468845,-0.6340606814605939,-0.5935192026789141,-1.5945686020741379
-0.3915561047055016,1.5782559597386376,0.86366889934318,1.480449022771315,-1.2611487204618759,-1.6096570031680628,1.2469328217345361,-0.9696451747871635,0.5941880018468845,-0.6340606814605939,-0.5935192026789141,1.2335164149063018
1.643823256986515,0.07654586729341106,-0.639017310910287,1.480449022771315,-1.5783789356453435,0.6273092509864816,0.60988942344114,-1.609411063306529,-1.6264825870095976,1.5771361152633603,-0.5935192026789141,1.5477480834596842
1.516612046880764,-1.3967152668081992,0.86366889934318,0.8927360323896893,-1.5783789356453435,1.2664424664592087,0.60988942344114,-1.2895281190468464,0.2769493462959585,-0.6340606814605939,-0.5935192026789141,0.6050530777995375
-0.3915561047055016,0.04267277856017378,-0.639017310910287,-1.458115929136813,-0.6266882900949404,-0.6509571799589724,0.29136772429444197,1.269535435030616,0.5941880018468845,-0.6340606814605939,1.684865452518453,-0.023410259307226837
-1.536456995657261,0.9615665698986405,-1.6408081177459317,0.8927360323896893,1.593923216189333,-0.9705237876953359,1.2469328217345361,-1.609411063306529,-1.3092439314586717,-0.6340606814605939,-0.5935192026789141,0.29082140924615535
1.3894008367750128,0.8423634939910334,-1.6408081177459317,-0.2826899483735619,1.593923216189333,1.2664424664592087,1.5654545208812343,-0.6497622305274807,0.9114266573978106,-0.6340606814605939,-0.5935192026789141,1.2335164149063018
-1.0276121552342568,-0.7701513471183652,1.6150120044699134,1.480449022771315,-1.5783789356453435,-1.2900903954316993,-1.6197624705857465,0.9496524907709334,-0.6747666203568196,-0.6340606814605939,-0.5935192026789141,-1.5945686020741379
-0.5187673148112526,0.4644937854684172,-1.3903604160370207,-0.2826899483735619,0.007772140271994877,0.3077426432501181,0.29136772429444197,-0.009996342008115089,1.2286653129487366,-0.6340606814605939,1.684865452518453,1.5477480834596842
0.24449994582325357,-0.44667560256160016,0.86366889934318,-0.8704029387551875,0.9594627858223979,-0.9705237876953359,-0.027153974852256096,-0.3298792862677979,-0.35752796480589355,-0.6340606814605939,-0.5935192026789141,1.2335164149063018
1.1349784165635108,1.5314938935334867,1.3645643027610024,0.8927360323896893,0.6422325706389302,-1.2900903954316993,-1.3012407714390484,1.269535435030616,0.9114266573978106,1.5771361152633603,-0.5935192026789141,0.6050530777995375
-0.7731897350227547,-1.0559186649361092,1.3645643027610024,0.3050230420080638,-1.2611487204618759,1.2664424664592087,-0.027153974852256096,-0.3298792862677979,-0.35752796480589355,-0.6340606814605939,1.684865452518453,0.6050530777995375
1.0077672064577599,-1.3484432617202449,-0.3885696092013759,-0.2826899483735619,0.9594627858223979,-0.9705237876953359,0.29136772429444197,1.269535435030616,1.5459039684996627,1.5771361152633603,-0.5935192026789141,0.6050530777995375
0.6261335761405067,-0.9363477709713239,1.114116601052091,1.480449022771315,-1.2611487204618759,-1.6096570031680628,0.29136772429444197,0.6297695465112505,-0.9920052759077457,-0.6340606814605939,1.684865452518453,1.2335164149063018
1.643823256986515,-1.054654706402512,-0.8894650126191982,0.8927360323896893,-0.6266882900949404,-0.6509571799589724,-0.027153974852256096,-1.609411063306529,-0.35752796480589355,-0.6340606814605939,-0.5935192026789141,-1.2803369335207555
-1.1548233653400077,-1.4952662279789326,-1.6408081177459317,0.3050230420080638,1.593923216189333,-0.6509571799589724,-0.9827190722923503,0.3098866022515677,0.9114266573978106,1.5771361152633603,1.684865452518453,1.2335164149063018
0.11728873571750253,0.5068549066448444,-1.6408081177459317,1.480449022771315,0.007772140271994877,-0.9705237876953359,0.60988942344114,1.589418379290299,1.2286653129487366,-0.6340606814605939,1.684865452518453,-0.023410259307226837
1.516612046880764,-0.7257548827561283,1.6150120044699134,-0.2826899483735619,-0.30945807491147276,-0.3313905722226089,-1.3012407714390484,0.3098866022515677,0.9114266573978106,-0.6340606814605939,1.684865452518453,-0.023410259307226837
0.24449994582325357,1.183869591315762,-1.1399127143281094,-0.2826899483735619,-0.30945807491147276,-0.3313905722226089,-1.6197624705857465,-0.6497622305274807,0.2769493462959585,-0.6340606814605939,-0.5935192026789141,-0.9661052649673734
-0.13713368449399954,-1.1071502385760348,-0.8894650126191982,-0.2826899483735619,-1.2611487204618759,1.2664424664592087,-1.3012407714390484,-0.6497622305274807,0.5941880018468845,1.5771361152633603,-0.5935192026789141,1.5477480834596842
1.3894008367750128,1.467718905093496,-1.6408081177459317,-1.458115929136813,1.2766930010058655,1.5860090741955721,0.60988942344114,0.9496524907709334,-0.040289309254967536,1.5771361152633603,-0.5935192026789141,0.29082140924615535
1.1349784165635108,0.323920291808724,-0.1381219074924647,-1.458115929136813,0.6422325706389302,-0.3313905722226089,0.60988942344114,0.6297695465112505,-0.040289309254967536,-0.6340606814605939,-0.5935192026789141,-0.33764192786060904
1.3894008367750128,0.6877799950487657,-0.8894650126191982,-1.458115929136813,-1.5783789356453435,-1.6096570031680628,-0.34567567399895416,-0.3298792862677979,1.5459039684996627,-0.6340606814605939,-0.5935192026789141,-1.2803369335207555
0.6261335761405067,0.22565153328865983,0.3627734959253576,-0.2826899483735619,-0.6266882900949404,1.5860090741955721,-0.34567567399895416,-1.609411063306529,-0.040289309254967536,-0.6340606814605939,1.684865452518453,-0.6518735964139912
-0.5187673148112526,-0.8356901225516888,-0.3885696092013759,1.480449022771315,0.007772140271994877,-0.9705237876953359,0.60988942344114,-0.6497622305274807,1.2286653129487366,-0.6340606814605939,-0.5935192026789141,-0.9661052649673734
0.24449994582325357,-0.23551734327672885,-0.639017310910287,1.480449022771315,0.007772140271994877,-0.3313905722226089,1.5654545208812343,-0.6497622305274807,1.2286653129487366,-0.6340606814605939,-0.5935192026789141,-0.9661052649673734
0.7533447862462577,0.9894246948806704,1.6150120044699134,0.8927360323896893,0.9594627858223979,-0.3313905722226089,0.60988942344114,-0.6497622305274807,-0.6747666203568196,1.5771361152633603,-0.5935192026789141,-0.9661052649673734
-0.13713368449399954,-0.733778826140499,-1.1399127143281094,1.480449022771315,-0.9439185052784081,-0.9705237876953359,-1.3012407714390484,-1.2895281190468464,0.2769493462959585,-0.6340606814605939,1.684865452518453,-1.5945686020741379
0.49892236603475565,0.5671677084025396,0.3627734959253576,1.480449022771315,1.2766930010058655,0.3077426432501181,-0.9827190722923503,0.6297695465112505,1.2286653129487366,-0.6340606814605939,-0.5935192026789141,-0.6518735964139912
0.49892236603475565,0.6395489717830126,-1.6408081177459317,-1.458115929136813,-1.2611487204618759,-0.3313905722226089,1.5654545208812343,-0.6497622305274807,0.5941880018468845,1.5771361152633603,-0.5935192026789141,0.6050530777995375
0.8805559963520088,-0.22046219736213402,-1.1399127143281094,0.8927360323896893,0.007772140271994877,-1.6096570031680628,0.60988942344114,0.6297695465112505,-0.9920052759077457,-0.6340606814605939,-0.5935192026789141,-0.023410259307226837
0.3717111559290046,-1.4551256610167262,0.86366889934318,0.8927360323896893,-0.9439185052784081,0.3077426432501181,0.9284111225878381,-0.9696451747871635,0.2769493462959585,-0.6340606814605939,1.684865452518453,-0.9661052649673734
0.11728873571750253,-1.286005913655896,0.11232579421644646,-0.2826899483735619,0.007772140271994877,1.5860090741955721,1.5654545208812343,0.9496524907709334,0.5941880018468845,-0.6340606814605939,-0.5935192026789141,0.29082140924615535
-1.282034575445759,-0.7014448701693693,-1.6408081177459317,1.480449022771315,0.007772140271994877,0.3077426432501181,-0.027153974852256096,-1.609411063306529,-1.6264825870095976,-0.6340606814605939,1.684865452518453,-1.5945686020741379
0.8805559963520088,1.4975115961316916,-1.1399127143281094,-0.8704029387551875,0.6422325706389302,-0.9705237876953359,-0.9827190722923503,0.6297695465112505,-0.6747666203568196,-0.6340606814605939,1.684865452518453,1.5477480834596842
-0.7731897350227547,-0.47917520345755754,1.114116601052091,-0.2826899483735619,-0.30945807491147276,-0.011823964486245425,-0.34567567399895416,-0.009996342008115089,-0.9920052759077457,-0.6340606814605939,-0.5935192026789141,-0.33764192786060904
0.7533447862462577,-1.0438995433743614,-0.1381219074924647,-0.2826899483735619,0.6422325706389302,0.6273092509864816,0.9284111225878381,-0.009996342008115089,0.5941880018468845,-0.6340606814605939,1.684865452518453,-1.2803369335207555
0.11728873571750253,0.7245391130298152,1.6150120044699134,0.3050230420080638,0.9594627858223979,-0.6509571799589724,-0.9827190722923503,-1.2895281190468464,-0.040289309254967536,-0.6340606814605939,-0.5935192026789141,1.2335164149063018
0.7533447862462577,-1.71231556635159,1.114116601052091,-0.2826899483735619,1.593923216189333,0.9468758587228451,-0.027153974852256096,-0.6497622305274807,0.9114266573978106,-0.6340606814605939,-0.5935192026789141,-1.5945686020741379
0.11728873571750253,-1.318680937551602,1.6150120044699134,-1.458115929136813,0.3250023554554625,1.2664424664592087,1.5654545208812343,-0.9696451747871635,0.9114266573978106,1.5771361152633603,-0.5935192026789141,-0.6518735964139912
-1.0276121552342568,1.5628085435134405,0.3627734959253576,-0.8704029387551875,-0.6266882900949404,1.5860090741955721,-1.3012407714390484,0.3098866022515677,1.2286653129487366,-0.6340606814605939,1.684865452518453,0.9192847463529197
-1.282034575445759,1.31529702052984,-1.3903604160370207,0.8927360323896893,-0.30945807491147276,0.9468758587228451,1.5654545208812343,-0.9696451747871635,-0.9920052759077457,1.5771361152633603,1.684865452518453,-1.2803369335207555
-1.1548233653400077,0.040307806990674135,1.3645643027610024,1.480449022771315,-1.5783789356453435,1.2664424664592087,-0.34567567399895416,1.269535435030616,1.5459039684996627,1.5771361152633603,-0.5935192026789141,1.5477480834596842
0.11728873571750253,-0.9239548061736143,-0.8894650126191982,-0.2826899483735619,0.007772140271994877,-1.2900903954316993,0.60988942344114,-0.3298792862677979,-0.9920052759077457,-0.6340606814605939,-0.5935192026789141,-0.33764192786060904
-0.5187673148112526,-1.4105684411901285,1.3645643027610024,-0.2826899483735619,1.593923216189333,-1.2900903954316993,-0.027153974852256096,-1.609411063306529,-1.6264825870095976,-0.6340606814605939,-0.5935192026789141,-0.6518735964139912
0.11728873571750253,-0.2452118400007386,0.86366889934318,1.480449022771315,-1.2611487204618759,-0.9705237876953359,0.29136772429444197,0.9496524907709334,-1.3092439314586717,1.5771361152633603,-0.5935192026789141,-0.9661052649673734
1.643823256986515,-1.4774704664097411,-0.3885696092013759,-0.2826899483735619,1.2766930010058655,-0.9705237876953359,-1.6197624705857465,-0.3298792862677979,-0.35752796480589355,-0.6340606814605939,-0.5935192026789141,-0.9661052649673734
-1.0276121552342568,0.038344994665126024,0.3627734959253576,-0.8704029387551875,0.007772140271994877,-0.6509571799589724,-0.34567567399895416,-0.009996342008115089,0.9114266573978106,-0.6340606814605939,1.684865452518453,1.5477480834596842
0.24449994582325357,1.666496010849754,-1.1399127143281094,0.8927360323896893,-1.5783789356453435,1.2664424664592087,-0.9827190722923503,-1.609411063306529,1.2286653129487366,-0.6340606814605939,-0.5935192026789141,0.29082140924615535
-0.2643448945997506,0.2434032065953787,-0.3885696092013759,-0.8704029387551875,-0.9439185052784081,-1.6096570031680628,-0.34567567399895416,0.6297695465112505,-1.3092439314586717,-0.6340606814605939,1.684865452518453,1.2335164149063018
-1.1548233653400077,0.5046984111876838,0.11232579421644646,0.8927360323896893,0.6422325706389302,-0.9705237876953359,1.2469328217345361,-0.9696451747871635,1.2286653129487366,1.5771361152633603,-0.5935192026789141,-0.33764192786060904
-1.40924578555151,-0.8469810333334254,-0.8894650126191982,0.3050230420080638,1.2766930010058655,0.6273092509864816,1.2469328217345361,-1.609411063306529,1.5459039684996627,-0.6340606814605939,-0.5935192026789141,-0.6518735964139912
-1.6636682057630119,-0.7600466249025035,1.6150120044699134,0.8927360323896893,0.6422325706389302,0.9468758587228451,-0.34567567399895416,-0.9696451747871635,-1.6264825870095976,-0.6340606814605939,-0.5935192026789141,-1.2803369335207555
-0.9004009451285058,-1.6392521182187332,-0.8894650126191982,1.480449022771315,0.9594627858223979,-0.011823964486245425,-1.6197624705857465,1.269535435030616,-0.6747666203568196,-0.6340606814605939,-0.5935192026789141,-0.023410259307226837
-0.2643448945997506,-1.088069920829018,1.6150120044699134,-0.2826899483735619,0.3250023554554625,0.6273092509864816,-1.3012407714390484,-1.2895281190468464,-0.35752796480589355,-0.6340606814605939,-0.5935192026789141,-0.6518735964139912
-1.1548233653400077,-0.24995419402040586,1.3645643027610024,-0.2826899483735619,-1.5783789356453435,-0.9705237876953359,-1.6197624705857465,-0.6497622305274807,-0.040289309254967536,1.5771361152633603,-0.5935192026789141,1.5477480834596842
-0.3915561047055016,1.2208926877301025,-0.3885696092013759,-0.2826899483735619,0.9594627858223979,0.6273092509864816,0.60988942344114,1.269535435030616,0.9114266573978106,1.5771361152633603,1.684865452518453,1.2335164149063018
0.7533447862462577,-1.2937810230464657,1.3645643027610024,-1.458115929136813,1.593923216189333,-0.6509571799589724,-1.3012407714390484,0.3098866022515677,-1.6264825870095976,-0.6340606814605939,-0.5935192026789141,1.5477480834596842
-0.9004009451285058,1.3613305511996918,-0.639017310910287,0.8927360323896893,1.2766930010058655,0.6273092509864816,-1.3012407714390484,0.6297695465112505,1.2286653129487366,1.5771361152633603,-0.5935192026789141,-1.2803369335207555
1.516612046880764,-1.3885673602317126,-0.639017310910287,-0.8704029387551875,-0.6266882900949404,-0.9705237876953359,1.5654545208812343,0.9496524907709334,1.5459039684996627,1.5771361152633603,-0.5935192026789141,-0.023410259307226837
1.1349784165635108,1.0415042977371751,1.3645643027610024,-0.8704029387551875,-0.9439185052784081,-0.3313905722226089,0.60988942344114,1.589418379290299,0.2769493462959585,-0.6340606814605939,1.684865452518453,-1.2803369335207555
0.8805559963520088,-0.23025579682172764,0.6132211976342689,0.8927360323896893,0.3250023554554625,1.5860090741955721,-0.9827190722923503,-0.009996342008115089,-0.040289309254967536,-0.6340606814605939,-0.5935192026789141,-1.5945686020741379
-0.2643448945997506,-0.47860444927923584,-1.3903604160370207,-0.2826899483735619,-0.30945807491147276,1.5860090741955721,-1.3012407714390484,1.269535435030616,0.2769493462959585,-0.6340606814605939,-0.5935192026789141,-0.33764192786060904
-1.1548233653400077,1.255572626604232,-1.1399127143281094,0.3050230420080638,-0.30945807491147276,0.9468758587228451,1.2469328217345361,-1.2895281190468464,-1.3092439314586717,-0.6340606814605939,-0.5935192026789141,-0.33764192786060904
0.6261335761405067,-0.6560282370398798,-1.6408081177459317,0.3050230420080638,0.3250023554554625,0.3077426432501181,-0.027153974852256096,-0.9696451747871635,-0.040289309254967536,-0.6340606814605939,1.684865452518453,0.9192847463529197
-0.2643448945997506,-0.2533540220398429,1.6150120044699134,-1.458115929136813,0.007772140271994877,-1.2900903954316993,-0.9827190722923503,-1.609411063306529,0.9114266573978106,1.5771361152633603,-0.5935192026789141,-0.6518735964139912
0.7533447862462577,1.6538093846301798,-0.639017310910287,-0.8704029387551875,-1.2611487204618759,0.6273092509864816,0.60988942344114,1.269535435030616,-0.35752796480589355,-0.6340606814605939,-0.5935192026789141,1.2335164149063018
1.516612046880764,0.35070017188532965,-0.639017310910287,0.3050230420080638,0.6422325706389302,-1.2900903954316993,0.9284111225878381,1.589418379290299,-1.6264825870095976,1.5771361152633603,-0.5935192026789141,-0.6518735964139912
-1.0276121552342568,1.1077885305652384,0.3627734959253576,-0.2826899483735619,-0.6266882900949404,-0.9705237876953359,-0.34567567399895416,0.6297695465112505,-0.9920052759077457,-0.6340606814605939,-0.5935192026789141,1.2335164149063018
-1.0276121552342568,0.7206714093716242,-1.1399127143281094,0.3050230420080638,0.9594627858223979,0.6273092509864816,0.60988942344114,-1.609411063306529,-1.6264825870095976,-0.6340606814605939,-0.5935192026789141,-0.023410259307226837
-1.282034575445759,1.1245407326676071,0.11232579421644646,-1.458115929136813,0.007772140271994877,-0.9705237876953359,-1.6197624705857465,1.269535435030616,-0.040289309254967536,-0.6340606814605939,-0.5935192026789141,0.6050530777995375
-1.40924578555151,0.9326679248623827,0.86366889934318,0.3050230420080638,-0.9439185052784081,1.5860090741955721,-1.6197624705857465,-1.609411063306529,0.9114266573978106,-0.6340606814605939,-0.5935192026789141,1.5477480834596842
-1.0276121552342568,1.1494458067230047,-0.3885696092013759,0.3050230420080638,-0.30945807491147276,0.9468758587228451,-0.9827190722923503,-1.609411063306529,1.5459039684996627,-0.6340606814605939,-0.5935192026789141,1.5477480834596842
0.49892236603475565,-1.074307267611839,0.11232579421644646,-0.2826899483735619,1.593923216189333,-0.3313905722226089,0.9284111225878381,-0.6497622305274807,-1.3092439314586717,1.5771361152633603,-0.5935192026789141,-0.6518735964139912
-1.40924578555151,-0.20727334748769863,0.11232579421644646,-0.8704029387551875,0.3250023554554625,1.5860090741955721,-0.027153974852256096,-0.009996342008115089,-0.6747666203568196,-0.6340606814605939,1.684865452518453,0.29082140924615535
1.2621896266692618,-0.1444807283464545,-0.1381219074924647,0.3050230420080638,0.007772140271994877,-1.2900903954316993,0.29136772429444197,-0.6497622305274807,0.2769493462959585,-0.6340606814605939,-0.5935192026789141,-1.2803369335207555
-1.536456995657261,0.8305426654747868,0.6132211976342689,0.3050230420080638,0.9594627858223979,0.9468758587228451,-0.34567567399895416,0.6297695465112505,0.5941880018468845,-0.6340606814605939,-0.5935192026789141,1.2335164149063018
0.6261335761405067,0.45593892313426637,1.114116601052091,1.480449022771315,1.593923216189333,-0.6509571799589724,-0.9827190722923503,-0.6497622305274807,-1.6264825870095976,-0.6340606814605939,1.684865452518453,-1.5945686020741379
-0.13713368449399954,0.5517777798245667,-1.3903604160370207,-1.458115929136813,0.9594627858223979,1.5860090741955721,0.60988942344114,1.269535435030616,-1.6264825870095976,-0.6340606814605939,-0.5935192026789141,-0.023410259307226837
-1.0276121552342568,1.128727130170357,-0.639017310910287,-0.2826899483735619,0.007772140271994877,-1.6096570031680628,0.9284111225878381,-0.3298792862677979,-1.6264825870095976,-0.6340606814605939,-0.5935192026789141,0.6050530777995375
-1.536456995657261,-1.5738446641858546,1.6150120044699134,-1.458115929136813,-0.30945807491147276,-0.011823964486245425,0.9284111225878381,0.3098866022515677,-1.6264825870095976,-0.6340606814605939,1.684865452518453,-0.023410259307226837
1.516612046880764,1.3796153266152902,1.114116601052091,1.480449022771315,0.9594627858223979,0.9468758587228451,-0.34567567399895416,-1.609411063306529,0.5941880018468845,-0.6340606814605939,1.684865452518453,0.29082140924615535
1.2621896266692618,-0.615769686476337,-0.3885696092013759,0.8927360323896893,0.6422325706389302,-1.2900903954316993,1.2469328217345361,1.589418379290299,1.2286653129487366,-0.6340606814605939,-0.5935192026789141,0.9192847463529197
1.2621896266692618,0.003689770573816036,-0.639017310910287,0.3050230420080638,0.007772140271994877,-1.2900903954316993,-1.6197624705857465,0.9496524907709334,1.5459039684996627,1.5771361152633603,1.684865452518453,1.2335164149063018
0.24449994582325357,0.8001330945351679,1.3645643027610024,1.480449022771315,-0.9439185052784081,0.6273092509864816,0.60988942344114,0.3098866022515677,1.2286653129487366,1.5771361152633603,-0.5935192026789141,0.29082140924615535
-1.282034575445759,-1.3360371078308846,1.6150120044699134,1.480449022771315,0.007772140271994877,-0.9705237876953359,-1.6197624705857465,-0.3298792862677979,-0.6747666203568196,-0.6340606814605939,1.684865452518453,-1.5945686020741379
-1.1548233653400077,-1.422987399469573,1.114116601052091,-0.8704029387551875,-1.2611487204618759,-0.011823964486245425,-1.6197624705857465,-0.6497622305274807,0.5941880018468845,1.5771361152633603,1.684865452518453,-0.9661052649673734
1.1349784165635108,-0.8067452406735953,1.6150120044699134,0.3050230420080638,1.593923216189333,-0.6509571799589724,-1.6197624705857465,-1.609411063306529,-1.6264825870095976,1.5771361152633603,-0.5935192026789141,0.9192847463529197
-0.2643448945997506,0.5690688684149173,-1.1399127143281094,-0.2826899483735619,-0.9439185052784081,1.5860090741955721,-0.34567567399895416,0.6297695465112505,-0.35752796480589355,1.5771361152633603,1.684865452518453,1.5477480834596842
-0.9004009451285058,-0.6855565922931411,1.6150120044699134,1.480449022771315,0.6422325706389302,-0.011823964486245425,-1.6197624705857465,-0.6497622305274807,0.9114266573978106,-0.6340606814605939,-0.5935192026789141,-0.6518735964139912
1.0077672064577599,0.17632904648547312,-1.1399127143281094,0.8927360323896893,1.593923216189333,-0.3313905722226089,-1.6197624705857465,1.269535435030616,-0.6747666203568196,-0.6340606814605939,1.684865452518453,-1.2803369335207555
1.643823256986515,0.16627849910919312,-0.3885696092013759,0.8927360323896893,-0.6266882900949404,0.9468758587228451,-1.6197624705857465,-0.009996342008115089,-0.9920052759077457,-0.6340606814605939,-0.5935192026789141,0.6050530777995375
-0.3915561047055016,0.30804113190531734,0.86366889934318,1.480449022771315,1.2766930010058655,-1.2900903954316993,-1.6197624705857465,0.9496524907709334,-0.040289309254967536,-0.6340606814605939,-0.5935192026789141,0.9192847463529197
-0.7731897350227547,0.2085103625826615,1.3645643027610024,1.480449022771315,1.593923216189333,-1.6096570031680628,0.60988942344114,-0.6497622305274807,-0.6747666203568196,-0.6340606814605939,-0.5935192026789141,-0.6518735964139912
-0.7731897350227547,-0.41233870714243515,0.3627734959253576,0.3050230420080638,-0.9439185052784081,-0.011823964486245425,0.29136772429444197,-0.3298792862677979,-1.3092439314586717,1.5771361152633603,1.684865452518453,-0.33764192786060904
-0.5187673148112526,0.5038757657779946,-1.3903604160370207,0.3050230420080638,0.3250023554554625,1.5860090741955721,-1.6197624705857465,1.589418379290299,-0.35752796480589355,-0.6340606814605939,-0.5935192026789141,1.2335164149063018
0.8805559963520088,-0.8985147224974613,0.86366889934318,-0.8704029387551875,0.3250023554554625,0.9468758587228451,-0.34567567399895416,-0.3298792862677979,-1.6264825870095976,-0.6340606814605939,-0.5935192026789141,1.2335164149063018
1.2621896266692618,-1.6267902710687743,0.3627734959253576,-1.458115929136813,0.9594627858223979,-0.011823964486245425,-1.3012407714390484,-1.2895281190468464,0.5941880018468845,-0.6340606814605939,-0.5935192026789141,1.5477480834596842
0.11728873571750253,-1.4696347694492036,1.114116601052091,1.480449022771315,1.593923216189333,0.9468758587228451,-1.6197624705857465,-0.009996342008115089,-1.6264825870095976,-0.6340606814605939,-0.5935192026789141,-0.9661052649673734
0.6261335761405067,0.6099944547727145,-0.3885696092013759,0.8927360323896893,-1.5783789356453435,-0.011823964486245425,0.60988942344114,-1.2895281190468464,0.2769493462959585,-0.6340606814605939,1.684865452518453,-0.023410259307226837
1.516612046880764,0.6761697887182682,0.6132211976342689,-1.458115929136813,-0.9439185052784081,-1.2900903954316993,-0.9827190722923503,-1.2895281190468464,0.9114266573978106,-0.6340606814605939,-0.5935192026789141,-1.5945686020741379
-0.2643448945997506,-1.6433007894997063,0.6132211976342689,-1.458115929136813,-1.5783789356453435,0.6273092509864816,-1.6197624705857465,1.589418379290299,1.2286653129487366,1.5771361152633603,-0.5935192026789141,0.9192847463529197
-1.6636682057630119,-0.14565179492642563,-0.3885696092013759,0.8927360323896893,1.2766930010058655,0.3077426432501181,1.2469328217345361,0.6297695465112505,1.2286653129487366,-0.6340606814605939,1.684865452518453,0.6050530777995375
-0.13713368449399954,-0.9709981800992682,-0.8894650126191982,-0.2826899483735619,-0.6266882900949404,0.3077426432501181,-0.027153974852256096,-0.3298792862677979,-1.3092439314586717,-0.6340606814605939,-0.5935192026789141,0.29082140924615535
-1.0276121552342568,-1.309621363738075,1.6150120044699134,0.3050230420080638,-0.30945807491147276,-0.9705237876953359,1.2469328217345361,-0.009996342008115089,1.5459039684996627,-0.6340606814605939,-0.5935192026789141,1.5477480834596842
-0.7731897350227547,1.5246696492420044,0.3627734959253576,1.480449022771315,-0.6266882900949404,-0.6509571799589724,-0.34567567399895416,-0.009996342008115089,-0.9920052759077457,-0.6340606814605939,1.684865452518453,-0.33764192786060904
-0.6459785249170037,-0.7093499649725236,-1.1399127143281094,-0.2826899483735619,-1.5783789356453435,1.2664424664592087,1.5654545208812343,-1.2895281190468464,1.5459039684996627,-0.6340606814605939,-0.5935192026789141,1.5477480834596842
0.6261335761405067,-0.72951857696525,1.3645643027610024,1.480449022771315,0.9594627858223979,1.2664424664592087,1.2469328217345361,0.6297695465112505,-0.040289309254967536,1.5771361152633603,-0.5935192026789141,1.2335164149063018
1.516612046880764,0.8381818921810342,-1.1399127143281094,-1.458115929136813,-1.5783789356453435,-1.6096570031680628,0.9284111225878381,-0.3298792862677979,-1.3092439314586717,-0.6340606814605939,1.684865452518453,-0.023410259307226837
1.3894008367750128,1.0426726857733404,-1.3903604160370207,0.3050230420080638,1.593923216189333,-0.9705237876953359,-0.6641973731456523,-0.009996342008115089,-0.040289309254967536,-0.6340606814605939,-0.5935192026789141,1.2335164149063018
-0.9004009451285058,0.7629102498248762,-1.6408081177459317,-0.8704029387551875,-0.9439185052784081,-0.9705237876953359,0.9284111225878381,-0.3298792862677979,-0.040289309254967536,-0.6340606814605939,1.684865452518453,-0.9661052649673734
0.49892236603475565,0.22049007650376462,0.11232579421644646,1.480449022771315,-0.6266882900949404,-0.9705237876953359,1.2469328217345361,1.269535435030616,1.2286653129487366,-0.6340606814605939,-0.5935192026789141,1.2335164149063018
1.3894008367750128,0.2689386325074058,0.6132211976342689,1.480449022771315,-1.5783789356453435,-0.6509571799589724,-0.34567567399895416,1.589418379290299,-1.6264825870095976,1.5771361152633603,-0.5935192026789141,1.5477480834596842
1.516612046880764,1.3560788157924633,-1.3903604160370207,0.3050230420080638,0.9594627858223979,1.5860090741955721,1.5654545208812343,-0.3298792862677979,1.2286653129487366,-0.6340606814605939,-0.5935192026789141,-0.6518735964139912
-0.2643448945997506,-1.4068111305019868,0.6132211976342689,-1.458115929136813,-1.5783789356453435,-0.9705237876953359,-0.9827190722923503,1.269535435030616,1.2286653129487366,-0.6340606814605939,1.684865452518453,0.6050530777995375
0.8805559963520088,-1.1040525735199038,1.6150120044699134,0.8927360323896893,-0.6266882900949404,-0.3313905722226089,0.60988942344114,-0.9696451747871635,1.2286653129487366,-0.6340606814605939,-0.5935192026789141,1.2335164149063018
-0.2643448945997506,0.4167361087203751,0.86366889934318,0.8927360323896893,0.007772140271994877,-0.6509571799589724,0.29136772429444197,1.269535435030616,1.5459039684996627,-0.6340606814605939,-0.5935192026789141,-1.2803369335207555
0.24449994582325357,-1.0149976229473756,0.11232579421644646,-1.458115929136813,-1.2611487204618759,-1.2900903954316993,0.29136772429444197,1.269535435030616,0.9114266573978106,-0.6340606814605939,-0.5935192026789141,1.2335164149063018
1.2621896266692618,-0.8999081842911033,1.3645643027610024,-1.458115929136813,1.593923216189333,1.2664424664592087,-0.9827190722923503,0.9496524907709334,1.2286653129487366,1.5771361152633603,-0.5935192026789141,-1.2803369335207555
1.3894008367750128,-1.585198723785709,0.3627734959253576,0.3050230420080638,0.007772140271994877,-0.3313905722226089,-1.3012407714390484,0.6297695465112505,-0.6747666203568196,-0.6340606814605939,1.684865452518453,-0.6518735964139912
-0.009922474388248505,-0.9370928125417489,1.6150120044699134,-0.8704029387551875,-1.5783789356453435,-0.6509571799589724,-1.3012407714390484,-0.3298792862677979,-1.3092439314586717,-0.6340606814605939,-0.5935192026789141,0.6050530777995375
0.24449994582325357,-1.6781809586031484,-0.1381219074924647,0.8927360323896893,0.9594627858223979,-0.9705237876953359,-1.6197624705857465,-0.6497622305274807,0.5941880018468845,-0.6340606814605939,1.684865452518453,0.6050530777995375
1.2621896266692618,0.4374697828104126,-1.3903604160370207,-0.8704029387551875,-1.2611487204618759,1.2664424664592087,-1.6197624705857465,1.269535435030616,0.2769493462959585,1.5771361152633603,1.684865452518453,-1.5945686020741379
1.516612046880764,-0.099284737734364,0.3627734959253576,0.8927360323896893,-1.5783789356453435,-0.9705237876953359,0.29136772429444197,-0.9696451747871635,-1.6264825870095976,-0.6340606814605939,-0.5935192026789141,0.9192847463529197
-0.6459785249170037,-0.05983891496611656,0.3627734959253576,0.3050230420080638,-1.2611487204618759,-0.3313905722226089,1.2469328217345361,-0.3298792862677979,0.2769493462959585,-0.6340606814605939,1.684865452518453,0.29082140924615535
0.6261335761405067,-0.15963710155415686,-1.1399127143281094,0.3050230420080638,0.3250023554554625,1.2664424664592087,1.2469328217345361,0.3098866022515677,-0.35752796480589355,-0.6340606814605939,-0.5935192026789141,-0.9661052649673734
-0.2643448945997506,-0.9548597085731644,-0.8894650126191982,1.480449022771315,0.3250023554554625,-1.2900903954316993,0.60988942344114,0.6297695465112505,0.9114266573978106,1.5771361152633603,1.684865452518453,0.9192847463529197
-0.6459785249170037,-1.5139645967493058,0.3627734959253576,-1.458115929136813,0.6422325706389302,0.6273092509864816,-0.9827190722923503,-0.009996342008115089,-1.3092439314586717,-0.6340606814605939,-0.5935192026789141,-0.6518735964139912
-0.009922474388248505,-1.1463975209626471,0.86366889934318,1.480449022771315,1.2766930010058655,1.2664424664592087,0.60988942344114,-1.609411063306529,1.2286653129487366,1.5771361152633603,-0.5935192026789141,-0.6518735964139912
0.7533447862462577,-1.52829104920158,1.6150120044699134,0.3050230420080638,0.6422325706389302,-0.3313905722226089,-1.3012407714390484,-1.2895281190468464,-1.3092439314586717,-0.6340606814605939,-0.5935192026789141,-0.6518735964139912
-1.0276121552342568,0.40634237613174323,-1.3903604160370207,-0.8704029387551875,-0.6266882900949404,-1.6096570031680628,-0.027153974852256096,0.9496524907709334,0.9114266573978106,-0.6340606814605939,-0.5935192026789141,-0.6518735964139912
0.11728873571750253,0.3488587932995624,1.114116601052091,-1.458115929136813,-0.30945807491147276,1.2664424664592087,1.2469328217345361,-0.3298792862677979,-0.9920052759077457,-0.6340606814605939,-0.5935192026789141,1.2335164149063018
0.24449994582325357,1.1432567488263332,-1.3903604160370207,-0.8704029387551875,-0.6266882900949404,-1.2900903954316993,-0.6641973731456523,-0.009996342008115089,-0.6747666203568196,-0.6340606814605939,-0.5935192026789141,0.29082140924615535
-0.2643448945997506,-1.3424850609180843,-0.8894650126191982,0.8927360323896893,0.9594627858223979,-0.3313905722226089,1.2469328217345361,0.3098866022515677,-1.3092439314586717,-0.6340606814605939,-0.5935192026789141,-0.9661052649673734
1.516612046880764,0.1254733563727008,-1.3903604160370207,-1.458115929136813,0.9594627858223979,0.3077426432501181,-1.6197624705857465,0.3098866022515677,-1.3092439314586717,-0.6340606814605939,-0.5935192026789141,-1.5945686020741379
0.49892236603475565,1.566699429645578,1.3645643027610024,0.8927360323896893,0.6422325706389302,1.2664424664592087,-0.027153974852256096,-1.609411063306529,-0.35752796480589355,-0.6340606814605939,-0.5935192026789141,-0.9661052649673734
1.2621896266692618,0.4755768676928059,-0.639017310910287,1.480449022771315,0.6422325706389302,1.2664424664592087,-0.34567567399895416,0.9496524907709334,-1.6264825870095976,-0.6340606814605939,-0.5935192026789141,-0.33764192786060904
-1.536456995657261,1.4045689488206343,-0.639017310910287,-1.458115929136813,0.3250023554554625,-0.9705237876953359,-0.34567567399895416,1.589418379290299,-0.040289309254967536,-0.6340606814605939,-0.5935192026789141,-1.2803369335207555
1.643823256986515,-0.6446897176855652,-0.3885696092013759,1.480449022771315,-1.5783789356453435,0.6273092509864816,-0.9827190722923503,-0.009996342008115089,-1.3092439314586717,-0.6340606814605939,-0.5935192026789141,-0.33764192786060904
1.643823256986515,-0.559431728816543,-0.1381219074924647,-0.8704029387551875,0.007772140271994877,0.3077426432501181,0.60988942344114,-1.2895281190468464,0.2769493462959585,1.5771361152633603,1.684865452518453,0.6050530777995375
-0.3915561047055016,-0.6542030143452353,0.11232579421644646,-1.458115929136813,1.2766930010058655,1.2664424664592087,0.60988942344114,-1.2895281190468464,1.5459039684996627,1.5771361152633603,-0.5935192026789141,0.29082140924615535
-1.40924578555151,-0.135406466132992,-0.639017310910287,-0.8704029387551875,1.2766930010058655,0.6273092509864816,1.5654545208812343,0.6297695465112505,-0.6747666203568196,-0.6340606814605939,-0.5935192026789141,-1.5945686020741379
1.3894008367750128,1.1821319887211503,1.6150120044699134,-0.2826899483735619,1.2766930010058655,0.6273092509864816,-1.6197624705857465,1.269535435030616,-0.9920052759077457,-0.6340606814605939,-0.5935192026789141,1.5477480834596842
-1.6636682057630119,-0.4904710321278033,-1.6408081177459317,-1.458115929136813,1.2766930010058655,-0.9705237876953359,-0.027153974852256096,0.9496524907709334,1.5459039684996627,-0.6340606814605939,-0.5935192026789141,-0.023410259307226837
-0.9004009451285058,-1.433392008129485,-0.639017310910287,1.480449022771315,-0.9439185052784081,1.2664424664592087,1.5654545208812343,-1.2895281190468464,-0.6747666203568196,-0.6340606814605939,-0.5935192026789141,-1.2803369335207555
0.49892236603475565,0.5532031774015246,-1.6408081177459317,0.3050230420080638,0.9594627858223979,-1.2900903954316993,-0.027153974852256096,-0.6497622305274807,0.5941880018468845,-0.6340606814605939,1.684865452518453,1.2335164149063018
1.0077672064577599,1.0498676168934935,-0.1381219074924647,0.8927360323896893,0.6422325706389302,-0.9705237876953359,0.29136772429444197,-0.009996342008115089,1.5459039684996627,-0.6340606814605939,-0.5935192026789141,-0.9661052649673734
1.0077672064577599,-0.8709706469157291,0.11232579421644646,-0.2826899483735619,0.007772140271994877,0.6273092509864816,1.2469328217345361,0.3098866022515677,1.2286653129487366,-0.6340606814605939,1.684865452518453,-1.5945686020741379
1.2621896266692618,-0.37180145717509133,-1.6408081177459317,0.8927360323896893,1.2766930010058655,-1.6096570031680628,-0.9827190722923503,-0.6497622305274807,1.2286653129487366,-0.6340606814605939,1.684865452518453,0.6050530777995375
0.7533447862462577,-0.4253861383667545,-1.1399127143281094,-0.2826899483735619,-0.9439185052784081,1.5860090741955721,-0.6641973731456523,0.9496524907709334,1.5459039684996627,-0.6340606814605939,-0.5935192026789141,-0.6518735964139912
-1.40924578555151,-0.4289537852313412,0.6132211976342689,-1.458115929136813,-0.9439185052784081,-0.9705237876953359,0.60988942344114,-1.2895281190468464,-0.9920052759077457,-0.6340606814605939,-0.5935192026789141,1.2335164149063018
0.3717111559290046,-0.2132751359162481,0.11232579421644646,-0.2826899483735619,0.3250023554554625,0.9468758587228451,-0.6641973731456523,1.589418379290299,1.2286653129487366,1.5771361152633603,-0.5935192026789141,-0.023410259307226837
-0.2643448945997506,-0.7094604480958946,0.11232579421644646,0.8927360323896893,-0.6266882900949404,0.6273092509864816,1.5654545208812343,-0.6497622305274807,0.2769493462959585,-0.6340606814605939,-0.5935192026789141,0.6050530777995375
0.3717111559290046,0.4539029796674789,-1.6408081177459317,-0.8704029387551875,1.593923216189333,-0.9705237876953359,-0.9827190722923503,-0.9696451747871635,0.9114266573978106,-0.6340606814605939,-0.5935192026789141,-0.33764192786060904
1.1349784165635108,0.7896984241994591,-1.3903604160370207,-1.458115929136813,-0.30945807491147276,0.6273092509864816,-0.34567567399895416,0.6297695465112505,0.2769493462959585,1.5771361152633603,-0.5935192026789141,-0.023410259307226837
-1.1548233653400077,1.1586482145719874,1.3645643027610024,1.480449022771315,-1.5783789356453435,-0.9705237876953359,-1.6197624705857465,-0.9696451747871635,1.5459039684996627,-0.6340606814605939,-0.5935192026789141,1.2335164149063018
-0.5187673148112526,-1.391868324620881,-1.1399127143281094,0.3050230420080638,0.007772140271994877,-0.3313905722226089,0.60988942344114,-0.009996342008115089,0.9114266573978106,-0.6340606814605939,1.684865452518453,0.9192847463529197
1.1349784165635108,0.24733895159419395,-0.3885696092013759,-0.8704029387551875,0.6422325706389302,0.9468758587228451,1.5654545208812343,-0.9696451747871635,0.2769493462959585,1.5771361152633603,-0.5935192026789141,0.6050530777995375
-1.282034575445759,1.0575931394496407,-1.3903604160370207,1.480449022771315,-0.6266882900949404,-0.9705237876953359,-1.6197624705857465,-1.609411063306529,1.5459039684996627,-0.6340606814605939,-0.5935192026789141,0.9192847463529197
1.3894008367750128,-1.4410588020822759,1.114116601052091,-0.2826899483735619,0.007772140271994877,0.9468758587228451,1.2469328217345361,0.6297695465112505,1.2286653129487366,-0.6340606814605939,-0.5935192026789141,-0.9661052649673734
0.8805559963520088,1.1049491565835476,-0.639017310910287,1.480449022771315,-0.9439185052784081,-1.2900903954316993,-0.6641973731456523,0.6297695465112505,-1.6264825870095976,-0.6340606814605939,-0.5935192026789141,0.6050530777995375
0.11728873571750253,-0.028026901602005935,0.86366889934318,-0.2826899483735619,-0.6266882900949404,0.3077426432501181,-0.34567567399895416,0.6297695465112505,0.9114266573978106,-0.6340606814605939,-0.5935192026789141,0.6050530777995375
0.3717111559290046,-0.07391012731482094,1.114116601052091,-0.8704029387551875,0.9594627858223979,1.5860090741955721,-1.3012407714390484,-0.6497622305274807,1.2286653129487366,1.5771361152633603,-0.5935192026789141,0.6050530777995375
1.3894008367750128,-1.4313897766688317,-1.1399127143281094,-0.2826899483735619,1.2766930010058655,0.6273092509864816,1.5654545208812343,0.9496524907709334,-0.6747666203568196,-0.6340606814605939,-0.5935192026789141,-0.023410259307226837
1.643823256986515,-1.6565238473426713,0.11232579421644646,0.3050230420080638,-0.6266882900949404,0.6273092509864816,0.29136772429444197,-0.009996342008115089,-1.6264825870095976,1.5771361152633603,-0.5935192026789141,-1.2803369335207555
1.516612046880764,0.08230569419866166,0.3627734959253576,-0.8704029387551875,-0.9439185052784081,1.2664424664592087,0.29136772429444197,0.9496524907709334,-0.35752796480589355,-0.6340606814605939,-0.5935192026789141,-0.9661052649673734
1.516612046880764,-0.8563095325376074,-0.3885696092013759,1.480449022771315,-0.9439185052784081,1.2664424664592087,0.29136772429444197,1.589418379290299,-0.9920052759077457,-0.6340606814605939,-0.5935192026789141,-1.5945686020741379
0.11728873571750253,-1.4763123239337814,-1.1399127143281094,1.480449022771315,-1.2611487204618759,0.9468758587228451,-0.6641973731456523,0.3098866022515677,0.5941880018468845,1.5771361152633603,1.684865452518453,-0.33764192786060904
1.0077672064577599,0.6232254497855051,1.6150120044699134,-1.458115929136813,-0.9439185052784081,0.3077426432501181,-1.6197624705857465,-0.009996342008115089,0.2769493462959585,-0.6340606814605939,1.684865452518453,-0.33764192786060904
-1.6636682057630119,1.2752909417605516,1.3645643027610024,1.480449022771315,-0.6266882900949404,-0.011823964486245425,0.29136772429444197,0.6297695465112505,-0.9920052759077457,-0.6340606814605939,-0.5935192026789141,1.2335164149063018
1.1349784165635108,0.020640463949720005,-0.8894650126191982,-0.8704029387551875,0.007772140271994877,0.3077426432501181,-0.6641973731456523,0.3098866022515677,-0.6747666203568196,-0.6340606814605939,-0.5935192026789141,0.6050530777995375
-1.6636682057630119,-0.7777028109030805,-0.8894650126191982,-0.8704029387551875,-1.5783789356453435,0.9468758587228451,0.9284111225878381,-0.3298792862677979,-1.6264825870095976,-0.6340606814605939,-0.5935192026789141,-1.2803369335207555
1.2621896266692618,-0.39909041751350244,0.6132211976342689,0.8927360323896893,0.007772140271994877,0.9468758587228451,0.60988942344114,-0.9696451747871635,1.5459039684996627,1.5771361152633603,-0.5935192026789141,-1.5945686020741379
-0.2643448945997506,0.29013202386321096,-1.6408081177459317,-0.2826899483735619,1.2766930010058655,-0.6509571799589724,0.9284111225878381,-1.2895281190468464,-0.35752796480589355,1.5771361152633603,1.684865452518453,-0.6518735964139912
-1.0276121552342568,0.3498140306895884,1.3645643027610024,0.3050230420080638,0.6422325706389302,0.6273092509864816,0.9284111225878381,0.9496524907709334,-1.3092439314586717,-0.6340606814605939,-0.5935192026789141,1.2335164149063018
-1.6636682057630119,1.2489064588253134,1.3645643027610024,-0.8704029387551875,-0.9439185052784081,1.5860090741955721,-1.6197624705857465,0.3098866022515677,0.2769493462959585,-0.6340606814605939,-0.5935192026789141,-1.2803369335207555
1.2621896266692618,-1.5669084872916794,0.6132211976342689,-1.458115929136813,-0.6266882900949404,-0.3313905722226089,-1.6197624705857465,-0.009996342008115089,0.9114266573978106,-0.6340606814605939,-0.5935192026789141,0.6050530777995375
-1.40924578555151,-1.652593824124328,-1.6408081177459317,1.480449022771315,-1.5783789356453435,-1.6096570031680628,-1.3012407714390484,-0.9696451747871635,-1.6264825870095976,-0.6340606814605939,-0.5935192026789141,-0.33764192786060904
0.6261335761405067,0.009924729014043187,0.6132211976342689,0.3050230420080638,0.3250023554554625,0.9468758587228451,-1.6197624705857465,1.589418379290299,-0.6747666203568196,-0.6340606814605939,1.684865452518453,1.2335164149063018
-0.7731897350227547,-1.6786850396073636,0.3627734959253576,0.3050230420080638,-0.6266882900949404,-0.9705237876953359,-0.027153974852256096,0.3098866022515677,-0.040289309254967536,1.5771361152633603,-0.5935192026789141,-0.023410259307226837
-1.40924578555151,0.9899388130176332,1.3645643027610024,0.3050230420080638,-1.2611487204618759,0.9468758587228451,-0.027153974852256096,0.6297695465112505,-1.6264825870095976,1.5771361152633603,1.684865452518453,-0.6518735964139912
0.8805559963520088,-0.7369942859890225,-0.3885696092013759,0.3050230420080638,1.2766930010058655,0.9468758587228451,-0.027153974852256096,-1.2895281190468464,0.2769493462959585,1.5771361152633603,1.684865452518453,-0.023410259307226837
-1.40924578555151,-0.1252890942527418,0.11232579421644646,0.8927360323896893,-0.6266882900949404,-0.011823964486245425,-0.34567567399895416,-0.6497622305274807,0.2769493462959585,-0.6340606814605939,-0.5935192026789141,-1.5945686020741379
0.11728873571750253,1.4431708409218227,1.6150120044699134,-0.2826899483735619,0.007772140271994877,-0.3313905722226089,-1.3012407714390484,-1.609411063306529,1.5459039684996627,-0.6340606814605939,-0.5935192026789141,0.6050530777995375
-0.13713368449399954,-0.7649388562825282,0.3627734959253576,-0.2826899483735619,-1.5783789356453435,1.5860090741955721,1.2469328217345361,0.3098866022515677,0.9114266573978106,1.5771361152633603,-0.5935192026789141,1.2335164149063018
-0.009922474388248505,1.6891060952026586,-1.1399127143281094,1.480449022771315,-0.6266882900949404,1.2664424664592087,-1.6197624705857465,-0.3298792862677979,0.9114266573978106,1.5771361152633603,1.684865452518453,-1.5945686020741379
-1.6636682057630119,-0.49281328187981777,1.3645643027610024,-0.8704029387551875,-1.2611487204618759,-0.6509571799589724,-0.34567567399895416,0.9496524907709334,-0.6747666203568196,-0.6340606814605939,-0.5935192026789141,0.9192847463529197
-0.5187673148112526,-0.6592904666076398,1.3645643027610024,1.480449022771315,-0.30945807491147276,-1.2900903954316993,-1.6197624705857465,0.6297695465112505,0.2769493462959585,1.5771361152633603,-0.5935192026789141,-1.2803369335207555
-0.009922474388248505,-1.049006382387279,-0.639017310910287,0.8927360323896893,-0.9439185052784081,-0.9705237876953359,-0.9827190722923503,-1.609411063306529,0.2769493462959585,1.5771361152633603,-0.5935192026789141,1.2335164149063018
-0.6459785249170037,1.628257759297985,0.11232579421644646,0.3050230420080638,-1.2611487204618759,1.2664424664592087,-0.9827190722923503,0.6297695465112505,-0.9920052759077457,-0.6340606814605939,-0.5935192026789141,1.2335164149063018
-0.9004009451285058,-1.7170821964334446,0.6132211976342689,1.480449022771315,0.007772140271994877,-0.011823964486245425,-0.9827190722923503,-0.9696451747871635,-1.3092439314586717,-0.6340606814605939,-0.5935192026789141,1.2335164149063018
1.3894008367750128,-0.7227554179845976,-1.6408081177459317,1.480449022771315,-0.9439185052784081,-0.9705237876953359,1.5654545208812343,0.3098866022515677,-0.9920052759077457,1.5771361152633603,-0.5935192026789141,-0.6518735964139912
0.49892236603475565,-0.3048310373824646,-0.8894650126191982,-0.8704029387551875,0.9594627858223979,-0.6509571799589724,-1.3012407714390484,1.589418379290299,-0.35752796480589355,-0.6340606814605939,-0.5935192026789141,1.5477480834596842
1.516612046880764,0.46721186640108947,1.6150120044699134,1.480449022771315,-0.6266882900949404,-1.6096570031680628,1.2469328217345361,0.3098866022515677,-0.35752796480589355,-0.6340606814605939,-0.5935192026789141,1.2335164149063018
0.6261335761405067,-1.5500351940751338,0.11232579421644646,0.8927360323896893,0.6422325706389302,-1.6096570031680628,0.60988942344114,-0.3298792862677979,-0.9920052759077457,-0.6340606814605939,-0.5935192026789141,0.6050530777995375
0.6261335761405067,1.2844109526995005,0.6132211976342689,0.3050230420080638,0.9594627858223979,1.2664424664592087,0.29136772429444197,-0.3298792862677979,0.2769493462959585,-0.6340606814605939,-0.5935192026789141,-1.5945686020741379
-1.40924578555151,0.48534167189931665,1.3645643027610024,0.3050230420080638,1.2766930010058655,-1.2900903954316993,-0.027153974852256096,1.589418379290299,-0.9920052759077457,-0.6340606814605939,-0.5935192026789141,-0.9661052649673734
0.6261335761405067,-0.8747968483242932,1.6150120044699134,0.3050230420080638,-1.5783789356453435,0.3077426432501181,1.5654545208812343,1.269535435030616,-0.040289309254967536,-0.6340606814605939,-0.5935192026789141,1.2335164149063018
-1.6636682057630119,0.1405638396685323,0.6132211976342689,0.8927360323896893,1.593923216189333,1.5860090741955721,-1.6197624705857465,1.269535435030616,1.2286653129487366,-0.6340606814605939,1.684865452518453,-0.33764192786060904
1.1349784165635108,1.4817022621732974,0.6132211976342689,-0.2826899483735619,0.007772140271994877,-0.9705237876953359,1.2469328217345361,0.6297695465112505,1.5459039684996627,-0.6340606814605939,-0.5935192026789141,-0.6518735964139912
-1.40924578555151,-0.008544581820151742,-1.3903604160370207,-0.8704029387551875,1.2766930010058655,0.6273092509864816,1.2469328217345361,1.589418379290299,0.2769493462959585,-0.6340606814605939,-0.5935192026789141,1.5477480834596842
1.2621896266692618,0.9601952858742406,0.11232579421644646,0.3050230420080638,0.3250023554554625,-1.6096570031680628,-0.34567567399895416,1.269535435030616,1.5459039684996627,1.5771361152633603,-0.5935192026789141,0.9192847463529197
-0.6459785249170037,-0.3575871154848553,-1.6408081177459317,0.8927360323896893,-0.30945807491147276,-0.6509571799589724,1.5654545208812343,-0.9696451747871635,-1.6264825870095976,1.5771361152633603,-0.5935192026789141,-0.6518735964139912
-1.536456995657261,0.6047799736165215,-1.3903604160370207,1.480449022771315,1.2766930010058655,0.6273092509864816,0.9284111225878381,0.3098866022515677,-0.35752796480589355,-0.6340606814605939,-0.5935192026789141,0.9192847463529197
0.49892236603475565,0.8806906213002718,0.86366889934318,-0.8704029387551875,-0.6266882900949404,-1.6096570031680628,1.2469328217345361,1.589418379290299,-0.040289309254967536,-0.6340606814605939,1.684865452518453,-1.2803369335207555
-0.13713368449399954,0.7651377638075193,0.3627734959253576,0.3050230420080638,-1.2611487204618759,-1.2900903954316993,-1.6197624705857465,0.6297695465112505,-0.9920052759077457,-0.6340606814605939,-0.5935192026789141,-0.9661052649673734
1.516612046880764,-0.4775512925768066,0.11232579421644646,0.3050230420080638,-0.30945807491147276,-1.2900903954316993,-0.6641973731456523,-0.9696451747871635,-0.6747666203568196,-0.6340606814605939,-0.5935192026789141,1.5477480834596842
1.0077672064577599,-1.5700272911616868,-0.639017310910287,0.3050230420080638,-0.30945807491147276,1.5860090741955721,-0.6641973731456523,-0.9696451747871635,-1.3092439314586717,-0.6340606814605939,-0.5935192026789141,-0.33764192786060904
-1.6636682057630119,0.398655411864473,1.6150120044699134,-1.458115929136813,1.2766930010058655,1.5860090741955721,1.5654545208812343,-0.009996342008115089,0.9114266573978106,-0.6340606814605939,-0.5935192026789141,-0.023410259307226837
-0.6459785249170037,-0.41094522014692253,1.6150120044699134,-0.8704029387551875,-0.9439185052784081,1.2664424664592087,1.2469328217345361,1.269535435030616,-0.35752796480589355,-0.6340606814605939,1.684865452518453,-0.33764192786060904
-0.2643448945997506,0.34576608409693704,-0.1381219074924647,0.3050230420080638,-0.9439185052784081,-0.6509571799589724,0.29136772429444197,1.269535435030616,-1.3092439314586717,1.5771361152633603,-0.5935192026789141,0.6050530777995375
-1.0276121552342568,-0.6911802615971615,-1.1399127143281094,0.3050230420080638,1.593923216189333,0.6273092509864816,1.2469328217345361,-0.9696451747871635,-0.040289309254967536,-0.6340606814605939,-0.5935192026789141,-1.5945686020741379
1.3894008367750128,-0.12269170799040131,-0.639017310910287,-0.8704029387551875,0.6422325706389302,-0.6509571799589724,-1.6197624705857465,0.9496524907709334,-1.3092439314586717,-0.6340606814605939,-0.5935192026789141,1.5477480834596842
0.8805559963520088,-1.42259049120516,1.6150120044699134,0.8927360323896893,-0.30945807491147276,1.2664424664592087,-1.6197624705857465,1.589418379290299,0.2769493462959585,1.5771361152633603,-0.5935192026789141,0.29082140924615535
-0.7731897350227547,-1.0246368244569781,1.114116601052091,0.3050230420080638,-1.2611487204618759,-1.6096570031680628,1.2469328217345361,-0.9696451747871635,-0.9920052759077457,-0.6340606814605939,-0.5935192026789141,1.5477480834596842
1.643823256986515,-0.10637402484224881,0.3627734959253576,1.480449022771315,-1.5783789356453435,0.9468758587228451,-0.027153974852256096,-0.6497622305274807,1.5459039684996627,1.5771361152633603,1.684865452518453,-0.33764192786060904
-0.7731897350227547,-0.9720411786650383,1.6150120044699134,-1.458115929136813,-0.9439185052784081,-0.3313905722226089,1.2469328217345361,0.3098866022515677,-0.9920052759077457,1.5771361152633603,1.684865452518453,1.5477480834596842
-1.0276121552342568,-1.1655805316092391,0.11232579421644646,0.8927360323896893,-0.9439185052784081,0.3077426432501181,1.2469328217345361,1.589418379290299,0.5941880018468845,1.5771361152633603,-0.5935192026789141,-0.023410259307226837
0.24449994582325357,0.20948116257564273,1.6150120044699134,1.480449022771315,1.593923216189333,1.2664424664592087,0.60988942344114,-0.9696451747871635,-0.35752796480589355,-0.6340606814605939,-0.5935192026789141,-0.33764192786060904
0.8805559963520088,1.2934796312136554,0.3627734959253576,1.480449022771315,1.593923216189333,0.6273092509864816,0.60988942344114,-0.6497622305274807,-1.6264825870095976,-0.6340606814605939,-0.5935192026789141,-1.5945686020741379
1.516612046880764,0.1906939735198038,-1.1399127143281094,1.480449022771315,0.007772140271994877,-0.9705237876953359,-0.027153974852256096,1.589418379290299,-0.040289309254967536,-0.6340606814605939,-0.5935192026789141,0.9192847463529197
1.1349784165635108,-1.4008898707454651,-0.3885696092013759,-1.458115929136813,1.2766930010058655,1.2664424664592087,-1.6197624705857465,0.6297695465112505,0.9114266573978106,-0.6340606814605939,1.684865452518453,-0.6518735964139912
0.11728873571750253,-1.2585348333997959,-0.3885696092013759,0.8927360323896893,-1.2611487204618759,-0.6509571799589724,0.9284111225878381,1.589418379290299,-0.040289309254967536,-0.6340606814605939,-0.5935192026789141,-0.6518735964139912
-0.3915561047055016,-0.09575605900440765,0.3627734959253576,-0.2826899483735619,0.007772140271994877,-1.2900903954316993,-0.9827190722923503,-0.3298792862677979,-1.6264825870095976,-0.6340606814605939,-0.5935192026789141,0.29082140924615535
-0.9004009451285058,-1.373370555397588,-1.1399127143281094,0.3050230420080638,1.2766930010058655,-0.6509571799589724,0.29136772429444197,-0.009996342008115089,1.5459039684996627,-0.6340606814605939,-0.5935192026789141,-1.2803369335207555
1.2621896266692618,-1.4878814685066948,-0.639017310910287,0.8927360323896893,0.6422325706389302,-1.2900903954316993,1.2469328217345361,1.589418379290299,0.9114266573978106,-0.6340606814605939,1.684865452518453,0.29082140924615535
-1.282034575445759,0.3325683641762908,1.114116601052091,-0.2826899483735619,0.9594627858223979,0.3077426432501181,0.29136772429444197,-1.2895281190468464,1.2286653129487366,-0.6340606814605939,-0.5935192026789141,-0.9661052649673734
-0.7731897350227547,-1.4884488402234233,-1.3903604160370207,-0.2826899483735619,0.007772140271994877,1.2664424664592087,1.5654545208812343,-1.2895281190468464,-1.6264825870095976,-0.6340606814605939,-0.5935192026789141,-0.9661052649673734
-1.40924578555151,1.574076508415793,1.3645643027610024,0.8927360323896893,-0.9439185052784081,1.2664424664592087,-0.027153974852256096,-1.2895281190468464,-0.040289309254967536,1.5771361152633603,-0.5935192026789141,0.6050530777995375
-0.6459785249170037,-1.3739755062732553,-0.639017310910287,-0.8704029387551875,-0.6266882900949404,0.9468758587228451,-0.34567567399895416,-0.3298792862677979,0.9114266573978106,-0.6340606814605939,-0.5935192026789141,-0.9661052649673734
-0.9004009451285058,-1.558750143613684,-0.3885696092013759,0.8927360323896893,-0.9439185052784081,0.6273092509864816,1.5654545208812343,-0.6497622305274807,0.5941880018468845,1.5771361152633603,1.684865452518453,0.29082140924615535
0.49892236603475565,1.2737742179774032,-0.1381219074924647,1.480449022771315,-0.6266882900949404,1.5860090741955721,-0.9827190722923503,-0.9696451747871635,1.5459039684996627,1.5771361152633603,-0.5935192026789141,-0.023410259307226837
-0.6459785249170037,1.1188351932943787,0.3627734959253576,0.3050230420080638,0.6422325706389302,0.6273092509864816,1.2469328217345361,-1.609411063306529,0.5941880018468845,-0.6340606814605939,-0.5935192026789141,-0.6518735964139912
-0.7731897350227547,1.729818352913264,-0.639017310910287,1.480449022771315,0.007772140271994877,0.6273092509864816,-0.9827190722923503,-0.009996342008115089,-1.6264825870095976,-0.6340606814605939,-0.5935192026789141,-0.33764192786060904
1.2621896266692618,1.6687735163710449,-1.3903604160370207,-1.458115929136813,0.007772140271994877,1.2664424664592087,-0.6641973731456523,-1.2895281190468464,-0.9920052759077457,1.5771361152633603,1.684865452518453,0.29082140924615535
1.3894008367750128,0.08853060262613653,-0.639017310910287,-1.458115929136813,0.007772140271994877,-0.3313905722226089,-0.9827190722923503,1.589418379290299,-0.040289309254967536,1.5771361152633603,-0.5935192026789141,-0.9661052649673734
1.1349784165635108,0.8220034314073718,1.114116601052091,0.8927360323896893,-0.9439185052784081,-1.6096570031680628,1.2469328217345361,1.269535435030616,0.5941880018468845,-0.6340606814605939,-0.5935192026789141,0.29082140924615535
-0.13713368449399954,-1.0799368245699288,0.6132211976342689,0.3050230420080638,-0.30945807491147276,1.5860090741955721,0.9284111225878381,0.3098866022515677,-0.040289309254967536,-0.6340606814605939,-0.5935192026789141,-1.2803369335207555
-0.5187673148112526,-1.0624627733430523,1.6150120044699134,0.3050230420080638,-0.30945807491147276,1.2664424664592087,-0.9827190722923503,-0.9696451747871635,0.5941880018468845,-0.6340606814605939,-0.5935192026789141,-0.9661052649673734
-1.40924578555151,-1.2782298976890762,1.114116601052091,1.480449022771315,0.9594627858223979,0.9468758587228451,1.5654545208812343,0.9496524907709334,-1.6264825870095976,1.5771361152633603,-0.5935192026789141,-1.5945686020741379
-0.9004009451285058,0.5852842429461531,-0.3885696092013759,0.8927360323896893,1.2766930010058655,0.3077426432501181,-0.9827190722923503,-0.3298792862677979,1.5459039684996627,-0.6340606814605939,-0.5935192026789141,-0.6518735964139912
0.49892236603475565,1.1954799263122842,-1.3903604160370207,-0.8704029387551875,0.6422325706389302,1.2664424664592087,0.29136772429444197,1.269535435030616,-1.6264825870095976,1.5771361152633603,1.684865452518453,-0.33764192786060904
1.2621896266692618,1.2394743846656855,0.6132211976342689,0.3050230420080638,0.3250023554554625,1.2664424664592087,0.9284111225878381,0.3098866022515677,0.5941880018468845,-0.6340606814605939,1.684865452518453,0.6050530777995375
-1.536456995657261,-1.1706332397405113,-1.1399127143281094,0.8927360323896893,0.007772140271994877,-1.2900903954316993,0.29136772429444197,1.589418379290299,-0.35752796480589355,-0.6340606814605939,-0.5935192026789141,1.5477480834596842
1.2621896266692618,0.6056435245640047,-0.3885696092013759,-0.2826899483735619,-1.5783789356453435,-0.9705237876953359,-0.6641973731456523,-1.2895281190468464,1.5459039684996627,-0.6340606814605939,1.684865452518453,1.2335164149063018
-0.9004009451285058,1.0391277496782254,0.86366889934318,-1.458115929136813,0.6422325706389302,-0.3313905722226089,1.5654545208812343,0.9496524907709334,-1.3092439314586717,-0.6340606814605939,-0.5935192026789141,-0.6518735964139912
0.8805559963520088,1.2669292714118192,-1.1399127143281094,1.480449022771315,-1.2611487204618759,0.9468758587228451,1.5654545208812343,-0.9696451747871635,-1.6264825870095976,-0.6340606814605939,-0.5935192026789141,-0.023410259307226837
1.1349784165635108,0.9744613131998744,-1.1399127143281094,-1.458115929136813,-1.5783789356453435,-0.011823964486245425,-0.027153974852256096,1.269535435030616,0.2769493462959585,1.5771361152633603,-0.5935192026789141,-1.2803369335207555
-0.5187673148112526,-1.033241191180523,-0.8894650126191982,1.480449022771315,0.6422325706389302,-0.9705237876953359,0.29136772429444197,-1.609411063306529,1.2286653129487366,1.5771361152633603,-0.5935192026789141,-0.33764192786060904
1.1349784165635108,-1.3521077673076531,1.114116601052091,-0.8704029387551875,-0.9439185052784081,0.9468758587228451,1.5654545208812343,-0.3298792862677979,-1.6264825870095976,1.5771361152633603,-0.5935192026789141,0.6050530777995375
-0.3915561047055016,-1.5030914377469962,-0.8894650126191982,-1.458115929136813,0.9594627858223979,-0.6509571799589724,-0.027153974852256096,0.6297695465112505,-1.6264825870095976,-0.6340606814605939,-0.5935192026789141,-1.2803369335207555
-0.7731897350227547,1.571632706768962,1.3645643027610024,0.3050230420080638,-0.6266882900949404,-0.6509571799589724,-1.6197624705857465,0.6297695465112505,-1.6264825870095976,-0.6340606814605939,-0.5935192026789141,-1.5945686020741379
-0.5187673148112526,0.28141550401859466,-0.8894650126191982,0.3050230420080638,-1.2611487204618759,0.9468758587228451,0.60988942344114,0.6297695465112505,0.5941880018468845,-0.6340606814605939,-0.5935192026789141,0.6050530777995375
-1.536456995657261,-1.096489722759863,1.114116601052091,0.3050230420080638,-1.5783789356453435,-0.6509571799589724,-0.34567567399895416,-0.009996342008115089,0.5941880018468845,1.5771361152633603,-0.5935192026789141,-0.6518735964139912
0.24449994582325357,-0.7667142466885781,-0.8894650126191982,-0.8704029387551875,0.9594627858223979,-0.011823964486245425,0.29136772429444197,-0.009996342008115089,1.5459039684996627,-0.6340606814605939,-0.5935192026789141,-0.6518735964139912
1.0077672064577599,1.6179331931595757,0.6132211976342689,1.480449022771315,-0.6266882900949404,-0.3313905722226089,-0.6641973731456523,0.9496524907709334,1.5459039684996627,-0.6340606814605939,1.684865452518453,-0.33764192786060904
-0.3915561047055016,1.097847054447283,-0.639017310910287,-0.2826899483735619,-1.5783789356453435,-0.9705237876953359,-1.6197624705857465,1.589418379290299,-0.6747666203568196,-0.6340606814605939,-0.5935192026789141,0.6050530777995375
-1.40924578555151,-1.5232349137774206,-1.6408081177459317,-0.2826899483735619,-0.9439185052784081,-1.2900903954316993,-1.6197624705857465,-1.2895281190468464,-0.35752796480589355,1.5771361152633603,-0.5935192026789141,1.2335164149063018
1.0077672064577599,1.1860392074447306,1.6150120044699134,-1.458115929136813,0.6422325706389302,-0.9705237876953359,0.9284111225878381,-0.6497622305274807,-1.6264825870095976,1.5771361152633603,-0.5935192026789141,1.2335164149063018
-0.7731897350227547,-0.9345678030252621,-0.3885696092013759,-0.8704029387551875,1.593923216189333,0.9468758587228451,-0.027153974852256096,0.3098866022515677,0.9114266573978106,1.5771361152633603,-0.5935192026789141,-0.33764192786060904
-1.40924578555151,0.7966809965480572,0.11232579421644646,0.8927360323896893,0.9594627858223979,0.9468758587228451,0.29136772429444197,-1.609411063306529,1.2286653129487366,-0.6340606814605939,-0.5935192026789141,1.5477480834596842
0.49892236603475565,0.8585877927859651,0.11232579421644646,-0.2826899483735619,-1.2611487204618759,0.6273092509864816,1.2469328217345361,-1.609411063306529,-0.9920052759077457,-0.6340606814605939,1.684865452518453,1.5477480834596842
0.6261335761405067,1.0473728585299484,-1.6408081177459317,-0.8704029387551875,0.6422325706389302,1.5860090741955721,1.5654545208812343,-1.2895281190468464,1.5459039684996627,1.5771361152633603,-0.5935192026789141,-0.6518735964139912
-0.13713368449399954,0.26494439729185987,-0.1381219074924647,0.8927360323896893,1.593923216189333,-0.9705237876953359,0.60988942344114,1.589418379290299,-0.6747666203568196,1.5771361152633603,-0.5935192026789141,0.9192847463529197
-1.282034575445759,-1.5998824543793626,-1.3903604160370207,-0.2826899483735619,-0.6266882900949404,0.9468758587228451,-1.3012407714390484,-0.9696451747871635,-1.3092439314586717,-0.6340606814605939,-0.5935192026789141,0.6050530777995375
-1.282034575445759,-0.03199932762602198,-0.3885696092013759,0.8927360323896893,-0.30945807491147276,-0.9705237876953359,1.2469328217345361,0.9496524907709334,0.5941880018468845,1.5771361152633603,-0.5935192026789141,-0.9661052649673734
-1.282034575445759,1.718801257900505,-1.6408081177459317,-0.8704029387551875,1.593923216189333,0.3077426432501181,-0.34567567399895416,0.6297695465112505,-1.3092439314586717,1.5771361152633603,-0.5935192026789141,1.5477480834596842
-0.3915561047055016,1.482854856673652,-1.1399127143281094,-1.458115929136813,1.2766930010058655,-1.6096570031680628,0.60988942344114,0.6297695465112505,0.5941880018468845,1.5771361152633603,-0.5935192026789141,-0.9661052649673734
1.516612046880764,0.831387318438323,-1.1399127143281094,-0.8704029387551875,-0.6266882900949404,-0.9705237876953359,-0.6641973731456523,0.6297695465112505,1.5459039684996627,-0.6340606814605939,-0.5935192026789141,-0.9661052649673734
-0.2643448945997506,-0.9861225045285671,-1.6408081177459317,-0.2826899483735619,0.9594627858223979,-0.9705237876953359,-0.9827190722923503,0.3098866022515677,0.9114266573978106,-0.6340606814605939,-0.5935192026789141,0.9192847463529197
-0.009922474388248505,0.22295504630274923,-0.639017310910287,-0.8704029387551875,0.007772140271994877,-0.011823964486245425,1.5654545208812343,-1.609411063306529,0.2769493462959585,1.5771361152633603,-0.5935192026789141,-1.5945686020741379
-0.009922474388248505,-0.24486792611734565,-0.639017310910287,0.3050230420080638,0.9594627858223979,-0.3313905722226089,-0.6641973731456523,1.589418379290299,0.5941880018468845,-0.6340606814605939,-0.5935192026789141,-0.33764192786060904
-1.1548233653400077,0.7655852653236443,0.6132211976342689,1.480449022771315,1.593923216189333,-1.6096570031680628,-0.34567567399895416,1.269535435030616,0.2769493462959585,-0.6340606814605939,-0.5935192026789141,-0.6518735964139912
-1.40924578555151,-0.895864405591442,0.11232579421644646,0.3050230420080638,1.2766930010058655,-0.6509571799589724,-0.027153974852256096,0.3098866022515677,-1.3092439314586717,-0.6340606814605939,-0.5935192026789141,1.5477480834596842
0.8805559963520088,-1.5846502929188178,-0.8894650126191982,-1.458115929136813,0.6422325706389302,-1.6096570031680628,1.2469328217345361,-0.3298792862677979,1.2286653129487366,-0.6340606814605939,1.684865452518453,-0.33764192786060904
1.0077672064577599,1.6751477341667498,1.114116601052091,0.8927360323896893,0.007772140271994877,1.5860090741955721,1.2469328217345361,-0.9696451747871635,-0.040289309254967536,1.5771361152633603,-0.5935192026789141,-0.023410259307226837
-0.13713368449399954,0.9893340950765797,0.6132211976342689,0.8927360323896893,0.3250023554554625,-0.9705237876953359,0.60988942344114,0.6297695465112505,0.9114266573978106,-0.6340606814605939,-0.5935192026789141,1.5477480834596842
1.516612046880764,-1.67044454894428,0.6132211976342689,-0.2826899483735619,-1.5783789356453435,1.2664424664592087,1.2469328217345361,0.6297695465112505,-1.6264825870095976,-0.6340606814605939,-0.5935192026789141,-0.6518735964139912
-0.3915561047055016,1.723408149082702,-1.1399127143281094,1.480449022771315,0.007772140271994877,0.6273092509864816,-1.6197624705857465,-0.6497622305274807,-0.35752796480589355,-0.6340606814605939,-0.5935192026789141,0.6050530777995375
-0.009922474388248505,1.1400851301861943,-1.1399127143281094,0.3050230420080638,0.6422325706389302,0.9468758587228451,-1.3012407714390484,0.9496524907709334,0.5941880018468845,1.5771361152633603,-0.5935192026789141,0.6050530777995375
-0.2643448945997506,-1.6484766415542655,-1.3903604160370207,-1.458115929136813,-0.9439185052784081,-0.6509571799589724,-1.3012407714390484,0.9496524907709334,0.2769493462959585,-0.6340606814605939,1.684865452518453,1.2335164149063018
0.11728873571750253,-0.9677753618735708,1.3645643027610024,0.3050230420080638,0.6422325706389302,0.3077426432501181,-0.9827190722923503,0.3098866022515677,-1.3092439314586717,-0.6340606814605939,-0.5935192026789141,-0.023410259307226837
-0.9004009451285058,1.5461381845092907,1.114116601052091,-1.458115929136813,0.3250023554554625,-0.9705237876953359,0.29136772429444197,0.9496524907709334,0.5941880018468845,1.5771361152633603,-0.5935192026789141,0.9192847463529197
1.0077672064577599,-0.6481443197208009,1.114116601052091,-1.458115929136813,0.9594627858223979,-0.6509571799589724,1.5654545208812343,1.269535435030616,-0.6747666203568196,-0.6340606814605939,-0.5935192026789141,-1.2803369335207555
0.6261335761405067,1.3029950999933342,1.114116601052091,1.480449022771315,0.007772140271994877,-1.6096570031680628,-0.027153974852256096,0.3098866022515677,0.9114266573978106,-0.6340606814605939,-0.5935192026789141,-1.5945686020741379
-0.6459785249170037,-1.1470856086304437,-0.3885696092013759,-0.8704029387551875,1.593923216189333,0.6273092509864816,-0.9827190722923503,1.269535435030616,-0.040289309254967536,-0.6340606814605939,-0.5935192026789141,-0.023410259307226837
1.516612046880764,1.2771504105889142,-0.3885696092013759,-0.8704029387551875,0.9594627858223979,-0.3313905722226089,1.2469328217345361,-0.3298792862677979,1.5459039684996627,-0.6340606814605939,-0.5935192026789141,0.29082140924615535
-0.7731897350227547,-0.1709366767133402,0.6132211976342689,-0.2826899483735619,1.2766930010058655,0.9468758587228451,1.2469328217345361,1.269535435030616,-1.6264825870095976,-0.6340606814605939,-0.5935192026789141,0.6050530777995375
0.7533447862462577,-0.0991565051487663,-0.8894650126191982,-0.2826899483735619,0.9594627858223979,-0.6509571799589724,-0.34567567399895416,1.269535435030616,0.2769493462959585,-0.6340606814605939,1.684865452518453,0.6050530777995375
-1.282034575445759,-1.6209371828497152,-1.6408081177459317,-0.2826899483735619,1.2766930010058655,-0.011823964486245425,-1.6197624705857465,0.3098866022515677,0.5941880018468845,1.5771361152633603,-0.5935192026789141,0.6050530777995375
0.3717111559290046,1.5084451847794091,-0.1381219074924647,-1.458115929136813,0.3250023554554625,-0.3313905722226089,1.2469328217345361,0.6297695465112505,1.2286653129487366,-0.6340606814605939,1.684865452518453,0.9192847463529197
1.1349784165635108,-1.3668073540295185,1.3645643027610024,1.480449022771315,-0.9439185052784081,0.3077426432501181,-0.6641973731456523,0.3098866022515677,1.2286653129487366,-0.6340606814605939,-0.5935192026789141,-1.5945686020741379
1.3894008367750128,1.3764046691727079,0.11232579421644646,-1.458115929136813,-0.9439185052784081,-0.9705237876953359,-0.34567567399895416,1.269535435030616,1.5459039684996627,1.5771361152633603,-0.5935192026789141,-0.33764192786060904
-1.282034575445759,1.2892414762269855,1.114116601052091,-1.458115929136813,-1.5783789356453435,0.6273092509864816,0.60988942344114,0.6297695465112505,0.2769493462959585,-0.6340606814605939,-0.5935192026789141,-0.33764192786060904
-0.7731897350227547,-0.7325266364296248,-0.3885696092013759,-0.2826899483735619,-0.9439185052784081,1.5860090741955721,-0.6641973731456523,1.269535435030616,-0.040289309254967536,-0.6340606814605939,-0.5935192026789141,-1.5945686020741379
1.3894008367750128,1.4647557977635626,1.6150120044699134,1.480449022771315,0.007772140271994877,-0.3313905722226089,0.29136772429444197,-1.2895281190468464,-1.6264825870095976,-0.6340606814605939,-0.5935192026789141,-1.2803369335207555
0.11728873571750253,-0.5692488282162537,1.114116601052091,0.8927360323896893,-0.30945807491147276,-0.3313905722226089,0.60988942344114,-0.9696451747871635,-0.040289309254967536,-0.6340606814605939,1.684865452518453,0.9192847463529197
1.0077672064577599,0.7695542550185469,-0.639017310910287,1.480449022771315,-1.5783789356453435,0.3077426432501181,0.29136772429444197,-1.2895281190468464,-0.9920052759077457,1.5771361152633603,-0.5935192026789141,-0.33764192786060904
1.2621896266692618,1.7308038849739065,1.3645643027610024,0.3050230420080638,0.9594627858223979,-0.9705237876953359,1.2469328217345361,0.6297695465112505,-0.35752796480589355,1.5771361152633603,1.684865452518453,1.2335164149063018
0.6261335761405067,-1.348096445964681,1.3645643027610024,-0.8704029387551875,1.593923216189333,0.3077426432501181,0.29136772429444197,-1.2895281190468464,0.9114266573978106,1.5771361152633603,-0.5935192026789141,-1.5945686020741379
0.49892236603475565,0.5209524365728015,-0.1381219074924647,-0.2826899483735619,0.007772140271994877,1.2664424664592087,-1.6197624705857465,-0.3298792862677979,-1.3092439314586717,1.5771361152633603,-0.5935192026789141,1.5477480834596842
0.11728873571750253,-0.8368005468360491,0.86366889934318,0.8927360323896893,0.007772140271994877,-0.6509571799589724,1.2469328217345361,0.9496524907709334,0.5941880018468845,-0.6340606814605939,-0.5935192026789141,1.2335164149063018
1.1349784165635108,1.5973346367926076,0.6132211976342689,-0.8704029387551875,0.9594627858223979,1.2664424664592087,0.60988942344114,-0.009996342008115089,-0.6747666203568196,-0.6340606814605939,-0.5935192026789141,-1.5945686020741379
-1.6636682057630119,1.0088035658211314,0.3627734959253576,-0.8704029387551875,-0.9439185052784081,-1.2900903954316993,0.9284111225878381,0.9496524907709334,-1.6264825870095976,-0.6340606814605939,1.684865452518453,-0.023410259307226837
-1.0276121552342568,-0.7425706650506291,1.6150120044699134,-0.8704029387551875,0.6422325706389302,-0.9705237876953359,-0.027153974852256096,-0.3298792862677979,-0.040289309254967536,1.5771361152633603,-0.5935192026789141,1.2335164149063018
1.643823256986515,1.1092248342730529,1.3645643027610024,-1.458115929136813,0.007772140271994877,-0.6509571799589724,-0.027153974852256096,-1.609411063306529,1.2286653129487366,-0.6340606814605939,-0.5935192026789141,0.6050530777995375
-1.536456995657261,-1.6965255867483253,0.3627734959253576,-1.458115929136813,0.007772140271994877,-1.6096570031680628,-0.9827190722923503,-0.9696451747871635,1.2286653129487366,1.5771361152633603,1.684865452518453,1.5477480834596842
1.3894008367750128,-1.4613108443961846,0.11232579421644646,-1.458115929136813,0.9594627858223979,0.3077426432501181,0.29136772429444197,0.9496524907709334,-0.9920052759077457,1.5771361152633603,-0.5935192026789141,-0.6518735964139912
-1.0276121552342568,0.1589689700746399,-1.1399127143281094,-0.8704029387551875,0.3250023554554625,0.3077426432501181,-0.34567567399895416,-0.9696451747871635,-0.040289309254967536,-0.6340606814605939,-0.5935192026789141,0.6050530777995375
-1.0276121552342568,1.125269136699644,-0.639017310910287,-0.8704029387551875,0.007772140271994877,1.2664424664592087,0.60988942344114,0.3098866022515677,-1.6264825870095976,-0.6340606814605939,-0.5935192026789141,-1.5945686020741379
0.3717111559290046,1.6532291443809088,-0.8894650126191982,-1.458115929136813,0.9594627858223979,0.9468758587228451,0.60988942344114,1.589418379290299,0.5941880018468845,-0.6340606814605939,-0.5935192026789141,-0.33764192786060904
-0.5187673148112526,-1.4853230464316451,-0.1381219074924647,-0.8704029387551875,0.9594627858223979,1.2664424664592087,-0.9827190722923503,-1.609411063306529,0.2769493462959585,-0.6340606814605939,-0.5935192026789141,0.29082140924615535
-0.9004009451285058,-1.158158742738983,-1.6408081177459317,1.480449022771315,-0.6266882900949404,-1.2900903954316993,0.60988942344114,0.9496524907709334,0.5941880018468845,-0.6340606814605939,-0.5935192026789141,0.6050530777995375
-0.7731897350227547,0.18000310957733473,-0.8894650126191982,0.3050230420080638,1.2766930010058655,1.5860090741955721,0.29136772429444197,-0.009996342008115089,-1.3092439314586717,-0.6340606814605939,1.684865452518453,0.29082140924615535
-1.40924578555151,0.6924124573947321,0.3627734959253576,0.8927360323896893,0.9594627858223979,-1.6096570031680628,-0.027153974852256096,0.3098866022515677,-0.6747666203568196,-0.6340606814605939,-0.5935192026789141,-0.9661052649673734
0.49892236603475565,1.1415725058717483,0.3627734959253576,0.3050230420080638,0.3250023554554625,-1.6096570031680628,-0.34567567399895416,1.269535435030616,0.9114266573978106,-0.6340606814605939,-0.5935192026789141,-0.6518735964139912
-1.40924578555151,0.4957331430356583,1.114116601052091,-1.458115929136813,0.9594627858223979,0.3077426432501181,0.9284111225878381,-0.009996342008115089,1.5459039684996627,1.5771361152633603,-0.5935192026789141,-0.6518735964139912
-0.2643448945997506,1.5276340042881706,-1.3903604160370207,-0.2826899483735619,0.9594627858223979,-0.6509571799589724,-1.6197624705857465,0.6297695465112505,-1.6264825870095976,-0.6340606814605939,-0.5935192026789141,1.2335164149063018
-1.282034575445759,0.4633290247926896,0.6132211976342689,0.8927360323896893,0.6422325706389302,-1.6096570031680628,-0.9827190722923503,-0.9696451747871635,1.2286653129487366,-0.6340606814605939,-0.5935192026789141,-0.33764192786060904
-1.6636682057630119,-1.1086615716461221,-0.8894650126191982,0.3050230420080638,-0.9439185052784081,1.5860090741955721,0.29136772429444197,-1.609411063306529,0.2769493462959585,1.5771361152633603,-0.5935192026789141,-0.023410259307226837
-0.009922474388248505,0.5933768361785338,-1.6408081177459317,0.8927360323896893,-0.9439185052784081,-0.3313905722226089,0.9284111225878381,-0.3298792862677979,0.2769493462959585,-0.6340606814605939,-0.5935192026789141,-0.023410259307226837
0.3717111559290046,1.4586597275604456,0.3627734959253576,1.480449022771315,1.2766930010058655,1.2664424664592087,-0.027153974852256096,0.9496524907709334,-1.3092439314586717,-0.6340606814605939,-0.5935192026789141,-0.6518735964139912
-1.40924578555151,1.5086757436508522,-1.3903604160370207,1.480449022771315,-0.6266882900949404,0.3077426432501181,-0.9827190722923503,-0.3298792862677979,-0.9920052759077457,-0.6340606814605939,-0.5935192026789141,-0.6518735964139912
-0.3915561047055016,0.23543658431474376,-1.6408081177459317,-0.2826899483735619,-1.2611487204618759,0.6273092509864816,1.5654545208812343,-0.009996342008115089,-0.9920052759077457,1.5771361152633603,-0.5935192026789141,-1.2803369335207555
-1.536456995657261,1.294507053485024,1.6150120044699134,-0.2826899483735619,1.2766930010058655,-0.6509571799589724,-1.6197624705857465,-1.609411063306529,-0.040289309254967536,-0.6340606814605939,-0.5935192026789141,0.9192847463529197
-0.6459785249170037,1.253924366632611,-1.6408081177459317,1.480449022771315,1.593923216189333,0.6273092509864816,-1.3012407714390484,-1.2895281190468464,0.9114266573978106,1.5771361152633603,-0.5935192026789141,0.9192847463529197
-1.40924578555151,1.2206994806867075,1.114116601052091,-0.8704029387551875,-1.5783789356453435,-1.2900903954316993,1.2469328217345361,1.269535435030616,-0.040289309254967536,-0.6340606814605939,1.684865452518453,1.2335164149063018
0.8805559963520088,1.3664184620350295,-0.8894650126191982,-1.458115929136813,0.3250023554554625,0.3077426432501181,0.60988942344114,1.269535435030616,-0.6747666203568196,1.5771361152633603,1.684865452518453,-1.5945686020741379
0.6261335761405067,0.3773983954526458,-0.8894650126191982,0.3050230420080638,-0.9439185052784081,-0.3313905722226089,0.29136772429444197,-1.609411063306529,-0.6747666203568196,-0.6340606814605939,1.684865452518453,-0.33764192786060904
-0.9004009451285058,0.8084669985349834,-0.639017310910287,1.480449022771315,-0.6266882900949404,0.3077426432501181,-0.34567567399895416,1.269535435030616,-1.6264825870095976,-0.6340606814605939,-0.5935192026789141,0.6050530777995375
0.3717111559290046,1.4362388909122752,-1.3903604160370207,0.8927360323896893,0.9594627858223979,-0.011823964486245425,1.5654545208812343,0.6297695465112505,-1.3092439314586717,-0.6340606814605939,-0.5935192026789141,-1.5945686020741379
1.0077672064577599,-0.3254848298061826,1.114116601052091,0.8927360323896893,0.6422325706389302,1.5860090741955721,-1.3012407714390484,-1.609411063306529,-0.35752796480589355,-0.6340606814605939,1.684865452518453,1.5477480834596842
0.49892236603475565,0.9638809796494479,-0.8894650126191982,-0.2826899483735619,0.9594627858223979,0.6273092509864816,-0.6641973731456523,0.6297695465112505,0.9114266573978106,-0.6340606814605939,1.684865452518453,-1.5945686020741379
-1.282034575445759,0.9036742539784459,-0.1381219074924647,-0.8704029387551875,0.9594627858223979,-0.9705237876953359,1.5654545208812343,-0.009996342008115089,1.5459039684996627,-0.6340606814605939,-0.5935192026789141,-0.023410259307226837
0.49892236603475565,-0.11613006807340487,-1.6408081177459317,0.8927360323896893,-0.6266882900949404,1.2664424664592087,1.2469328217345361,1.589418379290299,0.2769493462959585,1.5771361152633603,-0.5935192026789141,-0.6518735964139912
0.8805559963520088,-0.8235740505196832,1.3645643027610024,1.480449022771315,-0.6266882900949404,-0.6509571799589724,1.2469328217345361,-0.3298792862677979,-0.6747666203568196,-0.6340606814605939,-0.5935192026789141,-1.2803369335207555
1.0077672064577599,-1.7399650106758613,-0.639017310910287,0.8927360323896893,0.6422325706389302,0.9468758587228451,-0.34567567399895416,1.269535435030616,-0.9920052759077457,-0.6340606814605939,-0.5935192026789141,1.5477480834596842
-0.5187673148112526,-0.042865656242187675,0.11232579421644646,-0.2826899483735619,0.6422325706389302,0.6273092509864816,1.2469328217345361,1.589418379290299,0.9114266573978106,-0.6340606814605939,-0.5935192026789141,-0.6518735964139912
0.6261335761405067,-0.1283898363621485,-1.6408081177459317,0.3050230420080638,1.2766930010058655,0.9468758587228451,0.29136772429444197,-0.3298792862677979,1.5459039684996627,-0.6340606814605939,-0.5935192026789141,0.9192847463529197
1.0077672064577599,0.9144456374080742,-0.1381219074924647,-1.458115929136813,0.007772140271994877,1.5860090741955721,-0.6641973731456523,0.6297695465112505,1.2286653129487366,-0.6340606814605939,-0.5935192026789141,-0.023410259307226837
-1.282034575445759,0.7399910268532273,0.11232579421644646,1.480449022771315,-1.5783789356453435,-0.6509571799589724,1.2469328217345361,-0.9696451747871635,-0.040289309254967536,-0.6340606814605939,-0.5935192026789141,1.2335164149063018
-0.5187673148112526,0.41339432701163453,-0.8894650126191982,-1.458115929136813,1.2766930010058655,0.3077426432501181,-0.9827190722923503,-1.2895281190468464,-0.040289309254967536,-0.6340606814605939,-0.5935192026789141,1.2335164149063018
-1.6636682057630119,-0.3349835702520521,1.6150120044699134,-0.8704029387551875,1.593923216189333,-1.2900903954316993,0.60988942344114,1.589418379290299,0.2769493462959585,-0.6340606814605939,-0.5935192026789141,-1.2803369335207555
-0.13713368449399954,0.6388151210279954,1.114116601052091,0.8927360323896893,0.9594627858223979,0.9468758587228451,-0.9827190722923503,0.9496524907709334,-0.9920052759077457,-0.6340606814605939,-0.5935192026789141,1.2335164149063018
-0.5187673148112526,0.8615307633951198,-0.1381219074924647,-0.8704029387551875,0.007772140271994877,0.3077426432501181,0.60988942344114,0.6297695465112505,0.9114266573978106,-0.6340606814605939,-0.5935192026789141,-0.023410259307226837
-1.0276121552342568,-0.5563728984044606,-0.3885696092013759,1.480449022771315,-1.5783789356453435,-1.2900903954316993,-0.6641973731456523,-1.609411063306529,-0.040289309254967536,-0.6340606814605939,-0.5935192026789141,0.6050530777995375
-0.5187673148112526,-1.034669354325001,-1.3903604160370207,-0.8704029387551875,-0.9439185052784081,1.5860090741955721,0.60988942344114,0.3098866022515677,-1.6264825870095976,-0.6340606814605939,-0.5935192026789141,-0.023410259307226837
-1.536456995657261,0.8382037852459698,-1.6408081177459317,-0.2826899483735619,-1.2611487204618759,0.6273092509864816,1.5654545208812343,-0.009996342008115089,-0.9920052759077457,1.5771361152633603,1.684865452518453,0.29082140924615535
-0.009922474388248505,-0.6398809419482117,-0.639017310910287,-0.8704029387551875,-1.2611487204618759,-0.011823964486245425,-1.3012407714390484,-1.609411063306529,1.2286653129487366,-0.6340606814605939,-0.5935192026789141,0.6050530777995375
1.0077672064577599,0.49157890193330456,0.11232579421644646,1.480449022771315,-1.2611487204618759,-0.011823964486245425,0.29136772429444197,0.3098866022515677,1.2286653129487366,-0.6340606814605939,1.684865452518453,-0.33764192786060904
-0.6459785249170037,1.2089143084911604,-0.639017310910287,0.8927360323896893,0.3250023554554625,-0.9705237876953359,-1.6197624705857465,-1.609411063306529,-0.9920052759077457,-0.6340606814605939,-0.5935192026789141,0.9192847463529197
0.24449994582325357,1.307735879226033,0.6132211976342689,1.480449022771315,0.3250023554554625,-1.6096570031680628,0.9284111225878381,1.589418379290299,-0.35752796480589355,-0.6340606814605939,-0.5935192026789141,0.9192847463529197
0.3717111559290046,-1.49901407432368,-1.3903604160370207,0.8927360323896893,0.9594627858223979,-0.9705237876953359,-1.6197624705857465,-0.6497622305274807,1.2286653129487366,-0.6340606814605939,1.684865452518453,0.9192847463529197
-0.9004009451285058,-0.8544137809964116,0.86366889934318,-0.2826899483735619,-0.30945807491147276,1.2664424664592087,0.29136772429444197,0.9496524907709334,1.5459039684996627,1.5771361152633603,-0.5935192026789141,0.9192847463529197
-1.536456995657261,-1.7040732845167132,-0.3885696092013759,-1.458115929136813,-0.6266882900949404,-0.9705237876953359,-0.34567567399895416,-0.6497622305274807,1.2286653129487366,-0.6340606814605939,1.684865452518453,-1.2803369335207555
-0.2643448945997506,-0.3852433155708282,-1.3903604160370207,-0.8704029387551875,-0.30945807491147276,-0.9705237876953359,-0.6641973731456523,-1.2895281190468464,0.5941880018468845,1.5771361152633603,-0.5935192026789141,1.5477480834596842
1.643823256986515,-0.3272230949126805,0.11232579421644646,-0.8704029387551875,-0.9439185052784081,0.3077426432501181,-0.34567567399895416,0.3098866022515677,1.2286653129487366,-0.6340606814605939,1.684865452518453,-0.023410259307226837
1.1349784165635108,-0.7252635537905163,-1.6408081177459317,-0.8704029387551875,1.2766930010058655,0.9468758587228451,1.2469328217345361,1.269535435030616,-0.9920052759077457,-0.6340606814605939,-0.5935192026789141,-0.023410259307226837
1.2621896266692618,0.7109146314755346,0.3627734959253576,0.8927360323896893,0.007772140271994877,-0.011823964486245425,1.5654545208812343,-0.009996342008115089,-1.6264825870095976,-0.6340606814605939,-0.5935192026789141,-0.9661052649673734
-0.5187673148112526,1.2010458537983386,-1.1399127143281094,-0.8704029387551875,1.593923216189333,-0.3313905722226089,-0.9827190722923503,1.269535435030616,-0.35752796480589355,-0.6340606814605939,-0.5935192026789141,-0.023410259307226837
-0.2643448945997506,-0.1941270523338893,-1.3903604160370207,0.3050230420080638,-1.5783789356453435,-0.011823964486245425,-1.3012407714390484,0.6297695465112505,0.5941880018468845,1.5771361152633603,-0.5935192026789141,0.6050530777995375
0.11728873571750253,-0.3139453250914828,1.6150120044699134,0.3050230420080638,0.9594627858223979,1.5860090741955721,1.5654545208812343,0.9496524907709334,0.2769493462959585,1.5771361152633603,-0.5935192026789141,-0.33764192786060904
-1.0276121552342568,0.26166230450399613,-1.3903604160370207,0.8927360323896893,-0.30945807491147276,-0.3313905722226089,1.5654545208812343,0.6297695465112505,-1.6264825870095976,1.5771361152633603,-0.5935192026789141,-0.33764192786060904
-0.7731897350227547,0.9730183828341108,-0.3885696092013759,1.480449022771315,-0.6266882900949404,1.2664424664592087,0.29136772429444197,-1.2895281190468464,0.9114266573978106,-0.6340606814605939,-0.5935192026789141,-1.2803369335207555
-0.6459785249170037,0.05060816280432134,0.3627734959253576,0.3050230420080638,-0.9439185052784081,-0.6509571799589724,-0.34567567399895416,0.3098866022515677,-0.9920052759077457,1.5771361152633603,-0.5935192026789141,-1.2803369335207555
0.8805559963520088,1.2786846315822027,-1.3903604160370207,0.8927360323896893,0.007772140271994877,1.2664424664592087,-0.34567567399895416,-0.009996342008115089,-0.35752796480589355,-0.6340606814605939,-0.5935192026789141,-1.2803369335207555
-0.13713368449399954,0.37939511066766024,0.86366889934318,-0.8704029387551875,0.3250023554554625,0.6273092509864816,1.2469328217345361,-0.9696451747871635,-1.3092439314586717,-0.6340606814605939,1.684865452518453,-0.6518735964139912
0.3717111559290046,1.4157293934725101,0.6132211976342689,1.480449022771315,-0.9439185052784081,0.9468758587228451,1.5654545208812343,1.589418379290299,-1.3092439314586717,-0.6340606814605939,-0.5935192026789141,-0.9661052649673734
-1.536456995657261,0.5515956541645637,-1.3903604160370207,-1.458115929136813,-1.2611487204618759,0.3077426432501181,-0.34567567399895416,-0.9696451747871635,-1.6264825870095976,-0.6340606814605939,-0.5935192026789141,0.6050530777995375
-0.2643448945997506,0.9443407090604602,-1.1399127143281094,-0.8704029387551875,-0.30945807491147276,1.5860090741955721,0.9284111225878381,-0.9696451747871635,0.2769493462959585,1.5771361152633603,-0.5935192026789141,-0.9661052649673734
-0.9004009451285058,-1.5525460680760557,-1.6408081177459317,-0.8704029387551875,-1.5783789356453435,1.5860090741955721,1.5654545208812343,1.269535435030616,-1.6264825870095976,-0.6340606814605939,1.684865452518453,-0.023410259307226837
-1.282034575445759,-0.06446857186192342,1.6150120044699134,-0.2826899483735619,0.3250023554554625,-0.6509571799589724,0.29136772429444197,0.9496524907709334,1.2286653129487366,-0.6340606814605939,-0.5935192026789141,-1.2803369335207555
-0.009922474388248505,-0.34455503447467245,-0.3885696092013759,-1.458115929136813,-1.5783789356453435,-0.011823964486245425,-0.027153974852256096,0.3098866022515677,0.5941880018468845,-0.6340606814605939,-0.5935192026789141,-0.6518735964139912
0.8805559963520088,1.3942082097730675,0.11232579421644646,-1.458115929136813,0.9594627858223979,-1.2900903954316993,-1.3012407714390484,1.269535435030616,0.2769493462959585,1.5771361152633603,1.684865452518453,1.2335164149063018
0.3717111559290046,-0.19495690862807957,-0.3885696092013759,-0.2826899483735619,-0.9439185052784081,-0.9705237876953359,-0.6641973731456523,1.269535435030616,1.2286653129487366,-0.6340606814605939,1.684865452518453,-1.2803369335207555
-1.40924578555151,1.1371265106501391,0.3627734959253576,0.8927360323896893,-0.9439185052784081,-0.011823964486245425,1.2469328217345361,-0.009996342008115089,0.5941880018468845,-0.6340606814605939,1.684865452518453,0.9192847463529197
0.3717111559290046,0.2949323531925217,1.6150120044699134,1.480449022771315,-1.2611487204618759,1.5860090741955721,-1.6197624705857465,1.589418379290299,-0.9920052759077457,-0.6340606814605939,-0.5935192026789141,1.5477480834596842
1.0077672064577599,-0.2863873623147258,1.6150120044699134,-0.8704029387551875,-0.9439185052784081,0.3077426432501181,-1.3012407714390484,1.269535435030616,-1.3092439314586717,-0.6340606814605939,-0.5935192026789141,0.29082140924615535
-0.7731897350227547,-0.3677823490813444,-0.1381219074924647,0.8927360323896893,1.2766930010058655,-0.011823964486245425,-0.6641973731456523,-1.2895281190468464,-0.6747666203568196,-0.6340606814605939,-0.5935192026789141,-0.9661052649673734
-1.6636682057630119,0.8561775734678266,-0.8894650126191982,-0.2826899483735619,-1.2611487204618759,-1.2900903954316993,-0.6641973731456523,0.3098866022515677,-0.9920052759077457,-0.6340606814605939,-0.5935192026789141,1.5477480834596842
-0.13713368449399954,1.4913339552857101,-0.8894650126191982,1.480449022771315,1.2766930010058655,0.6273092509864816,0.29136772429444197,0.9496524907709334,-0.6747666203568196,-0.6340606814605939,1.684865452518453,1.2335164149063018
0.11728873571750253,0.8847665007662437,-1.6408081177459317,0.3050230420080638,-0.6266882900949404,0.6273092509864816,0.9284111225878381,-1.609411063306529,1.2286653129487366,-0.6340606814605939,-0.5935192026789141,0.29082140924615535
-0.9004009451285058,-1.378894352264741,0.11232579421644646,1.480449022771315,-0.9439185052784081,-0.9705237876953359,-1.6197624705857465,-0.3298792862677979,0.9114266573978106,-0.6340606814605939,-0.5935192026789141,-1.2803369335207555
1.643823256986515,1.5274333532032678,-0.8894650126191982,-1.458115929136813,1.2766930010058655,0.3077426432501181,-0.6641973731456523,0.9496524907709334,-0.6747666203568196,1.5771361152633603,1.684865452518453,-1.2803369335207555
1.0077672064577599,0.11742849749752858,-0.8894650126191982,0.3050230420080638,0.6422325706389302,0.6273092509864816,-0.027153974852256096,-0.6497622305274807,-0.040289309254967536,-0.6340606814605939,-0.5935192026789141,-0.023410259307226837
-0.6459785249170037,1.6822226402672942,-0.639017310910287,-1.458115929136813,-1.2611487204618759,0.3077426432501181,1.2469328217345361,-1.2895281190468464,-0.6747666203568196,-0.6340606814605939,-0.5935192026789141,0.6050530777995375
1.3894008367750128,-0.025745682762786087,0.3627734959253576,-0.2826899483735619,1.2766930010058655,-0.9705237876953359,-0.34567567399895416,0.9496524907709334,0.5941880018468845,-0.6340606814605939,1.684865452518453,-1.5945686020741379
1.0077672064577599,0.3409481821601219,0.3627734959253576,1.480449022771315,-0.30945807491147276,0.3077426432501181,1.2469328217345361,-1.609411063306529,0.9114266573978106,-0.6340606814605939,1.684865452518453,1.2335164149063018
-1.0276121552342568,-1.0650567234763344,-0.3885696092013759,-0.2826899483735619,0.6422325706389302,1.5860090741955721,1.5654545208812343,-1.609411063306529,-0.040289309254967536,-0.6340606814605939,1.684865452518453,1.2335164149063018
1.1349784165635108,1.1924581527772318,1.114116601052091,1.480449022771315,0.007772140271994877,-0.3313905722226089,-1.3012407714390484,-0.3298792862677979,0.5941880018468845,-0.6340606814605939,-0.5935192026789141,0.29082140924615535
0.6261335761405067,1.5527544049122255,0.6132211976342689,-0.8704029387551875,-0.30945807491147276,-0.011823964486245425,0.9284111225878381,0.6297695465112505,-0.040289309254967536,1.5771361152633603,1.684865452518453,0.6050530777995375
-1.282034575445759,1.4014827491060031,0.6132211976342689,-0.8704029387551875,1.593923216189333,-1.2900903954316993,-0.9827190722923503,1.589418379290299,-0.9920052759077457,-0.6340606814605939,-0.5935192026789141,-0.023410259307226837
0.3717111559290046,0.8865887357570926,-0.8894650126191982,-0.2826899483735619,0.007772140271994877,0.9468758587228451,0.60988942344114,-1.2895281190468464,-1.6264825870095976,1.5771361152633603,-0.5935192026789141,-0.6518735964139912
0.6261335761405067,-1.7061054012820702,0.3627734959253576,-1.458115929136813,0.3250023554554625,-1.6096570031680628,1.5654545208812343,-1.2895281190468464,-0.6747666203568196,-0.6340606814605939,-0.5935192026789141,-0.6518735964139912
-1.282034575445759,1.6034475429742427,0.6132211976342689,0.3050230420080638,-0.6266882900949404,-0.011823964486245425,-0.027153974852256096,-0.009996342008115089,-0.35752796480589355,1.5771361152633603,-0.5935192026789141,1.5477480834596842
-0.009922474388248505,1.4958679112140272,-0.8894650126191982,0.8927360323896893,-0.30945807491147276,-1.2900903954316993,0.29136772429444197,-0.009996342008115089,1.5459039684996627,-0.6340606814605939,1.684865452518453,-0.023410259307226837
0.7533447862462577,0.5185814076095054,0.3627734959253576,-1.458115929136813,-1.5783789356453435,0.6273092509864816,-1.3012407714390484,-1.609411063306529,1.2286653129487366,-0.6340606814605939,-0.5935192026789141,1.5477480834596842
-1.536456995657261,0.2800755661451525,-1.1399127143281094,0.8927360323896893,1.2766930010058655,-0.011823964486245425,-0.34567567399895416,-1.609411063306529,0.5941880018468845,-0.6340606814605939,1.684865452518453,-0.9661052649673734
-1.6636682057630119,1.4922588491531272,0.11232579421644646,-0.8704029387551875,-1.2611487204618759,-0.6509571799589724,-0.9827190722923503,-0.009996342008115089,-1.3092439314586717,1.5771361152633603,-0.5935192026789141,0.6050530777995375
-1.536456995657261,0.14246904773724106,0.6132211976342689,-0.8704029387551875,-0.6266882900949404,1.2664424664592087,1.2469328217345361,-0.6497622305274807,-0.35752796480589355,-0.6340606814605939,-0.5935192026789141,0.6050530777995375
0.6261335761405067,0.36109994173081406,0.3627734959253576,0.8927360323896893,-0.6266882900949404,-1.6096570031680628,0.9284111225878381,-1.609411063306529,0.2769493462959585,-0.6340606814605939,1.684865452518453,-0.6518735964139912
-0.2643448945997506,-0.9568601093505822,-0.1381219074924647,-0.2826899483735619,0.9594627858223979,-0.011823964486245425,1.5654545208812343,0.9496524907709334,1.2286653129487366,-0.6340606814605939,-0.5935192026789141,-0.9661052649673734
0.49892236603475565,1.235925356782295,1.3645643027610024,1.480449022771315,-0.30945807491147276,0.3077426432501181,-1.6197624705857465,-0.9696451747871635,-0.9920052759077457,-0.6340606814605939,1.684865452518453,-1.2803369335207555
-0.6459785249170037,0.9398536583241105,-0.3885696092013759,-1.458115929136813,-0.9439185052784081,1.2664424664592087,-0.9827190722923503,-0.6497622305274807,0.9114266573978106,-0.6340606814605939,-0.5935192026789141,0.29082140924615535
-0.13713368449399954,-0.1579681850349022,-0.639017310910287,1.480449022771315,-0.6266882900949404,0.9468758587228451,-1.3012407714390484,-0.3298792862677979,-0.9920052759077457,-0.6340606814605939,-0.5935192026789141,0.9192847463529197
1.2621896266692618,0.8448237610260335,0.6132211976342689,-0.8704029387551875,0.9594627858223979,1.2664424664592087,-0.6641973731456523,-0.6497622305274807,-0.9920052759077457,1.5771361152633603,-0.5935192026789141,-1.5945686020741379
-1.536456995657261,1.3816743544780847,-0.1381219074924647,-0.2826899483735619,-1.5783789356453435,0.6273092509864816,1.2469328217345361,-0.6497622305274807,0.9114266573978106,-0.6340606814605939,-0.5935192026789141,-0.6518735964139912
-0.2643448945997506,-0.14419428828641623,0.11232579421644646,0.8927360323896893,1.2766930010058655,-1.2900903954316993,-0.34567567399895416,0.9496524907709334,-1.6264825870095976,-0.6340606814605939,-0.5935192026789141,-0.023410259307226837
0.49892236603475565,0.10349298186105291,1.6150120044699134,-1.458115929136813,-0.9439185052784081,-0.011823964486245425,0.9284111225878381,-0.3298792862677979,-0.35752796480589355,-0.6340606814605939,1.684865452518453,-0.33764192786060904
-0.2643448945997506,-0.24522623654512662,0.11232579421644646,-1.458115929136813,0.007772140271994877,1.5860090741955721,-1.3012407714390484,-0.9696451747871635,0.9114266573978106,-0.6340606814605939,-0.5935192026789141,1.2335164149063018
0.24449994582325357,-0.16135658610954282,1.114116601052091,1.480449022771315,-1.2611487204618759,1.2664424664592087,-0.9827190722923503,-1.609411063306529,0.5941880018468845,-0.6340606814605939,-0.5935192026789141,-1.5945686020741379
-1.1548233653400077,0.44814491843790677,0.11232579421644646,-1.458115929136813,-0.6266882900949404,-0.9705237876953359,-0.027153974852256096,-0.6497622305274807,-1.3092439314586717,1.5771361152633603,1.684865452518453,0.6050530777995375
-1.40924578555151,-1.2952653611820586,-0.639017310910287,-0.2826899483735619,-0.6266882900949404,1.5860090741955721,-0.34567567399895416,0.9496524907709334,0.2769493462959585,1.5771361152633603,-0.5935192026789141,-0.33764192786060904
1.3894008367750128,0.3711896929351204,-1.6408081177459317,1.480449022771315,0.6422325706389302,0.9468758587228451,-0.027153974852256096,1.589418379290299,-1.3092439314586717,1.5771361152633603,-0.5935192026789141,-0.9661052649673734
1.516612046880764,-0.672937281578897,0.11232579421644646,-1.458115929136813,0.6422325706389302,-1.6096570031680628,-0.027153974852256096,0.3098866022515677,-1.6264825870095976,-0.6340606814605939,-0.5935192026789141,-0.9661052649673734
-0.3915561047055016,-1.2261767846007874,-1.6408081177459317,-0.2826899483735619,-1.2611487204618759,-0.3313905722226089,-1.6197624705857465,0.6297695465112505,-0.040289309254967536,-0.6340606814605939,1.684865452518453,-0.9661052649673734
1.643823256986515,0.4575391218997728,0.11232579421644646,-0.2826899483735619,0.9594627858223979,1.5860090741955721,-0.34567567399895416,-1.2895281190468464,0.2769493462959585,1.5771361152633603,1.684865452518453,-1.5945686020741379
-0.9004009451285058,0.28162304347403183,-1.3903604160370207,-0.8704029387551875,-1.5783789356453435,1.5860090741955721,-0.9827190722923503,-1.2895281190468464,-0.9920052759077457,-0.6340606814605939,-0.5935192026789141,0.29082140924615535
-0.7731897350227547,-0.03012779114597281,-1.3903604160370207,0.3050230420080638,0.007772140271994877,-0.6509571799589724,1.2469328217345361,-1.609411063306529,-0.040289309254967536,-0.6340606814605939,-0.5935192026789141,0.9192847463529197
-0.3915561047055016,-1.5594021416630197,0.86366889934318,-0.8704029387551875,-1.5783789356453435,-0.3313905722226089,-0.9827190722923503,1.589418379290299,-1.3092439314586717,1.5771361152633603,-0.5935192026789141,-0.023410259307226837
0.3717111559290046,0.6291292557597891,1.3645643027610024,0.3050230420080638,-0.9439185052784081,0.3077426432501181,-0.6641973731456523,-0.9696451747871635,-0.040289309254967536,-0.6340606814605939,-0.5935192026789141,1.2335164149063018
-0.13713368449399954,0.1392413690847266,-1.1399127143281094,0.8927360323896893,1.2766930010058655,-0.9705237876953359,1.5654545208812343,0.9496524907709334,0.5941880018468845,-0.6340606814605939,-0.5935192026789141,-1.2803369335207555
1.643823256986515,0.8101686096380833,0.86366889934318,1.480449022771315,-1.2611487204618759,1.2664424664592087,1.2469328217345361,1.269535435030616,-1.3092439314586717,1.5771361152633603,-0.5935192026789141,-0.6518735964139912
-1.536456995657261,-0.2977648915576915,1.3645643027610024,-1.458115929136813,-1.2611487204618759,-0.9705237876953359,-0.34567567399895416,-0.6497622305274807,1.2286653129487366,1.5771361152633603,-0.5935192026789141,-0.023410259307226837
0.8805559963520088,1.2729527927202238,-0.1381219074924647,-0.8704029387551875,0.9594627858223979,-0.3313905722226089,1.2469328217345361,-0.3298792862677979,-1.6264825870095976,-0.6340606814605939,1.684865452518453,0.6050530777995375
-0.9004009451285058,1.6659958157742156,0.3627734959253576,-0.8704029387551875,-0.30945807491147276,-0.9705237876953359,0.29136772429444197,0.3098866022515677,-1.6264825870095976,-0.6340606814605939,1.684865452518453,-1.5945686020741379
0.24449994582325357,1.340613586121308,0.6132211976342689,1.480449022771315,0.9594627858223979,0.3077426432501181,0.60988942344114,0.6297695465112505,0.9114266573978106,-0.6340606814605939,-0.5935192026789141,1.5477480834596842
-0.13713368449399954,-1.4146042039145408,0.6132211976342689,-1.458115929136813,1.593923216189333,-0.011823964486245425,-1.6197624705857465,0.3098866022515677,-1.3092439314586717,-0.6340606814605939,-0.5935192026789141,-0.023410259307226837
-0.009922474388248505,-0.6607503277378636,-1.3903604160370207,0.8927360323896893,0.3250023554554625,-0.9705237876953359,1.5654545208812343,0.9496524907709334,-0.040289309254967536,-0.6340606814605939,1.684865452518453,-1.2803369335207555
-0.2643448945997506,0.7736638916620311,-1.1399127143281094,-0.2826899483735619,0.9594627858223979,1.5860090741955721,-1.3012407714390484,-0.6497622305274807,-1.6264825870095976,1.5771361152633603,-0.5935192026789141,-0.023410259307226837
0.24449994582325357,0.6688040160002069,-1.1399127143281094,-1.458115929136813,0.6422325706389302,1.5860090741955721,-0.9827190722923503,-0.009996342008115089,-0.6747666203568196,-0.6340606814605939,1.684865452518453,-0.023410259307226837
-0.13713368449399954,-0.414530582374853,-1.1399127143281094,-0.8704029387551875,-1.5783789356453435,0.3077426432501181,-1.6197624705857465,-0.3298792862677979,0.2769493462959585,-0.6340606814605939,1.684865452518453,-0.6518735964139912
-0.5187673148112526,-0.8753091514169691,1.6150120044699134,0.3050230420080638,0.6422325706389302,-1.2900903954316993,-0.34567567399895416,0.3098866022515677,-1.6264825870095976,-0.6340606814605939,-0.5935192026789141,0.9192847463529197
-0.3915561047055016,-1.280740163131962,1.114116601052091,0.8927360323896893,-0.6266882900949404,1.2664424664592087,-0.027153974852256096,0.9496524907709334,-0.040289309254967536,-0.6340606814605939,1.684865452518453,-0.6518735964139912
-0.6459785249170037,0.1242816090248864,0.6132211976342689,1.480449022771315,1.593923216189333,1.2664424664592087,-0.027153974852256096,0.3098866022515677,-1.3092439314586717,-0.6340606814605939,1.684865452518453,-0.023410259307226837
-0.7731897350227547,-0.6439587408028606,1.3645643027610024,1.480449022771315,1.593923216189333,0.9468758587228451,1.5654545208812343,0.6297695465112505,1.2286653129487366,-0.6340606814605939,-0.5935192026789141,-0.33764192786060904
-1.536456995657261,1.4864126778804945,-0.1381219074924647,0.8927360323896893,0.6422325706389302,1.5860090741955721,1.2469328217345361,1.269535435030616,-1.3092439314586717,-0.6340606814605939,-0.5935192026789141,1.2335164149063018
1.0077672064577599,1.4613438937396368,-0.8894650126191982,1.480449022771315,-1.2611487204618759,-0.6509571799589724,0.60988942344114,-1.609411063306529,1.5459039684996627,-0.6340606814605939,1.684865452518453,0.9192847463529197
-1.6636682057630119,0.1508309126730032,-1.6408081177459317,-0.8704029387551875,-0.6266882900949404,-1.2900903954316993,-1.6197624705857465,-0.009996342008115089,0.5941880018468845,1.5771361152633603,-0.5935192026789141,-0.6518735964139912
1.2621896266692618,-0.9085018169369893,-0.1381219074924647,-1.458115929136813,-1.5783789356453435,-0.011823964486245425,-0.34567567399895416,-0.6497622305274807,-0.040289309254967536,-0.6340606814605939,-0.5935192026789141,-1.2803369335207555
0.7533447862462577,1.4286703519976547,-0.3885696092013759,-0.2826899483735619,0.007772140271994877,1.5860090741955721,-0.34567567399895416,1.589418379290299,-1.6264825870095976,-0.6340606814605939,-0.5935192026789141,-0.33764192786060904
1.3894008367750128,-1.3207394467115188,-0.3885696092013759,1.480449022771315,0.6422325706389302,0.9468758587228451,-0.027153974852256096,0.9496524907709334,-0.040289309254967536,-0.6340606814605939,-0.5935192026789141,-0.023410259307226837
-0.7731897350227547,-0.2473419700399817,-0.8894650126191982,-0.2826899483735619,0.3250023554554625,-0.6509571799589724,-0.027153974852256096,-0.9696451747871635,-0.35752796480589355,-0.6340606814605939,1.684865452518453,-0.9661052649673734
0.6261335761405067,0.7873135485808224,-0.639017310910287,1.480449022771315,-0.6266882900949404,-1.6096570031680628,-0.6641973731456523,-0.6497622305274807,-0.35752796480589355,1.5771361152633603,-0.5935192026789141,-0.9661052649673734
0.11728873571750253,-1.4411780326563266,0.86366889934318,-0.8704029387551875,-0.9439185052784081,-1.2900903954316993,1.5654545208812343,-1.2895281190468464,0.9114266573978106,1.5771361152633603,-0.5935192026789141,-1.5945686020741379
0.11728873571750253,-1.335848399601573,1.114116601052091,0.8927360323896893,0.9594627858223979,0.9468758587228451,-1.3012407714390484,1.269535435030616,0.5941880018468845,-0.6340606814605939,-0.5935192026789141,-1.5945686020741379
1.1349784165635108,0.016983081745206297,0.11232579421644646,0.8927360323896893,-0.30945807491147276,-0.9705237876953359,0.60988942344114,-0.6497622305274807,1.5459039684996627,-0.6340606814605939,-0.5935192026789141,-1.5945686020741379
1.3894008367750128,1.1779882070119958,1.114116601052091,-0.8704029387551875,1.2766930010058655,1.2664424664592087,-0.34567567399895416,0.6297695465112505,-1.6264825870095976,-0.6340606814605939,1.684865452518453,0.9192847463529197
0.3717111559290046,0.756102244372979,-1.1399127143281094,1.480449022771315,1.593923216189333,1.5860090741955721,0.9284111225878381,0.3098866022515677,-0.9920052759077457,-0.6340606814605939,1.684865452518453,-0.023410259307226837
-0.5187673148112526,1.2086718574260147,-1.6408081177459317,-0.2826899483735619,0.007772140271994877,-1.2900903954316993,1.5654545208812343,0.3098866022515677,0.9114266573978106,1.5771361152633603,-0.5935192026789141,1.2335164149063018
-1.40924578555151,-0.37340299546102335,-1.1399127143281094,-0.2826899483735619,-1.5783789356453435,-1.2900903954316993,-1.6197624705857465,0.9496524907709334,-0.35752796480589355,-0.6340606814605939,1.684865452518453,-0.9661052649673734
-1.40924578555151,0.4334250146268036,1.6150120044699134,-1.458115929136813,0.6422325706389302,-0.011823964486245425,0.9284111225878381,-0.3298792862677979,1.5459039684996627,1.5771361152633603,-0.5935192026789141,0.9192847463529197
-1.536456995657261,0.8152655519270297,1.3645643027610024,0.8927360323896893,-1.5783789356453435,0.9468758587228451,-0.027153974852256096,-0.3298792862677979,1.5459039684996627,-0.6340606814605939,1.684865452518453,-0.6518735964139912
-1.0276121552342568,0.9837466991030224,1.6150120044699134,1.480449022771315,1.593923216189333,-0.3313905722226089,1.5654545208812343,0.9496524907709334,1.2286653129487366,-0.6340606814605939,-0.5935192026789141,1.2335164149063018
-0.5187673148112526,1.5131690372568949,0.86366889934318,0.8927360323896893,0.007772140271994877,-0.6509571799589724,1.2469328217345361,-1.609411063306529,-0.6747666203568196,-0.6340606814605939,-0.5935192026789141,0.29082140924615535
0.49892236603475565,-0.1876647596961647,-0.3885696092013759,1.480449022771315,0.9594627858223979,-0.011823964486245425,0.9284111225878381,0.9496524907709334,-1.3092439314586717,-0.6340606814605939,1.684865452518453,-0.6518735964139912
-1.1548233653400077,-1.3138399401844978,-1.6408081177459317,-0.2826899483735619,-0.30945807491147276,-1.2900903954316993,-0.34567567399895416,-0.9696451747871635,1.5459039684996627,-0.6340606814605939,-0.5935192026789141,0.6050530777995375
-0.9004009451285058,-0.197088593132763,-1.6408081177459317,-0.2826899483735619,-1.2611487204618759,-1.6096570031680628,-0.9827190722923503,-0.9696451747871635,1.2286653129487366,-0.6340606814605939,1.684865452518453,-0.6518735964139912
1.3894008367750128,-0.3411824599683387,1.6150120044699134,-0.2826899483735619,0.6422325706389302,-0.3313905722226089,-0.34567567399895416,-0.3298792862677979,-0.6747666203568196,-0.6340606814605939,-0.5935192026789141,1.2335164149063018
-1.0276121552342568,0.6489498054120444,-1.1399127143281094,0.8927360323896893,1.2766930010058655,-0.9705237876953359,-0.34567567399895416,1.589418379290299,-0.35752796480589355,1.5771361152633603,1.684865452518453,1.5477480834596842
1.1349784165635108,-1.0446692495995449,-1.1399127143281094,0.8927360323896893,0.9594627858223979,1.5860090741955721,-0.9827190722923503,-0.6497622305274807,0.9114266573978106,-0.6340606814605939,-0.5935192026789141,-0.33764192786060904
1.516612046880764,-0.058639990787714875,1.114116601052091,-1.458115929136813,1.2766930010058655,1.2664424664592087,1.5654545208812343,0.6297695465112505,-0.6747666203568196,-0.6340606814605939,-0.5935192026789141,1.5477480834596842
-1.40924578555151,-1.0676117048069258,1.3645643027610024,0.3050230420080638,0.6422325706389302,0.6273092509864816,-0.34567567399895416,-0.9696451747871635,1.2286653129487366,-0.6340606814605939,-0.5935192026789141,1.2335164149063018
-1.40924578555151,-0.9765517180364695,1.114116601052091,-0.8704029387551875,0.9594627858223979,-1.6096570031680628,-0.9827190722923503,1.589418379290299,-0.35752796480589355,1.5771361152633603,-0.5935192026789141,1.5477480834596842
0.7533447862462577,-1.2483353377589863,1.3645643027610024,-1.458115929136813,-0.30945807491147276,-0.011823964486245425,0.9284111225878381,-1.2895281190468464,0.2769493462959585,-0.6340606814605939,1.684865452518453,-1.5945686020741379
0.6261335761405067,0.8918320495539975,1.3645643027610024,-0.2826899483735619,-0.9439185052784081,0.3077426432501181,-0.34567567399895416,1.589418379290299,1.2286653129487366,-0.6340606814605939,-0.5935192026789141,1.2335164149063018
-1.536456995657261,0.811868914871408,-0.8894650126191982,-0.2826899483735619,0.9594627858223979,1.2664424664592087,0.29136772429444197,-0.009996342008115089,0.9114266573978106,-0.6340606814605939,-0.5935192026789141,1.5477480834596842
1.516612046880764,-1.6790709307394454,-0.3885696092013759,-0.8704029387551875,-0.30945807491147276,-0.6509571799589724,-0.34567567399895416,0.3098866022515677,-1.3092439314586717,-0.6340606814605939,-0.5935192026789141,1.2335164149063018
-1.6636682057630119,-0.6291176127689656,-0.8894650126191982,0.8927360323896893,1.2766930010058655,0.3077426432501181,-0.34567567399895416,-0.009996342008115089,1.2286653129487366,-0.6340606814605939,-0.5935192026789141,-0.33764192786060904
0.49892236603475565,-1.6729974212609515,-0.1381219074924647,0.3050230420080638,-1.5783789356453435,-0.3313905722226089,-0.6641973731456523,0.9496524907709334,0.2769493462959585,1.5771361152633603,-0.5935192026789141,1.2335164149063018
-1.40924578555151,1.5320075706211504,-0.8894650126191982,-1.458115929136813,-0.6266882900949404,-0.9705237876953359,-1.6197624705857465,0.6297695465112505,-0.9920052759077457,-0.6340606814605939,-0.5935192026789141,-0.9661052649673734
1.0077672064577599,0.052884250401700895,-1.3903604160370207,-0.2826899483735619,0.6422325706389302,-1.6096570031680628,0.60988942344114,-1.2895281190468464,1.5459039684996627,1.5771361152633603,-0.5935192026789141,0.29082140924615535
1.643823256986515,0.4387804506305012,-1.3903604160370207,0.8927360323896893,-0.6266882900949404,-0.3313905722226089,1.5654545208812343,-0.3298792862677979,-0.040289309254967536,-0.6340606814605939,-0.5935192026789141,0.9192847463529197
-0.009922474388248505,-0.3316433525944212,1.114116601052091,1.480449022771315,1.2766930010058655,-0.011823964486245425,0.29136772429444197,0.6297695465112505,-0.040289309254967536,1.5771361152633603,1.684865452518453,0.29082140924615535
1.516612046880764,0.9908552794845685,-0.639017310910287,-0.8704029387551875,1.2766930010058655,-1.6096570031680628,-0.6641973731456523,0.6297695465112505,-0.35752796480589355,-0.6340606814605939,-0.5935192026789141,-1.2803369335207555
1.3894008367750128,-0.19038167904709827,-0.8894650126191982,-0.2826899483735619,-1.5783789356453435,-0.9705237876953359,-0.027153974852256096,-0.009996342008115089,1.5459039684996627,-0.6340606814605939,-0.5935192026789141,-0.023410259307226837
0.24449994582325357,0.8609918706882358,0.86366889934318,0.8927360323896893,-0.6266882900949404,0.9468758587228451,-0.9827190722923503,0.3098866022515677,1.2286653129487366,-0.6340606814605939,-0.5935192026789141,0.9192847463529197
-0.2643448945997506,0.3686768005344707,-0.639017310910287,-0.8704029387551875,0.007772140271994877,-0.6509571799589724,-0.34567567399895416,-1.2895281190468464,-0.9920052759077457,1.5771361152633603,-0.5935192026789141,-0.9661052649673734
0.8805559963520088,0.04476322198173804,-1.1399127143281094,0.8927360323896893,0.007772140271994877,-0.6509571799589724,0.60988942344114,-1.609411063306529,-0.9920052759077457,-0.6340606814605939,-0.5935192026789141,-0.6518735964139912
0.11728873571750253,1.6342178033387467,-1.1399127143281094,0.3050230420080638,1.2766930010058655,1.5860090741955721,1.5654545208812343,-1.609411063306529,1.5459039684996627,-0.6340606814605939,-0.5935192026789141,-1.2803369335207555
0.6261335761405067,0.44228705466378365,0.86366889934318,-0.2826899483735619,1.593923216189333,-0.9705237876953359,-1.3012407714390484,-0.9696451747871635,0.9114266573978106,1.5771361152633603,-0.5935192026789141,-0.6518735964139912
-1.282034575445759,-1.4745454432195535,-0.3885696092013759,-1.458115929136813,0.9594627858223979,-0.3313905722226089,1.5654545208812343,1.589418379290299,-0.6747666203568196,-0.6340606814605939,-0.5935192026789141,0.9192847463529197
-0.5187673148112526,-0.07660273067844557,-1.3903604160370207,-1.458115929136813,0.9594627858223979,0.9468758587228451,-1.6197624705857465,0.3098866022515677,-1.6264825870095976,-0.6340606814605939,-0.5935192026789141,-1.2803369335207555
-1.1548233653400077,-1.5507069978849628,0.6132211976342689,0.8927360323896893,0.3250023554554625,0.3077426432501181,-0.027153974852256096,-0.3298792862677979,-0.9920052759077457,-0.6340606814605939,-0.5935192026789141,-0.33764192786060904
0.24449994582325357,0.2443916613968468,-0.1381219074924647,1.480449022771315,0.3250023554554625,-1.2900903954316993,-0.6641973731456523,-1.2895281190468464,-1.6264825870095976,-0.6340606814605939,1.684865452518453,-1.2803369335207555
-1.40924578555151,-0.40831036866476833,-0.1381219074924647,-1.458115929136813,-1.2611487204618759,1.5860090741955721,1.5654545208812343,0.6297695465112505,1.2286653129487366,-0.6340606814605939,1.684865452518453,-0.9661052649673734
1.1349784165635108,-1.137502362576793,0.6132211976342689,1.480449022771315,-1.5783789356453435,1.5860090741955721,0.29136772429444197,0.6297695465112505,-0.040289309254967536,-0.6340606814605939,1.684865452518453,0.29082140924615535
0.8805559963520088,-1.5233166974664016,-1.1399127143281094,0.3050230420080638,-1.2611487204618759,1.2664424664592087,1.5654545208812343,1.269535435030616,-0.9920052759077457,-0.6340606814605939,-0.5935192026789141,1.5477480834596842
-1.6636682057630119,1.0997191041476297,0.11232579421644646,-0.2826899483735619,-1.5783789356453435,-1.6096570031680628,0.60988942344114,-0.9696451747871635,-0.6747666203568196,-0.6340606814605939,-0.5935192026789141,-1.2803369335207555
1.3894008367750128,1.5058227330424403,-1.1399127143281094,0.3050230420080638,0.9594627858223979,0.6273092509864816,-0.9827190722923503,-0.009996342008115089,-0.6747666203568196,1.5771361152633603,-0.5935192026789141,0.29082140924615535
-1.0276121552342568,0.7574208158425567,0.86366889934318,-0.2826899483735619,1.593923216189333,-1.2900903954316993,-1.6197624705857465,-0.009996342008115089,0.2769493462959585,-0.6340606814605939,-0.5935192026789141,0.9192847463529197
-1.6636682057630119,-1.1547124484415303,0.6132211976342689,-0.2826899483735619,1.593923216189333,-0.9705237876953359,0.29136772429444197,-0.6497622305274807,-1.6264825870095976,-0.6340606814605939,1.684865452518453,-0.6518735964139912
-0.9004009451285058,0.6570174749015231,-0.1381219074924647,1.480449022771315,0.007772140271994877,-0.9705237876953359,-1.3012407714390484,-0.9696451747871635,-0.35752796480589355,1.5771361152633603,-0.5935192026789141,1.5477480834596842
-0.3915561047055016,-0.17749667468530447,-0.8894650126191982,0.3050230420080638,-1.2611487204618759,-1.6096570031680628,-1.6197624705857465,1.269535435030616,0.2769493462959585,1.5771361152633603,-0.5935192026789141,-1.2803369335207555
1.516612046880764,-1.1778684126806953,-0.639017310910287,0.8927360323896893,0.6422325706389302,0.3077426432501181,-0.6641973731456523,-0.009996342008115089,1.2286653129487366,-0.6340606814605939,-0.5935192026789141,0.9192847463529197
-0.3915561047055016,1.4034872329063983,-1.1399127143281094,-1.458115929136813,0.9594627858223979,1.5860090741955721,0.9284111225878381,0.6297695465112505,1.5459039684996627,-0.6340606814605939,-0.5935192026789141,-0.9661052649673734
-0.9004009451285058,0.9565446373084275,1.114116601052091,0.8927360323896893,0.007772140271994877,0.3077426432501181,-1.6197624705857465,1.589418379290299,0.9114266573978106,-0.6340606814605939,-0.5935192026789141,0.9192847463529197
-1.536456995657261,0.7102101271657321,0.86366889934318,0.8927360323896893,-0.9439185052784081,0.9468758587228451,-0.9827190722923503,1.269535435030616,-0.040289309254967536,1.5771361152633603,-0.5935192026789141,-0.9661052649673734
0.11728873571750253,0.9826427640962617,1.3645643027610024,0.8927360323896893,1.2766930010058655,1.5860090741955721,-0.34567567399895416,1.269535435030616,-1.6264825870095976,-0.6340606814605939,-0.5935192026789141,0.29082140924615535
-0.3915561047055016,1.5607997367161792,0.3627734959253576,-0.8704029387551875,-0.30945807491147276,-0.3313905722226089,-0.027153974852256096,0.3098866022515677,-0.6747666203568196,-0.6340606814605939,-0.5935192026789141,0.6050530777995375
-1.0276121552342568,1.6464546764273327,-1.3903604160370207,0.8927360323896893,1.2766930010058655,-0.011823964486245425,-0.6641973731456523,-0.3298792862677979,-0.6747666203568196,-0.6340606814605939,-0.5935192026789141,1.5477480834596842
-0.6459785249170037,-0.9633853435692116,0.3627734959253576,0.3050230420080638,-0.30945807491147276,-0.3313905722226089,-0.9827190722923503,0.3098866022515677,-0.9920052759077457,-0.6340606814605939,-0.5935192026789141,-0.023410259307226837
0.8805559963520088,1.016609195420982,-0.3885696092013759,0.3050230420080638,-0.30945807491147276,-0.3313905722226089,-0.6641973731456523,-1.609411063306529,-0.040289309254967536,-0.6340606814605939,1.684865452518453,-1.5945686020741379
1.3894008367750128,0.9655403515394821,-0.639017310910287,0.3050230420080638,-1.5783789356453435,-0.3313905722226089,0.60988942344114,-0.009996342008115089,1.5459039684996627,-0.6340606814605939,-0.5935192026789141,-1.5945686020741379
1.0077672064577599,-1.449438844403565,-0.8894650126191982,0.3050230420080638,-0.6266882900949404,0.9468758587228451,0.29136772429444197,-0.009996342008115089,-0.040289309254967536,-0.6340606814605939,-0.5935192026789141,0.6050530777995375
-0.6459785249170037,-0.6481438513713809,-0.8894650126191982,0.8927360323896893,-1.2611487204618759,1.2664424664592087,-0.9827190722923503,0.3098866022515677,-0.040289309254967536,-0.6340606814605939,-0.5935192026789141,1.5477480834596842
-0.7731897350227547,1.123799514407262,1.3645643027610024,-1.458115929136813,-1.5783789356453435,1.5860090741955721,1.2469328217345361,-1.2895281190468464,-1.3092439314586717,-0.6340606814605939,-0.5935192026789141,0.29082140924615535
-0.009922474388248505,-1.6605988054266758,-1.3903604160370207,0.8927360323896893,1.2766930010058655,1.2664424664592087,-1.6197624705857465,1.269535435030616,-0.040289309254967536,-0.6340606814605939,-0.5935192026789141,0.6050530777995375
0.7533447862462577,-1.0849478509005506,0.86366889934318,-0.2826899483735619,1.2766930010058655,-0.6509571799589724,0.9284111225878381,-1.2895281190468464,-0.9920052759077457,-0.6340606814605939,-0.5935192026789141,-1.5945686020741379
0.6261335761405067,1.1036451358489276,1.6150120044699134,-0.8704029387551875,0.007772140271994877,1.2664424664592087,-0.6641973731456523,1.589418379290299,1.5459039684996627,-0.6340606814605939,-0.5935192026789141,0.6050530777995375
-1.6636682057630119,-0.5947068403117022,-0.639017310910287,0.3050230420080638,-0.30945807491147276,0.9468758587228451,-0.6641973731456523,-0.3298792862677979,-0.35752796480589355,-0.6340606814605939,-0.5935192026789141,-0.33764192786060904
0.24449994582325357,-0.5043802524494347,-0.639017310910287,0.8927360323896893,0.3250023554554625,-1.6096570031680628,1.5654545208812343,-0.3298792862677979,0.5941880018468845,-0.6340606814605939,1.684865452518453,1.2335164149063018
0.24449994582325357,1.2636693632061915,1.114116601052091,-1.458115929136813,1.2766930010058655,-0.011823964486245425,-1.6197624705857465,-0.6497622305274807,-1.3092439314586717,-0.6340606814605939,1.684865452518453,-0.023410259307226837
-0.9004009451285058,1.3720990022390027,-0.3885696092013759,-0.8704029387551875,0.007772140271994877,-1.6096570031680628,-1.6197624705857465,-0.6497622305274807,0.9114266573978106,-0.6340606814605939,1.684865452518453,-0.33764192786060904
0.3717111559290046,1.6195981736614666,-0.3885696092013759,-0.2826899483735619,0.6422325706389302,1.2664424664592087,-1.3012407714390484,-0.6497622305274807,1.5459039684996627,-0.6340606814605939,1.684865452518453,-1.2803369335207555
0.6261335761405067,1.7135140025247362,0.86366889934318,-1.458115929136813,0.6422325706389302,0.6273092509864816,-0.9827190722923503,-1.2895281190468464,-0.6747666203568196,-0.6340606814605939,-0.5935192026789141,-0.6518735964139912
1.643823256986515,1.6000010142042738,-0.3885696092013759,-1.458115929136813,-1.5783789356453435,-1.2900903954316993,-0.9827190722923503,0.9496524907709334,1.5459039684996627,-0.6340606814605939,-0.5935192026789141,1.2335164149063018
-0.6459785249170037,1.5912879964565976,-1.1399127143281094,-1.458115929136813,0.9594627858223979,1.2664424664592087,-0.9827190722923503,-0.009996342008115089,1.5459039684996627,-0.6340606814605939,-0.5935192026789141,0.29082140924615535
-0.5187673148112526,1.02756851529761,0.86366889934318,0.8927360323896893,-0.6266882900949404,-1.2900903954316993,1.5654545208812343,1.269535435030616,-1.6264825870095976,-0.6340606814605939,-0.5935192026789141,1.5477480834596842
1.643823256986515,-1.3731225212574736,0.11232579421644646,-0.2826899483735619,0.9594627858223979,-0.6509571799589724,0.29136772429444197,-0.009996342008115089,-0.6747666203568196,-0.6340606814605939,-0.5935192026789141,-0.023410259307226837
1.0077672064577599,0.43389288226838224,-0.8894650126191982,0.3050230420080638,-1.5783789356453435,-0.6509571799589724,0.9284111225878381,-0.6497622305274807,1.2286653129487366,1.5771361152633603,1.684865452518453,-0.023410259307226837
-1.0276121552342568,0.14805455451340044,0.86366889934318,-0.2826899483735619,-0.9439185052784081,0.3077426432501181,0.9284111225878381,-1.609411063306529,0.2769493462959585,1.5771361152633603,-0.5935192026789141,0.6050530777995375
0.24449994582325357,-0.6282920426599568,-1.6408081177459317,-0.2826899483735619,-0.30945807491147276,0.6273092509864816,-0.027153974852256096,-0.6497622305274807,-0.040289309254967536,-0.6340606814605939,-0.5935192026789141,0.6050530777995375
0.6261335761405067,0.3679337074655981,1.3645643027610024,0.8927360323896893,0.6422325706389302,-0.011823964486245425,1.2469328217345361,-0.9696451747871635,0.2769493462959585,-0.6340606814605939,-0.5935192026789141,0.6050530777995375
1.516612046880764,-0.8614536923861377,-0.1381219074924647,-1.458115929136813,0.3250023554554625,0.6273092509864816,-0.34567567399895416,-0.3298792862677979,1.5459039684996627,-0.6340606814605939,-0.5935192026789141,1.5477480834596842
1.3894008367750128,-0.35484322158898735,0.3627734959253576,-1.458115929136813,0.6422325706389302,-1.6096570031680628,0.29136772429444197,0.3098866022515677,-1.3092439314586717,-0.6340606814605939,-0.5935192026789141,-1.2803369335207555
0.8805559963520088,0.029809949797037757,-0.639017310910287,-1.458115929136813,-1.2611487204618759,0.9468758587228451,-0.9827190722923503,1.589418379290299,-0.9920052759077457,-0.6340606814605939,-0.5935192026789141,-0.6518735964139912
-1.1548233653400077,-1.7261906724683291,1.114116601052091,-0.2826899483735619,-0.9439185052784081,1.2664424664592087,1.5654545208812343,1.269535435030616,1.2286653129487366,-0.6340606814605939,1.684865452518453,-0.9661052649673734
1.3894008367750128,-1.7026352289008517,-0.8894650126191982,-0.8704029387551875,-0.6266882900949404,-0.011823964486245425,-0.6641973731456523,-0.009996342008115089,-0.6747666203568196,-0.6340606814605939,-0.5935192026789141,0.6050530777995375
-1.282034575445759,-0.9948929193740672,-1.1399127143281094,-1.458115929136813,0.007772140271994877,-0.9705237876953359,1.5654545208812343,-0.3298792862677979,-1.6264825870095976,1.5771361152633603,-0.5935192026789141,-0.6518735964139912
0.7533447862462577,-1.4000629851965354,0.6132211976342689,-1.458115929136813,0.6422325706389302,0.6273092509864816,-0.34567567399895416,1.589418379290299,-0.6747666203568196,-0.6340606814605939,1.684865452518453,-0.023410259307226837
-0.6459785249170037,1.4197264668846994,0.86366889934318,0.3050230420080638,0.007772140271994877,-0.3313905722226089,0.60988942344114,-1.609411063306529,-0.9920052759077457,-0.6340606814605939,-0.5935192026789141,-0.023410259307226837
0.3717111559290046,-1.6025896681848408,0.3627734959253576,-1.458115929136813,0.6422325706389302,-0.3313905722226089,-0.027153974852256096,1.589418379290299,0.2769493462959585,-0.6340606814605939,-0.5935192026789141,0.9192847463529197
0.11728873571750253,1.25053381486529,-1.6408081177459317,0.8927360323896893,-1.2611487204618759,1.5860090741955721,-0.9827190722923503,1.589418379290299,-0.040289309254967536,-0.6340606814605939,1.684865452518453,-1.2803369335207555
0.11728873571750253,-1.5051543425618745,-1.1399127143281094,-1.458115929136813,1.593923216189333,-0.011823964486245425,0.9284111225878381,-1.2895281190468464,-0.040289309254967536,-0.6340606814605939,-0.5935192026789141,-0.9661052649673734
-1.282034575445759,0.0015290849770474518,0.3627734959253576,-0.8704029387551875,1.2766930010058655,0.9468758587228451,0.29136772429444197,-1.609411063306529,-1.3092439314586717,-0.6340606814605939,-0.5935192026789141,-0.023410259307226837
-1.1548233653400077,-1.259637127208261,-0.1381219074924647,0.8927360323896893,-1.2611487204618759,-0.3313905722226089,-0.027153974852256096,-1.2895281190468464,-1.6264825870095976,-0.6340606814605939,-0.5935192026789141,0.29082140924615535
-1.6636682057630119,-0.13912604428905942,-1.6408081177459317,-0.2826899483735619,-0.6266882900949404,-1.6096570031680628,-0.6641973731456523,-0.6497622305274807,1.2286653129487366,-0.6340606814605939,-0.5935192026789141,0.6050530777995375
-0.5187673148112526,-0.7354506457521105,1.3645643027610024,-1.458115929136813,-0.6266882900949404,-0.3313905722226089,-1.6197624705857465,1.269535435030616,0.9114266573978106,-0.6340606814605939,-0.5935192026789141,1.5477480834596842
-1.282034575445759,1.2579259823475624,-0.639017310910287,-0.2826899483735619,-1.2611487204618759,-1.6096570031680628,-0.9827190722923503,0.3098866022515677,-1.3092439314586717,1.5771361152633603,-0.5935192026789141,-1.5945686020741379
-0.3915561047055016,-0.7631112004445977,0.86366889934318,0.3050230420080638,0.6422325706389302,-0.9705237876953359,0.9284111225878381,-0.9696451747871635,-0.9920052759077457,-0.6340606814605939,1.684865452518453,-1.2803369335207555
0.6261335761405067,-0.8243246620747654,-0.639017310910287,0.3050230420080638,1.2766930010058655,0.6273092509864816,0.9284111225878381,1.589418379290299,-0.35752796480589355,-0.6340606814605939,1.684865452518453,-0.6518735964139912
-0.7731897350227547,-1.0455207485425215,-0.1381219074924647,1.480449022771315,0.007772140271994877,0.6273092509864816,-0.027153974852256096,0.3098866022515677,-0.35752796480589355,-0.6340606814605939,-0.5935192026789141,0.29082140924615535
-0.2643448945997506,0.8609521391294945,1.3645643027610024,0.3050230420080638,0.6422325706389302,1.5860090741955721,1.2469328217345361,1.589418379290299,-0.35752796480589355,-0.6340606814605939,-0.5935192026789141,-0.6518735964139912
-1.40924578555151,0.10119428559031,-0.8894650126191982,0.3050230420080638,1.593923216189333,0.3077426432501181,-0.027153974852256096,-0.6497622305274807,0.5941880018468845,-0.6340606814605939,-0.5935192026789141,0.6050530777995375
0.11728873571750253,-0.5825088271541646,0.11232579421644646,0.3050230420080638,-0.9439185052784081,-0.6509571799589724,-0.34567567399895416,-0.9696451747871635,-0.9920052759077457,-0.6340606814605939,1.684865452518453,-0.9661052649673734
-0.9004009451285058,0.8926470651473636,1.114116601052091,0.3050230420080638,-1.2611487204618759,0.9468758587228451,1.5654545208812343,-0.6497622305274807,-1.3092439314586717,-0.6340606814605939,-0.5935192026789141,-1.2803369335207555
0.6261335761405067,1.261052512159784,1.3645643027610024,0.3050230420080638,0.6422325706389302,0.3077426432501181,-0.34567567399895416,-0.009996342008115089,0.2769493462959585,-0.6340606814605939,-0.5935192026789141,0.9192847463529197
1.1349784165635108,1.2396097925566392,1.6150120044699134,0.8927360323896893,-1.5783789356453435,1.2664424664592087,-0.9827190722923503,1.269535435030616,1.2286653129487366,1.5771361152633603,-0.5935192026789141,0.9192847463529197
0.24449994582325357,1.2843655866540808,-1.3903604160370207,-1.458115929136813,0.9594627858223979,1.5860090741955721,-0.34567567399895416,0.6297695465112505,-0.9920052759077457,-0.6340606814605939,-0.5935192026789141,-0.6518735964139912
-1.1548233653400077,-0.36414450785942404,-0.639017310910287,-1.458115929136813,-0.6266882900949404,-1.6096570031680628,1.5654545208812343,-1.2895281190468464,-0.040289309254967536,-0.6340606814605939,-0.5935192026789141,0.6050530777995375
0.7533447862462577,-1.3062616462820507,1.6150120044699134,1.480449022771315,0.3250023554554625,-0.9705237876953359,-0.34567567399895416,-1.609411063306529,0.5941880018468845,-0.6340606814605939,1.684865452518453,-0.023410259307226837
0.8805559963520088,-0.7870634797077062,0.6132211976342689,0.3050230420080638,-1.5783789356453435,-1.6096570031680628,0.9284111225878381,-1.609411063306529,-0.6747666203568196,-0.6340606814605939,-0.5935192026789141,0.9192847463529197
-0.009922474388248505,0.6741971282089082,0.6132211976342689,-1.458115929136813,0.3250023554554625,1.5860090741955721,-0.027153974852256096,-1.2895281190468464,1.5459039684996627,1.5771361152633603,-0.5935192026789141,0.29082140924615535
-1.536456995657261,-0.22207892452471592,0.3627734959253576,1.480449022771315,0.6422325706389302,-0.9705237876953359,1.5654545208812343,-0.009996342008115089,-0.040289309254967536,-0.6340606814605939,1.684865452518453,0.6050530777995375
-0.7731897350227547,-0.9841275596789704,0.6132211976342689,1.480449022771315,0.007772140271994877,-1.2900903954316993,-0.027153974852256096,-0.6497622305274807,0.2769493462959585,1.5771361152633603,-0.5935192026789141,-0.023410259307226837
-0.009922474388248505,1.3471349556610461,0.3627734959253576,-1.458115929136813,-1.2611487204618759,0.9468758587228451,0.60988942344114,-0.009996342008115089,0.9114266573978106,-0.6340606814605939,-0.5935192026789141,-1.5945686020741379
-1.282034575445759,-1.1053068455310782,0.86366889934318,0.3050230420080638,1.2766930010058655,0.9468758587228451,1.5654545208812343,-0.6497622305274807,-0.040289309254967536,-0.6340606814605939,-0.5935192026789141,-1.2803369335207555
-0.009922474388248505,0.6678771729312363,0.3627734959253576,-0.8704029387551875,0.9594627858223979,-0.3313905722226089,-1.6197624705857465,1.589418379290299,-0.040289309254967536,-0.6340606814605939,1.684865452518453,0.29082140924615535
0.11728873571750253,-1.1769058349194996,-1.3903604160370207,0.8927360323896893,-0.30945807491147276,0.9468758587228451,1.5654545208812343,1.269535435030616,0.2769493462959585,1.5771361152633603,1.684865452518453,-0.33764192786060904
1.1349784165635108,1.4686229009515104,0.86366889934318,0.8927360323896893,0.6422325706389302,-0.011823964486245425,-0.34567567399895416,1.269535435030616,-1.6264825870095976,-0.6340606814605939,1.684865452518453,-1.5945686020741379
-1.40924578555151,0.45008282136147487,0.6132211976342689,-0.8704029387551875,-1.2611487204618759,0.6273092509864816,-0.027153974852256096,1.589418379290299,-0.9920052759077457,-0.6340606814605939,1.684865452518453,0.9192847463529197
-0.2643448945997506,-1.3371579114427552,1.3645643027610024,-0.8704029387551875,-0.6266882900949404,-0.011823964486245425,-1.6197624705857465,-0.9696451747871635,-1.3092439314586717,1.5771361152633603,1.684865452518453,-0.6518735964139912
0.49892236603475565,-1.0132592055016212,1.3645643027610024,1.480449022771315,1.2766930010058655,1.5860090741955721,-0.9827190722923503,1.269535435030616,1.5459039684996627,-0.6340606814605939,-0.5935192026789141,-0.33764192786060904
-1.282034575445759,-0.22893787579374153,1.3645643027610024,0.3050230420080638,-1.5783789356453435,1.2664424664592087,-1.6197624705857465,1.269535435030616,-0.040289309254967536,-0.6340606814605939,-0.5935192026789141,-0.023410259307226837
0.3717111559290046,0.8104768055845626,-0.1381219074924647,-1.458115929136813,0.9594627858223979,-0.011823964486245425,0.29136772429444197,-0.9696451747871635,1.2286653129487366,-0.6340606814605939,-0.5935192026789141,0.29082140924615535
-0.2643448945997506,1.1323580100745374,0.3627734959253576,-1.458115929136813,0.3250023554554625,-0.011823964486245425,-1.3012407714390484,0.6297695465112505,0.5941880018468845,1.5771361152633603,-0.5935192026789141,-0.023410259307226837
-1.536456995657261,-1.6458265897664954,-0.639017310910287,-1.458115929136813,-0.9439185052784081,1.5860090741955721,0.9284111225878381,0.6297695465112505,-0.040289309254967536,-0.6340606814605939,-0.5935192026789141,-0.023410259307226837
0.49892236603475565,-1.3074848429462635,0.3627734959253576,1.480449022771315,0.007772140271994877,-0.9705237876953359,1.2469328217345361,-0.3298792862677979,1.2286653129487366,-0.6340606814605939,-0.5935192026789141,1.2335164149063018
1.0077672064577599,-1.5309754146157142,-1.1399127143281094,-0.2826899483735619,1.593923216189333,0.3077426432501181,-0.34567567399895416,-1.609411063306529,0.9114266573978106,1.5771361152633603,1.684865452518453,-0.023410259307226837
0.24449994582325357,-0.15149330537532493,1.3645643027610024,0.3050230420080638,-0.6266882900949404,-0.6509571799589724,-0.9827190722923503,1.269535435030616,-0.040289309254967536,1.5771361152633603,-0.5935192026789141,0.29082140924615535
1.3894008367750128,-0.32025082980319325,-0.3885696092013759,1.480449022771315,0.007772140271994877,-0.6509571799589724,0.29136772429444197,0.3098866022515677,-0.9920052759077457,-0.6340606814605939,-0.5935192026789141,-0.6518735964139912
-1.40924578555151,-0.27702896490051737,1.114116601052091,0.8927360323896893,-0.9439185052784081,-0.011823964486245425,-0.9827190722923503,1.269535435030616,-1.3092439314586717,1.5771361152633603,-0.5935192026789141,-0.9661052649673734
1.1349784165635108,-1.457794929021533,0.11232579421644646,0.3050230420080638,-0.9439185052784081,-1.6096570031680628,-0.6641973731456523,-0.3298792862677979,1.2286653129487366,-0.6340606814605939,-0.5935192026789141,1.5477480834596842
0.11728873571750253,-1.0943461518644326,1.3645643027610024,0.8927360323896893,0.9594627858223979,1.5860090741955721,1.2469328217345361,-1.609411063306529,1.5459039684996627,-0.6340606814605939,-0.5935192026789141,-0.6518735964139912
-0.009922474388248505,-0.3675401393803452,-1.6408081177459317,0.8927360323896893,-0.6266882900949404,1.2664424664592087,1.5654545208812343,1.589418379290299,-0.040289309254967536,-0.6340606814605939,1.684865452518453,-0.6518735964139912
1.1349784165635108,1.1079351295168047,-0.3885696092013759,0.3050230420080638,0.007772140271994877,-0.011823964486245425,0.9284111225878381,1.269535435030616,0.2769493462959585,-0.6340606814605939,1.684865452518453,-0.33764192786060904
0.7533447862462577,0.5088481298633027,0.6132211976342689,0.8927360323896893,0.007772140271994877,-0.011823964486245425,-1.6197624705857465,-0.009996342008115089,-0.6747666203568196,-0.6340606814605939,-0.5935192026789141,0.9192847463529197
0.24449994582325357,-0.24566209070645495,0.11232579421644646,1.480449022771315,-0.30945807491147276,0.3077426432501181,1.2469328217345361,0.6297695465112505,-0.9920052759077457,-0.6340606814605939,1.684865452518453,-0.6518735964139912
-1.282034575445759,-0.4861176319311852,0.3627734959253576,-1.458115929136813,0.6422325706389302,0.9468758587228451,-0.9827190722923503,-0.6497622305274807,0.2769493462959585,1.5771361152633603,-0.5935192026789141,0.6050530777995375
0.6261335761405067,0.5932550715883671,-0.1381219074924647,0.8927360323896893,-0.30945807491147276,-0.3313905722226089,-1.3012407714390484,-0.9696451747871635,0.5941880018468845,-0.6340606814605939,1.684865452518453,1.2335164149063018
0.3717111559290046,0.7976458635645285,-0.8894650126191982,-0.2826899483735619,-0.6266882900949404,-0.6509571799589724,0.60988942344114,0.3098866022515677,-0.9920052759077457,-0.6340606814605939,-0.5935192026789141,-0.023410259307226837
1.516612046880764,-0.28337207958328325,1.114116601052091,-0.8704029387551875,0.3250023554554625,0.3077426432501181,0.60988942344114,-0.9696451747871635,0.9114266573978106,-0.6340606814605939,-0.5935192026789141,0.9192847463529197
-0.6459785249170037,0.3920040518453431,0.11232579421644646,-1.458115929136813,-1.5783789356453435,-0.011823964486245425,-0.9827190722923503,-1.609411063306529,-0.35752796480589355,-0.6340606814605939,-0.5935192026789141,-0.9661052649673734
0.7533447862462577,1.566346851999571,0.3627734959253576,-1.458115929136813,1.2766930010058655,0.9468758587228451,0.29136772429444197,-0.6497622305274807,0.2769493462959585,1.5771361152633603,-0.5935192026789141,0.29082140924615535
1.0077672064577599,0.6871032451043042,-0.639017310910287,-1.458115929136813,-1.2611487204618759,0.3077426432501181,-0.34567567399895416,1.589418379290299,0.5941880018468845,-0.6340606814605939,1.684865452518453,-1.5945686020741379
1.2621896266692618,-0.2615065168311711,0.6132211976342689,0.8927360323896893,1.2766930010058655,0.6273092509864816,1.2469328217345361,0.6297695465112505,0.5941880018468845,-0.6340606814605939,-0.5935192026789141,1.2335164149063018
-0.13713368449399954,-1.7120686706138797,0.11232579421644646,0.3050230420080638,-1.2611487204618759,1.5860090741955721,-0.34567567399895416,-0.009996342008115089,0.5941880018468845,-0.6340606814605939,1.684865452518453,0.6050530777995375
1.643823256986515,0.6819785099249495,-0.3885696092013759,-0.8704029387551875,-1.5783789356453435,0.9468758587228451,-0.027153974852256096,-0.3298792862677979,0.5941880018468845,-0.6340606814605939,-0.5935192026789141,0.29082140924615535
0.8805559963520088,-0.6784026909927108,0.11232579421644646,0.3050230420080638,-0.6266882900949404,1.5860090741955721,1.5654545208812343,0.3098866022515677,-1.3092439314586717,-0.6340606814605939,1.684865452518453,1.5477480834596842
-0.009922474388248505,-0.2376545611809532,-0.1381219074924647,0.8927360323896893,0.6422325706389302,-1.2900903954316993,-0.34567567399895416,-1.2895281190468464,-0.040289309254967536,1.5771361152633603,-0.5935192026789141,-0.9661052649673734
-1.6636682057630119,-0.49762580310470195,-0.639017310910287,0.8927360323896893,-1.5783789356453435,-0.3313905722226089,0.29136772429444197,-1.2895281190468464,0.5941880018468845,-0.6340606814605939,-0.5935192026789141,-0.023410259307226837
-1.40924578555151,-0.5416711187881972,-0.8894650126191982,1.480449022771315,0.3250023554554625,-0.011823964486245425,-0.9827190722923503,-0.009996342008115089,1.2286653129487366,-0.6340606814605939,-0.5935192026789141,0.9192847463529197
-1.6636682057630119,-0.40566655338813173,-0.639017310910287,-0.2826899483735619,1.593923216189333,-0.6509571799589724,0.60988942344114,1.589418379290299,-0.35752796480589355,-0.6340606814605939,-0.5935192026789141,-0.023410259307226837
1.0077672064577599,0.5644405853530337,0.3627734959253576,0.3050230420080638,-0.9439185052784081,-0.6509571799589724,1.2469328217345361,-1.2895281190468464,1.2286653129487366,-0.6340606814605939,-0.5935192026789141,-1.5945686020741379
1.3894008367750128,0.9551395005402401,1.3645643027610024,0.3050230420080638,0.3250023554554625,1.2664424664592087,0.29136772429444197,0.6297695465112505,0.2769493462959585,1.5771361152633603,1.684865452518453,0.29082140924615535
-1.6636682057630119,0.4432379150601052,-0.639017310910287,-1.458115929136813,1.2766930010058655,0.9468758587228451,1.5654545208812343,1.269535435030616,0.5941880018468845,1.5771361152633603,-0.5935192026789141,1.5477480834596842
1.516612046880764,-0.0467757388754455,0.3627734959253576,0.8927360323896893,0.007772140271994877,-1.2900903954316993,1.5654545208812343,-0.3298792862677979,-0.6747666203568196,-0.6340606814605939,1.684865452518453,-0.023410259307226837
0.7533447862462577,1.3947635656064832,-0.8894650126191982,0.8927360323896893,-0.30945807491147276,1.2664424664592087,-0.027153974852256096,-0.009996342008115089,-1.3092439314586717,-0.6340606814605939,-0.5935192026789141,0.6050530777995375
-1.282034575445759,-0.6916810848790138,1.3645643027610024,-0.8704029387551875,0.9594627858223979,-0.011823964486245425,0.60988942344114,1.269535435030616,0.2769493462959585,-0.6340606814605939,-0.5935192026789141,0.6050530777995375
0.6261335761405067,-1.6126369853612241,0.86366889934318,0.3050230420080638,1.593923216189333,-0.3313905722226089,0.29136772429444197,-1.2895281190468464,-1.3092439314586717,-0.6340606814605939,-0.5935192026789141,-0.6518735964139912
0.7533447862462577,1.5975008402912556,1.6150120044699134,-0.8704029387551875,-0.6266882900949404,0.9468758587228451,-0.9827190722923503,0.6297695465112505,-1.3092439314586717,-0.6340606814605939,1.684865452518453,-1.5945686020741379
-1.6636682057630119,-1.3505195653580826,0.11232579421644646,-0.2826899483735619,-1.2611487204618759,1.2664424664592087,-0.6641973731456523,0.6297695465112505,-0.040289309254967536,-0.6340606814605939,-0.5935192026789141,-0.33764192786060904
0.11728873571750253,-1.0666583806915244,1.114116601052091,1.480449022771315,0.9594627858223979,0.3077426432501181,-0.34567567399895416,-0.3298792862677979,-0.040289309254967536,-0.6340606814605939,1.684865452518453,0.9192847463529197
1.516612046880764,-1.4826166656534825,1.114116601052091,-0.2826899483735619,0.6422325706389302,-0.9705237876953359,-0.6641973731456523,-0.009996342008115089,-0.9920052759077457,-0.6340606814605939,-0.5935192026789141,-1.2803369335207555
-0.6459785249170037,0.9252161717262132,0.86366889934318,1.480449022771315,-0.6266882900949404,0.3077426432501181,-1.3012407714390484,-1.609411063306529,0.2769493462959585,-0.6340606814605939,-0.5935192026789141,-0.023410259307226837
1.3894008367750128,-1.0529591283925672,0.6132211976342689,-0.2826899483735619,1.2766930010058655,-0.9705237876953359,1.2469328217345361,-0.6497622305274807,-0.040289309254967536,-0.6340606814605939,1.684865452518453,1.5477480834596842
0.8805559963520088,-1.0295809924422468,-1.1399127143281094,-0.8704029387551875,0.007772140271994877,0.3077426432501181,0.9284111225878381,-1.2895281190468464,-0.9920052759077457,-0.6340606814605939,1.684865452518453,-0.6518735964139912
-0.9004009451285058,0.7847740051097419,1.6150120044699134,0.3050230420080638,-0.9439185052784081,-0.3313905722226089,-0.9827190722923503,-1.609411063306529,0.2769493462959585,1.5771361152633603,-0.5935192026789141,-1.2803369335207555
-1.282034575445759,-0.6367011717228617,-0.3885696092013759,-0.2826899483735619,-0.30945807491147276,1.5860090741955721,-0.9827190722923503,1.269535435030616,1.5459039684996627,1.5771361152633603,-0.5935192026789141,-1.2803369335207555
0.3717111559290046,-0.5694914773251278,1.114116601052091,1.480449022771315,0.6422325706389302,-0.011823964486245425,1.5654545208812343,0.9496524907709334,-0.6747666203568196,1.5771361152633603,-0.5935192026789141,0.29082140924615535
1.3894008367750128,-0.5579665489206107,1.114116601052091,0.8927360323896893,1.2766930010058655,-0.6509571799589724,-1.6197624705857465,-0.3298792862677979,-1.3092439314586717,-0.6340606814605939,-0.5935192026789141,-0.023410259307226837
-1.40924578555151,-1.5755253395270268,0.86366889934318,1.480449022771315,-0.30945807491147276,-1.2900903954316993,-0.34567567399895416,-1.2895281190468464,-0.35752796480589355,-0.6340606814605939,1.684865452518453,1.5477480834596842
0.11728873571750253,-0.7042643763835333,0.3627734959253576,0.3050230420080638,0.9594627858223979,1.5860090741955721,0.60988942344114,0.3098866022515677,-1.6264825870095976,-0.6340606814605939,-0.5935192026789141,0.6050530777995375
-0.009922474388248505,0.15866614259623507,0.6132211976342689,0.8927360323896893,1.2766930010058655,0.9468758587228451,-1.6197624705857465,-0.9696451747871635,0.9114266573978106,1.5771361152633603,-0.5935192026789141,-0.6518735964139912
-0.6459785249170037,0.13071095836013594,1.114116601052091,0.3050230420080638,0.3250023554554625,0.3077426432501181,1.5654545208812343,1.269535435030616,-0.9920052759077457,-0.6340606814605939,-0.5935192026789141,0.29082140924615535
-0.3915561047055016,-0.7126450784207197,-0.1381219074924647,-0.2826899483735619,0.9594627858223979,0.3077426432501181,0.29136772429444197,1.269535435030616,0.2769493462959585,-0.6340606814605939,1.684865452518453,1.5477480834596842
0.8805559963520088,0.042727640596707334,0.6132211976342689,-0.2826899483735619,-0.30945807491147276,-1.6096570031680628,-0.027153974852256096,0.9496524907709334,1.2286653129487366,-0.6340606814605939,-0.5935192026789141,-0.6518735964139912
0.3717111559290046,-1.2788611726258987,-1.3903604160370207,-1.458115929136813,-0.30945807491147276,1.2664424664592087,0.29136772429444197,0.9496524907709334,-0.6747666203568196,1.5771361152633603,-0.5935192026789141,0.29082140924615535
1.2621896266692618,1.3957020970936858,1.6150120044699134,0.8927360323896893,0.007772140271994877,-1.6096570031680628,0.60988942344114,-0.6497622305274807,1.5459039684996627,-0.6340606814605939,-0.5935192026789141,0.9192847463529197
-0.7731897350227547,0.03914514247726004,-0.639017310910287,-0.2826899483735619,0.6422325706389302,1.5860090741955721,-0.027153974852256096,0.9496524907709334,1.5459039684996627,-0.6340606814605939,1.684865452518453,0.9192847463529197
-0.3915561047055016,-0.9860536968838094,0.6132211976342689,-0.2826899483735619,-0.6266882900949404,-0.6509571799589724,-0.027153974852256096,-1.2895281190468464,0.2769493462959585,1.5771361152633603,-0.5935192026789141,1.5477480834596842
1.3894008367750128,-1.3534082974512662,0.11232579421644646,0.3050230420080638,1.593923216189333,1.2664424664592087,-1.6197624705857465,-1.609411063306529,-0.040289309254967536,-0.6340606814605939,-0.5935192026789141,0.6050530777995375
-0.7731897350227547,-1.1707804377228264,-1.1399127143281094,-0.2826899483735619,-1.2611487204618759,0.3077426432501181,-0.027153974852256096,0.9496524907709334,1.5459039684996627,1.5771361152633603,1.684865452518453,-1.2803369335207555
1.2621896266692618,-0.06697186400332734,-0.1381219074924647,0.8927360323896893,1.593923216189333,0.3077426432501181,0.29136772429444197,1.269535435030616,1.5459039684996627,-0.6340606814605939,1.684865452518453,-1.5945686020741379
-0.9004009451285058,-1.3564467397345574,-0.639017310910287,0.8927360323896893,0.007772140271994877,1.5860090741955721,1.5654545208812343,-0.009996342008115089,0.2769493462959585,1.5771361152633603,-0.5935192026789141,1.2335164149063018
0.24449994582325357,0.7402652436909865,1.3645643027610024,1.480449022771315,0.007772140271994877,-0.9705237876953359,-0.34567567399895416,0.6297695465112505,1.2286653129487366,-0.6340606814605939,-0.5935192026789141,-0.33764192786060904
-0.009922474388248505,-0.06866687626787324,0.86366889934318,-0.2826899483735619,0.007772140271994877,-0.3313905722226089,0.9284111225878381,-0.009996342008115089,-0.9920052759077457,1.5771361152633603,1.684865452518453,0.29082140924615535
-0.3915561047055016,1.3908783284383741,-0.3885696092013759,-1.458115929136813,0.9594627858223979,-0.9705237876953359,-0.34567567399895416,1.269535435030616,0.9114266573978106,1.5771361152633603,-0.5935192026789141,-0.33764192786060904
1.516612046880764,0.33188515632016274,-0.1381219074924647,-0.2826899483735619,-1.2611487204618759,-0.6509571799589724,-1.6197624705857465,-0.3298792862677979,-1.3092439314586717,1.5771361152633603,-0.5935192026789141,-0.33764192786060904
-1.1548233653400077,-0.739068239769784,0.86366889934318,0.8927360323896893,0.6422325706389302,-0.011823964486245425,-1.3012407714390484,1.589418379290299,-0.6747666203568196,1.5771361152633603,-0.5935192026789141,-0.33764192786060904
1.1349784165635108,-0.7597520827775093,-1.6408081177459317,1.480449022771315,-0.30945807491147276,-0.9705237876953359,0.60988942344114,1.269535435030616,-1.6264825870095976,-0.6340606814605939,-0.5935192026789141,0.9192847463529197
-1.282034575445759,-0.9381102606944731,1.6150120044699134,-0.8704029387551875,1.2766930010058655,-1.2900903954316993,-0.027153974852256096,-0.009996342008115089,-0.6747666203568196,-0.6340606814605939,-0.5935192026789141,0.9192847463529197
1.3894008367750128,-0.13733189907014398,-0.3885696092013759,-0.8704029387551875,-0.6266882900949404,-1.2900903954316993,0.9284111225878381,-0.9696451747871635,0.2769493462959585,-0.6340606814605939,-0.5935192026789141,0.6050530777995375
1.1349784165635108,-0.7750914353894555,-0.1381219074924647,-0.8704029387551875,-0.6266882900949404,0.6273092509864816,1.2469328217345361,-0.3298792862677979,-1.6264825870095976,1.5771361152633603,-0.5935192026789141,0.6050530777995375
0.3717111559290046,0.8890427760074667,0.11232579421644646,0.8927360323896893,0.9594627858223979,1.5860090741955721,-0.34567567399895416,1.269535435030616,0.5941880018468845,-0.6340606814605939,-0.5935192026789141,-0.33764192786060904
-0.13713368449399954,1.6790176438190325,-0.1381219074924647,-0.8704029387551875,0.3250023554554625,1.2664424664592087,-0.34567567399895416,-0.3298792862677979,0.5941880018468845,-0.6340606814605939,-0.5935192026789141,1.2335164149063018
-0.7731897350227547,0.9740506958099086,-1.3903604160370207,0.8927360323896893,-1.5783789356453435,0.6273092509864816,-0.34567567399895416,1.589418379290299,1.2286653129487366,1.5771361152633603,-0.5935192026789141,-0.6518735964139912
1.1349784165635108,-1.6390636664855587,0.6132211976342689,-0.8704029387551875,-0.6266882900949404,-0.011823964486245425,0.29136772429444197,1.589418379290299,-1.3092439314586717,1.5771361152633603,1.684865452518453,-0.9661052649673734
1.643823256986515,-0.8231095424958063,-0.3885696092013759,1.480449022771315,-1.2611487204618759,0.9468758587228451,-0.34567567399895416,1.589418379290299,-1.3092439314586717,-0.6340606814605939,-0.5935192026789141,-0.023410259307226837
-0.5187673148112526,-0.2057877214416227,1.114116601052091,-1.458115929136813,-0.9439185052784081,1.2664424664592087,-1.3012407714390484,-0.6497622305274807,-0.35752796480589355,-0.6340606814605939,-0.5935192026789141,-0.9661052649673734
-1.1548233653400077,-0.9764645368851949,-1.3903604160370207,-0.2826899483735619,0.007772140271994877,0.9468758587228451,-0.6641973731456523,1.589418379290299,-0.9920052759077457,-0.6340606814605939,-0.5935192026789141,1.5477480834596842
0.24449994582325357,0.5805535479226677,0.3627734959253576,0.8927360323896893,-0.6266882900949404,0.3077426432501181,0.60988942344114,0.9496524907709334,-0.6747666203568196,-0.6340606814605939,1.684865452518453,-1.2803369335207555
-0.2643448945997506,-0.6356419900053467,0.6132211976342689,-0.8704029387551875,0.007772140271994877,0.6273092509864816,-1.3012407714390484,-0.3298792862677979,-0.040289309254967536,-0.6340606814605939,1.684865452518453,-0.33764192786060904
0.24449994582325357,0.4900743578106526,1.114116601052091,0.8927360323896893,0.007772140271994877,-0.6509571799589724,-0.34567567399895416,-1.2895281190468464,-0.6747666203568196,-0.6340606814605939,-0.5935192026789141,-0.9661052649673734
-0.5187673148112526,1.0386836166615017,-0.8894650126191982,-0.8704029387551875,-1.2611487204618759,1.5860090741955721,-0.027153974852256096,-0.009996342008115089,0.5941880018468845,-0.6340606814605939,-0.5935192026789141,-1.5945686020741379
-1.6636682057630119,-1.7289642188074674,-1.3903604160370207,1.480449022771315,1.593923216189333,-0.3313905722226089,0.60988942344114,-1.2895281190468464,-0.6747666203568196,-0.6340606814605939,-0.5935192026789141,-0.9661052649673734
-1.282034575445759,-0.3151507972429332,1.3645643027610024,1.480449022771315,-0.6266882900949404,-1.2900903954316993,0.29136772429444197,-0.3298792862677979,-1.6264825870095976,1.5771361152633603,1.684865452518453,0.29082140924615535
0.3717111559290046,-1.6926277849243563,0.11232579421644646,0.8927360323896893,-0.30945807491147276,0.6273092509864816,-0.6641973731456523,0.6297695465112505,-0.040289309254967536,-0.6340606814605939,-0.5935192026789141,-0.023410259307226837
-0.009922474388248505,-0.2523997196262741,-1.6408081177459317,-0.8704029387551875,-1.5783789356453435,0.9468758587228451,-0.6641973731456523,0.3098866022515677,-1.3092439314586717,1.5771361152633603,-0.5935192026789141,-0.33764192786060904
0.11728873571750253,-1.1334112868944797,1.6150120044699134,-0.2826899483735619,1.593923216189333,1.5860090741955721,-1.3012407714390484,-0.3298792862677979,-0.9920052759077457,-0.6340606814605939,1.684865452518453,-0.9661052649673734
-0.13713368449399954,0.3336827948589801,-0.8894650126191982,-0.8704029387551875,-0.6266882900949404,0.3077426432501181,1.2469328217345361,-0.9696451747871635,-0.35752796480589355,-0.6340606814605939,-0.5935192026789141,-0.33764192786060904
-0.7731897350227547,1.435423315060685,0.11232579421644646,0.3050230420080638,1.2766930010058655,1.2664424664592087,0.9284111225878381,0.9496524907709334,-1.3092439314586717,1.5771361152633603,-0.5935192026789141,0.9192847463529197
0.8805559963520088,0.35055587714909453,-0.639017310910287,-0.8704029387551875,-1.2611487204618759,-0.6509571799589724,1.5654545208812343,0.6297695465112505,-0.040289309254967536,-0.6340606814605939,1.684865452518453,-1.5945686020741379
1.1349784165635108,1.2518075504891357,-1.6408081177459317,-1.458115929136813,-0.6266882900949404,0.9468758587228451,-0.6641973731456523,0.3098866022515677,1.2286653129487366,1.5771361152633603,-0.5935192026789141,0.6050530777995375
-0.6459785249170037,-1.520556168558911,0.86366889934318,0.3050230420080638,-0.6266882900949404,0.3077426432501181,-1.6197624705857465,-0.9696451747871635,0.2769493462959585,1.5771361152633603,-0.5935192026789141,-0.33764192786060904
0.3717111559290046,-0.977924096459494,-0.639017310910287,0.3050230420080638,-1.5783789356453435,0.3077426432501181,0.9284111225878381,-0.009996342008115089,-0.9920052759077457,1.5771361152633603,-0.5935192026789141,0.9192847463529197
0.24449994582325357,1.4419277217087616,0.86366889934318,-0.8704029387551875,1.593923216189333,-0.6509571799589724,-0.34567567399895416,-1.2895281190468464,-0.6747666203568196,-0.6340606814605939,-0.5935192026789141,1.5477480834596842
-0.13713368449399954,1.216945721324382,-0.639017310910287,1.480449022771315,-1.2611487204618759,-0.3313905722226089,0.60988942344114,-1.2895281190468464,0.9114266573978106,-0.6340606814605939,1.684865452518453,1.5477480834596842
1.3894008367750128,0.945318764185964,1.3645643027610024,0.3050230420080638,0.6422325706389302,-0.3313905722226089,-0.9827190722923503,0.3098866022515677,1.5459039684996627,-0.6340606814605939,-0.5935192026789141,0.6050530777995375
-1.40924578555151,1.0571720783236918,-1.1399127143281094,0.8927360323896893,1.593923216189333,-0.6509571799589724,0.9284111225878381,0.6297695465112505,-0.6747666203568196,1.5771361152633603,-0.5935192026789141,-0.023410259307226837
0.49892236603475565,-0.6630662895127605,0.11232579421644646,-0.8704029387551875,-1.5783789356453435,0.9468758587228451,-0.34567567399895416,-0.9696451747871635,-1.3092439314586717,-0.6340606814605939,-0.5935192026789141,-0.33764192786060904
1.3894008367750128,-0.521224149400462,-0.639017310910287,0.8927360323896893,1.2766930010058655,-1.6096570031680628,-0.027153974852256096,-0.9696451747871635,0.5941880018468845,-0.6340606814605939,-0.5935192026789141,-0.6518735964139912
-1.1548233653400077,-0.8955387806101465,-0.8894650126191982,0.3050230420080638,-1.5783789356453435,-0.011823964486245425,-0.027153974852256096,-0.3298792862677979,-0.040289309254967536,-0.6340606814605939,-0.5935192026789141,0.6050530777995375
-0.7731897350227547,-1.0482682349546781,0.86366889934318,-0.8704029387551875,-0.30945807491147276,1.2664424664592087,0.9284111225878381,0.3098866022515677,0.5941880018468845,-0.6340606814605939,-0.5935192026789141,-1.2803369335207555
1.643823256986515,1.3015312376512644,1.114116601052091,1.480449022771315,-0.9439185052784081,0.3077426432501181,-0.9827190722923503,0.6297695465112505,-1.3092439314586717,1.5771361152633603,-0.5935192026789141,-0.6518735964139912
-1.1548233653400077,-1.4588318434011818,0.6132211976342689,1.480449022771315,0.3250023554554625,1.2664424664592087,-1.6197624705857465,-0.9696451747871635,-0.35752796480589355,-0.6340606814605939,-0.5935192026789141,-0.33764192786060904
-1.0276121552342568,-0.7734677640399087,0.86366889934318,-0.8704029387551875,0.6422325706389302,-0.9705237876953359,1.5654545208812343,-1.2895281190468464,-1.3092439314586717,-0.6340606814605939,1.684865452518453,0.6050530777995375
-0.009922474388248505,0.3619648995319657,1.114116601052091,0.8927360323896893,0.9594627858223979,-0.6509571799589724,0.29136772429444197,-0.009996342008115089,1.2286653129487366,-0.6340606814605939,-0.5935192026789141,0.9192847463529197
-0.2643448945997506,-0.15687757898390428,-0.1381219074924647,-1.458115929136813,0.6422325706389302,1.5860090741955721,1.2469328217345361,0.3098866022515677,-0.040289309254967536,-0.6340606814605939,-0.5935192026789141,-1.5945686020741379
1.1349784165635108,-1.0766525266714662,-0.639017310910287,-0.2826899483735619,0.007772140271994877,1.5860090741955721,-1.3012407714390484,0.9496524907709334,0.9114266573978106,-0.6340606814605939,-0.5935192026789141,1.2335164149063018
-1.536456995657261,-0.4192620988560618,-0.639017310910287,-0.2826899483735619,-0.30945807491147276,0.3077426432501181,0.29136772429444197,-1.2895281190468464,0.9114266573978106,-0.6340606814605939,-0.5935192026789141,-0.33764192786060904
1.2621896266692618,1.1231687622471447,1.6150120044699134,0.8927360323896893,1.2766930010058655,-0.6509571799589724,-0.9827190722923503,0.9496524907709334,0.2769493462959585,-0.6340606814605939,-0.5935192026789141,1.2335164149063018
-1.40924578555151,0.4696937682417015,0.6132211976342689,1.480449022771315,-0.30945807491147276,0.3077426432501181,0.60988942344114,1.589418379290299,-0.6747666203568196,-0.6340606814605939,-0.5935192026789141,0.29082140924615535
-0.5187673148112526,-0.6197116492543093,-0.639017310910287,1.480449022771315,-0.6266882900949404,-1.2900903954316993,0.9284111225878381,-0.009996342008115089,-0.040289309254967536,-0.6340606814605939,-0.5935192026789141,-0.023410259307226837
-0.3915561047055016,0.9063447058111528,-1.1399127143281094,-0.8704029387551875,-0.30945807491147276,1.5860090741955721,-1.3012407714390484,-1.2895281190468464,0.2769493462959585,-0.6340606814605939,-0.5935192026789141,-0.6518735964139912
-1.536456995657261,-0.4996404859198114,-1.6408081177459317,-0.8704029387551875,1.593923216189333,0.6273092509864816,0.29136772429444197,1.269535435030616,1.5459039684996627,-0.6340606814605939,-0.5935192026789141,-1.5945686020741379
0.24449994582325357,-1.3287592531065051,1.6150120044699134,1.480449022771315,0.6422325706389302,0.9468758587228451,-0.9827190722923503,-0.009996342008115089,0.5941880018468845,1.5771361152633603,-0.5935192026789141,-0.6518735964139912
-1.282034575445759,0.37686800728438535,1.6150120044699134,0.8927360323896893,1.593923216189333,-0.6509571799589724,1.2469328217345361,-0.009996342008115089,0.9114266573978106,1.5771361152633603,-0.5935192026789141,-0.9661052649673734
1.643823256986515,-1.1318493619612955,-1.3903604160370207,0.8927360323896893,0.3250023554554625,-1.6096570031680628,0.9284111225878381,-0.6497622305274807,-1.3092439314586717,-0.6340606814605939,-0.5935192026789141,0.29082140924615535
-0.3915561047055016,1.2736568569250537,-1.6408081177459317,-0.8704029387551875,-0.6266882900949404,1.2664424664592087,0.9284111225878381,-0.9696451747871635,-1.3092439314586717,-0.6340606814605939,1.684865452518453,0.29082140924615535
0.11728873571750253,0.243964720550166,-1.3903604160370207,-0.8704029387551875,-0.6266882900949404,0.9468758587228451,0.29136772429444197,1.269535435030616,1.2286653129487366,-0.6340606814605939,-0.5935192026789141,1.2335164149063018
0.49892236603475565,0.18320527141058465,0.86366889934318,0.3050230420080638,-1.2611487204618759,-1.2900903954316993,1.5654545208812343,1.269535435030616,-0.6747666203568196,-0.6340606814605939,-0.5935192026789141,0.9192847463529197
-0.13713368449399954,-1.5981742608018017,1.114116601052091,-1.458115929136813,0.3250023554554625,-0.011823964486245425,-0.9827190722923503,-0.6497622305274807,0.5941880018468845,-0.6340606814605939,1.684865452518453,0.9192847463529197
1.516612046880764,-1.5206297340444925,-0.3885696092013759,-0.2826899483735619,-1.2611487204618759,0.6273092509864816,1.5654545208812343,1.589418379290299,0.9114266573978106,-0.6340606814605939,-0.5935192026789141,1.2335164149063018
0.11728873571750253,-1.4812935970914747,-1.6408081177459317,-0.2826899483735619,-0.6266882900949404,0.6273092509864816,0.9284111225878381,0.6297695465112505,0.2769493462959585,-0.6340606814605939,-0.5935192026789141,-0.33764192786060904
-0.9004009451285058,1.0980487291747976,-1.6408081177459317,-0.8704029387551875,-1.2611487204618759,1.2664424664592087,0.9284111225878381,-1.609411063306529,-1.6264825870095976,-0.6340606814605939,1.684865452518453,-0.9661052649673734
0.7533447862462577,0.7376931271977076,-0.3885696092013759,-1.458115929136813,-0.30945807491147276,0.6273092509864816,-1.6197624705857465,0.6297695465112505,0.9114266573978106,-0.6340606814605939,-0.5935192026789141,1.5477480834596842
-0.9004009451285058,0.27792492881105274,-0.3885696092013759,0.8927360323896893,1.2766930010058655,-1.2900903954316993,-0.34567567399895416,1.269535435030616,-0.040289309254967536,-0.6340606814605939,-0.5935192026789141,0.29082140924615535
1.3894008367750128,-1.267131174889697,-0.1381219074924647,-1.458115929136813,0.6422325706389302,0.3077426432501181,-0.027153974852256096,-1.609411063306529,0.9114266573978106,-0.6340606814605939,-0.5935192026789141,1.5477480834596842
-1.0276121552342568,-1.0911291615180714,-0.1381219074924647,-1.458115929136813,-1.2611487204618759,-0.011823964486245425,0.60988942344114,-1.609411063306529,0.9114266573978106,-0.6340606814605939,-0.5935192026789141,1.5477480834596842
0.7533447862462577,0.33974670224279185,0.86366889934318,0.3050230420080638,-1.5783789356453435,0.6273092509864816,1.5654545208812343,-0.6497622305274807,-0.6747666203568196,1.5771361152633603,-0.5935192026789141,0.9192847463529197
0.7533447862462577,-0.5121496812251233,0.3627734959253576,-1.458115929136813,0.9594627858223979,1.2664424664592087,-1.6197624705857465,1.269535435030616,1.2286653129487366,-0.6340606814605939,1.684865452518453,0.9192847463529197
1.1349784165635108,1.2267747186674556,-0.3885696092013759,-0.8704029387551875,-0.9439185052784081,-1.2900903954316993,1.2469328217345361,-0.009996342008115089,-1.6264825870095976,1.5771361152633603,-0.5935192026789141,1.5477480834596842
-0.9004009451285058,-1.0624960455459764,1.114116601052091,0.3050230420080638,0.9594627858223979,-0.9705237876953359,-0.6641973731456523,0.6297695465112505,-1.6264825870095976,-0.6340606814605939,-0.5935192026789141,0.29082140924615535
-1.40924578555151,-1.527986002557548,-0.8894650126191982,0.3050230420080638,-0.6266882900949404,-0.9705237876953359,-0.34567567399895416,-0.9696451747871635,-0.35752796480589355,1.5771361152633603,1.684865452518453,-0.023410259307226837
1.1349784165635108,0.9148020515605951,-0.3885696092013759,0.3050230420080638,-1.2611487204618759,1.5860090741955721,-1.6197624705857465,-0.9696451747871635,0.2769493462959585,-0.6340606814605939,-0.5935192026789141,0.9192847463529197
0.24449994582325357,1.2590148084223387,1.114116601052091,1.480449022771315,0.6422325706389302,-0.011823964486245425,1.2469328217345361,0.3098866022515677,-1.6264825870095976,-0.6340606814605939,-0.5935192026789141,1.2335164149063018
0.3717111559290046,0.06484262340399732,0.11232579421644646,1.480449022771315,1.593923216189333,0.9468758587228451,-0.6641973731456523,-0.6497622305274807,0.9114266573978106,1.5771361152633603,-0.5935192026789141,-0.33764192786060904
-1.282034575445759,1.0998629817497054,1.114116601052091,0.3050230420080638,-0.30945807491147276,-1.2900903954316993,0.60988942344114,-1.609411063306529,-1.6264825870095976,-0.6340606814605939,-0.5935192026789141,0.29082140924615535
-1.536456995657261,-0.5430343491574656,-0.3885696092013759,-1.458115929136813,-1.5783789356453435,-0.9705237876953359,0.60988942344114,1.269535435030616,-1.6264825870095976,-0.6340606814605939,1.684865452518453,-1.2803369335207555
0.7533447862462577,-1.2195362374867242,-0.1381219074924647,0.8927360323896893,-0.9439185052784081,1.5860090741955721,-0.027153974852256096,0.9496524907709334,-0.9920052759077457,-0.6340606814605939,-0.5935192026789141,1.2335164149063018
1.516612046880764,-1.4187779918337693,1.3645643027610024,0.8927360323896893,-0.30945807491147276,0.9468758587228451,-0.9827190722923503,-1.609411063306529,0.9114266573978106,-0.6340606814605939,1.684865452518453,-0.9661052649673734
-0.6459785249170037,-0.6954583834883885,-0.639017310910287,0.8927360323896893,-0.30945807491147276,0.9468758587228451,-1.3012407714390484,-0.3298792862677979,-0.35752796480589355,-0.6340606814605939,-0.5935192026789141,-1.2803369335207555
-0.13713368449399954,0.024722184341847503,-0.1381219074924647,-0.8704029387551875,0.007772140271994877,-1.6096570031680628,-0.34567567399895416,-0.3298792862677979,0.5941880018468845,1.5771361152633603,1.684865452518453,1.5477480834596842
0.8805559963520088,-1.4211387253070376,0.3627734959253576,-0.2826899483735619,0.3250023554554625,1.5860090741955721,-0.9827190722923503,-0.3298792862677979,-0.6747666203568196,-0.6340606814605939,-0.5935192026789141,1.5477480834596842
0.49892236603475565,1.4942355442992747,-1.6408081177459317,-0.8704029387551875,0.6422325706389302,0.6273092509864816,-1.3012407714390484,-0.3298792862677979,-0.6747666203568196,-0.6340606814605939,-0.5935192026789141,-1.2803369335207555
0.11728873571750253,-0.7073988401437514,1.3645643027610024,0.8927360323896893,1.2766930010058655,-0.3313905722226089,0.60988942344114,-0.3298792862677979,-1.3092439314586717,-0.6340606814605939,-0.5935192026789141,-1.5945686020741379
0.49892236603475565,0.44099820514788507,-1.3903604160370207,-0.2826899483735619,0.6422325706389302,-0.6509571799589724,0.9284111225878381,0.3098866022515677,-1.3092439314586717,-0.6340606814605939,1.684865452518453,-0.33764192786060904
-0.9004009451285058,-0.5840370641389192,1.6150120044699134,0.8927360323896893,0.007772140271994877,1.5860090741955721,-1.6197624705857465,-0.6497622305274807,1.5459039684996627,-0.6340606814605939,-0.5935192026789141,-0.6518735964139912
-0.6459785249170037,1.0834955422159591,0.11232579421644646,1.480449022771315,-1.5783789356453435,-0.9705237876953359,0.60988942344114,1.269535435030616,0.2769493462959585,1.5771361152633603,1.684865452518453,0.29082140924615535
